session_id,condition_label,point_index,repeat_index,scan_direction,pan_deg,tilt_deg,tof_mm,range_status,signal_rate_kcps,ambient_rate_kcps,sigma_mm,corrected_mm,inference_us,ina_bus_V,ina_current_mA,ina_power_mW,x,y,z,env_temp_C,humidity_pct
1,1st scan,1,1,forward,0,170,2071,0,3904,1920,-1.00,2071.00,1,-1.000,-1.00,-1.00,359.63,0.00,2039.54,32.10,64.00
1,1st scan,2,1,forward,1,170,2075,0,3448,1976,-1.00,2075.00,0,-1.000,-1.00,-1.00,360.27,6.29,2043.48,32.10,64.00
1,1st scan,3,1,forward,2,170,2067,0,4080,1952,-1.00,2067.00,1,-1.000,-1.00,-1.00,358.71,12.53,2035.60,32.10,64.00
1,1st scan,4,1,forward,3,170,2067,0,3904,1920,-1.00,2067.00,1,-1.000,-1.00,-1.00,358.44,18.78,2035.60,32.10,64.00
1,1st scan,5,1,forward,4,170,2088,0,2992,1992,-1.00,2088.00,1,-1.000,-1.00,-1.00,361.69,25.29,2056.28,32.10,64.00
1,1st scan,6,1,forward,5,170,2091,0,2904,1968,-1.00,2091.00,1,-1.000,-1.00,-1.00,361.72,31.65,2059.23,32.10,64.00
1,1st scan,7,1,forward,6,170,2111,0,3344,1936,-1.00,2111.00,1,-1.000,-1.00,-1.00,364.56,38.32,2078.93,32.10,64.00
1,1st scan,8,1,forward,7,170,2100,0,3096,1952,-1.00,2100.00,1,-1.000,-1.00,-1.00,361.94,44.44,2068.10,32.10,64.00
1,1st scan,9,1,forward,8,170,2133,0,3224,1944,-1.00,2133.00,1,-1.000,-1.00,-1.00,366.79,51.55,2100.59,32.10,64.00
1,1st scan,10,1,forward,9,170,2116,0,2936,1936,-1.00,2116.00,1,-1.000,-1.00,-1.00,362.92,57.48,2083.85,32.10,64.00
1,1st scan,11,1,forward,10,170,2156,0,2448,2008,-1.00,2156.00,1,-1.000,-1.00,-1.00,368.70,65.01,2123.25,32.10,64.00
1,1st scan,12,1,forward,11,170,2148,0,2728,1976,-1.00,2148.00,1,-1.000,-1.00,-1.00,366.14,71.17,2115.37,32.10,64.00
1,1st scan,13,1,forward,12,170,2176,0,2088,2040,-1.00,2176.00,1,-1.000,-1.00,-1.00,369.60,78.56,2142.94,32.10,64.00
1,1st scan,14,1,forward,13,170,2184,0,2800,1944,-1.00,2184.00,1,-1.000,-1.00,-1.00,369.53,85.31,2150.82,32.10,64.00
1,1st scan,15,1,forward,14,170,2186,0,2744,1920,-1.00,2186.00,1,-1.000,-1.00,-1.00,368.32,91.83,2152.79,32.10,64.00
1,1st scan,16,1,forward,15,170,2214,0,3504,1856,-1.00,2214.00,1,-1.000,-1.00,-1.00,371.36,99.50,2180.36,32.10,64.00
1,1st scan,17,1,forward,16,170,2209,0,2672,1960,-1.00,2209.00,1,-1.000,-1.00,-1.00,368.73,105.73,2175.44,32.10,64.00
1,1st scan,18,1,forward,17,170,2181,0,3328,1840,-1.00,2181.00,1,-1.000,-1.00,-1.00,362.18,110.73,2147.87,32.10,64.00
1,1st scan,19,1,forward,18,170,2240,0,3168,1880,-1.00,2240.00,1,-1.000,-1.00,-1.00,369.93,120.20,2205.97,32.10,64.00
1,1st scan,20,1,forward,19,170,2233,0,3064,1904,-1.00,2233.00,1,-1.000,-1.00,-1.00,366.63,126.24,2199.08,32.10,64.00
1,1st scan,21,1,forward,20,170,2286,0,2584,1904,-1.00,2286.00,1,-1.000,-1.00,-1.00,373.02,135.77,2251.27,32.10,64.00
1,1st scan,22,1,forward,21,170,2296,0,1688,2000,-1.00,2296.00,1,-1.000,-1.00,-1.00,372.22,142.88,2261.12,32.10,64.00
1,1st scan,23,1,forward,22,170,2322,0,2040,1896,-1.00,2322.00,1,-1.000,-1.00,-1.00,373.85,151.05,2286.72,32.10,64.00
1,1st scan,24,1,forward,23,170,2285,0,2544,1896,-1.00,2285.00,1,-1.000,-1.00,-1.00,365.24,155.04,2250.29,32.10,64.00
1,1st scan,25,1,forward,24,170,2359,0,2424,1856,-1.00,2359.00,1,-1.000,-1.00,-1.00,374.22,166.61,2323.16,32.10,64.00
1,1st scan,26,1,forward,25,170,2367,0,1920,1904,-1.00,2367.00,1,-1.000,-1.00,-1.00,372.52,173.71,2331.04,32.10,64.00
1,1st scan,27,1,forward,26,170,2392,0,3048,1784,-1.00,2392.00,1,-1.000,-1.00,-1.00,373.33,182.08,2355.66,32.10,64.00
1,1st scan,28,1,forward,27,170,2462,0,2416,1800,-1.00,2462.00,1,-1.000,-1.00,-1.00,380.92,194.09,2424.60,32.10,64.00
1,1st scan,29,1,forward,28,170,2475,0,1944,1840,-1.00,2475.00,1,-1.000,-1.00,-1.00,379.47,201.77,2437.40,32.10,64.00
1,1st scan,30,1,forward,29,170,2499,0,1680,1856,-1.00,2499.00,1,-1.000,-1.00,-1.00,379.54,210.38,2461.03,32.10,64.00
1,1st scan,31,1,forward,30,170,2441,0,1816,1880,-1.00,2441.00,1,-1.000,-1.00,-1.00,367.09,211.94,2403.92,32.10,64.00
1,1st scan,32,1,forward,31,170,2505,0,1280,1880,-1.00,2505.00,1,-1.000,-1.00,-1.00,372.86,224.04,2466.94,32.10,64.00
1,1st scan,33,1,forward,32,170,2492,0,2016,1800,-1.00,2492.00,1,-1.000,-1.00,-1.00,366.98,229.31,2454.14,32.10,64.00
1,1st scan,34,1,forward,33,170,2489,0,2432,1736,-1.00,2489.00,1,-1.000,-1.00,-1.00,362.48,235.40,2451.19,32.10,64.00
1,1st scan,35,1,forward,34,170,2552,0,1328,1808,-1.00,2552.00,1,-1.000,-1.00,-1.00,367.39,247.81,2513.23,32.10,64.00
1,1st scan,36,1,forward,35,170,2530,0,1416,1792,-1.00,2530.00,1,-1.000,-1.00,-1.00,359.88,251.99,2491.56,32.10,64.00
1,1st scan,37,1,forward,36,170,2518,0,2608,1696,-1.00,2518.00,1,-1.000,-1.00,-1.00,353.74,257.01,2479.75,32.10,64.00
1,1st scan,38,1,forward,37,170,2549,0,2416,1696,-1.00,2549.00,1,-1.000,-1.00,-1.00,353.50,266.38,2510.27,32.10,64.00
1,1st scan,39,1,forward,38,170,2532,0,2176,1744,-1.00,2532.00,1,-1.000,-1.00,-1.00,346.47,270.69,2493.53,32.10,64.00
1,1st scan,40,1,forward,39,170,2519,0,2072,1704,-1.00,2519.00,1,-1.000,-1.00,-1.00,339.94,275.28,2480.73,32.10,64.00
1,1st scan,41,1,forward,40,170,2482,0,2568,1648,-1.00,2482.00,1,-1.000,-1.00,-1.00,330.16,277.04,2444.29,32.10,64.00
1,1st scan,42,1,forward,41,170,2490,0,2088,1696,-1.00,2490.00,1,-1.000,-1.00,-1.00,326.32,283.67,2452.17,32.10,64.00
1,1st scan,43,1,forward,42,170,2410,0,1984,1712,-1.00,2410.00,1,-1.000,-1.00,-1.00,311.00,280.03,2373.39,32.10,64.00
1,1st scan,44,1,forward,43,170,2446,0,1792,1688,-1.00,2446.00,1,-1.000,-1.00,-1.00,310.64,289.67,2408.84,32.10,64.00
1,1st scan,45,1,forward,44,170,2405,0,2696,1616,-1.00,2405.00,1,-1.000,-1.00,-1.00,300.41,290.11,2368.46,32.10,64.00
1,1st scan,46,1,forward,45,170,2367,0,1992,1688,-1.00,2367.00,1,-1.000,-1.00,-1.00,290.64,290.64,2331.04,32.10,64.00
1,1st scan,47,1,forward,46,170,2337,0,2456,1680,-1.00,2337.00,1,-1.000,-1.00,-1.00,281.90,291.92,2301.50,32.10,64.00
1,1st scan,48,1,forward,47,170,2387,0,2056,1680,-1.00,2387.00,1,-1.000,-1.00,-1.00,282.69,303.14,2350.74,32.10,64.00
1,1st scan,49,1,forward,48,170,2370,0,2280,1680,-1.00,2370.00,1,-1.000,-1.00,-1.00,275.38,305.84,2333.99,32.10,64.00
1,1st scan,50,1,forward,49,170,2309,0,2256,1672,-1.00,2309.00,1,-1.000,-1.00,-1.00,263.05,302.60,2273.92,32.10,64.00
1,1st scan,51,1,forward,50,170,2244,0,3176,1576,-1.00,2244.00,1,-1.000,-1.00,-1.00,250.47,298.50,2209.91,32.10,64.00
1,1st scan,52,1,forward,51,170,2259,0,2624,1680,-1.00,2259.00,1,-1.000,-1.00,-1.00,246.86,304.85,2224.68,32.10,64.00
1,1st scan,53,1,forward,52,170,2203,0,1728,1688,-1.00,2203.00,1,-1.000,-1.00,-1.00,235.52,301.45,2169.53,32.10,64.00
1,1st scan,54,1,forward,53,170,2191,0,1928,1696,-1.00,2191.00,1,-1.000,-1.00,-1.00,228.97,303.85,2157.71,32.10,64.00
1,1st scan,55,1,forward,54,170,2172,0,2032,1696,-1.00,2172.00,1,-1.000,-1.00,-1.00,221.69,305.13,2139.00,32.10,64.00
1,1st scan,56,1,forward,55,170,2156,0,2296,1672,-1.00,2156.00,1,-1.000,-1.00,-1.00,214.74,306.68,2123.25,32.10,64.00
1,1st scan,57,1,forward,56,170,2163,0,3184,1568,-1.00,2163.00,1,-1.000,-1.00,-1.00,210.03,311.39,2130.14,32.10,64.00
1,1st scan,58,1,forward,57,170,2154,0,3528,1560,-1.00,2154.00,1,-1.000,-1.00,-1.00,203.72,313.69,2121.28,32.10,64.00
1,1st scan,59,1,forward,58,170,2088,0,2904,1624,-1.00,2088.00,1,-1.000,-1.00,-1.00,192.14,307.48,2056.28,32.10,64.00
1,1st scan,60,1,forward,59,170,2083,0,2696,1640,-1.00,2083.00,1,-1.000,-1.00,-1.00,186.29,310.05,2051.35,32.10,64.00
1,1st scan,61,1,forward,60,170,2072,0,2864,1648,-1.00,2072.00,1,-1.000,-1.00,-1.00,179.90,311.60,2040.52,32.10,64.00
1,1st scan,62,1,forward,61,170,2063,0,2976,1576,-1.00,2063.00,1,-1.000,-1.00,-1.00,173.68,313.32,2031.66,32.10,64.00
1,1st scan,63,1,forward,62,170,2032,0,2112,1672,-1.00,2032.00,1,-1.000,-1.00,-1.00,165.65,311.55,2001.13,32.10,64.00
1,1st scan,64,1,forward,63,170,2041,0,2528,1648,-1.00,2041.00,1,-1.000,-1.00,-1.00,160.90,315.79,2009.99,32.10,64.00
1,1st scan,65,1,forward,64,170,2031,0,3088,1648,-1.00,2031.00,1,-1.000,-1.00,-1.00,154.60,316.99,2000.14,32.10,64.00
1,1st scan,66,1,forward,65,170,2014,0,3184,1568,-1.00,2014.00,1,-1.000,-1.00,-1.00,147.80,316.96,1983.40,32.10,64.00
1,1st scan,67,1,forward,66,170,1987,0,2960,1624,-1.00,1987.00,1,-1.000,-1.00,-1.00,140.34,315.21,1956.81,32.10,64.00
1,1st scan,68,1,forward,67,170,1977,0,3728,1552,-1.00,1977.00,1,-1.000,-1.00,-1.00,134.14,316.01,1946.96,32.10,64.00
1,1st scan,69,1,forward,68,170,2002,0,3568,1568,-1.00,2002.00,1,-1.000,-1.00,-1.00,130.23,322.33,1971.59,32.10,64.00
1,1st scan,70,1,forward,69,170,1951,0,3216,1560,-1.00,1951.00,1,-1.000,-1.00,-1.00,121.41,316.29,1921.36,32.10,64.00
1,1st scan,71,1,forward,70,170,1974,0,3136,1600,-1.00,1974.00,1,-1.000,-1.00,-1.00,117.24,322.11,1944.01,32.10,64.00
1,1st scan,72,1,forward,71,170,1943,0,3640,1584,-1.00,1943.00,1,-1.000,-1.00,-1.00,109.85,319.02,1913.48,32.10,64.00
1,1st scan,73,1,forward,72,170,1950,0,3088,1616,-1.00,1950.00,1,-1.000,-1.00,-1.00,104.64,322.04,1920.38,32.10,64.00
1,1st scan,74,1,forward,73,170,1952,0,3280,1600,-1.00,1952.00,1,-1.000,-1.00,-1.00,99.10,324.15,1922.34,32.10,64.00
1,1st scan,75,1,forward,74,170,1941,0,3568,1560,-1.00,1941.00,1,-1.000,-1.00,-1.00,92.90,323.99,1911.51,32.10,64.00
1,1st scan,76,1,forward,75,170,1915,0,3512,1576,-1.00,1915.00,1,-1.000,-1.00,-1.00,86.07,321.21,1885.91,32.10,64.00
1,1st scan,77,1,forward,76,170,1927,0,3000,1608,-1.00,1927.00,1,-1.000,-1.00,-1.00,80.95,324.68,1897.72,32.10,64.00
1,1st scan,78,1,forward,77,170,1906,0,4104,1528,-1.00,1906.00,1,-1.000,-1.00,-1.00,74.45,322.49,1877.04,32.10,64.00
1,1st scan,79,1,forward,78,170,1895,0,3872,1552,-1.00,1895.00,1,-1.000,-1.00,-1.00,68.42,321.87,1866.21,32.10,64.00
1,1st scan,80,1,forward,79,170,1897,0,3824,1592,-1.00,1897.00,1,-1.000,-1.00,-1.00,62.85,323.36,1868.18,32.10,64.00
1,1st scan,81,1,forward,80,170,1882,0,4776,1496,-1.00,1882.00,1,-1.000,-1.00,-1.00,56.75,321.84,1853.41,32.10,64.00
1,1st scan,82,1,forward,81,170,1891,0,3256,1624,-1.00,1891.00,1,-1.000,-1.00,-1.00,51.37,324.33,1862.27,32.10,64.00
1,1st scan,83,1,forward,82,170,1869,0,4856,1528,-1.00,1869.00,1,-1.000,-1.00,-1.00,45.17,321.39,1840.61,32.10,64.00
1,1st scan,84,1,forward,83,170,1864,0,4088,1568,-1.00,1864.00,1,-1.000,-1.00,-1.00,39.45,321.27,1835.68,32.10,64.00
1,1st scan,85,1,forward,84,170,1878,0,4624,1488,-1.00,1878.00,1,-1.000,-1.00,-1.00,34.09,324.32,1849.47,32.10,64.00
1,1st scan,86,1,forward,85,170,1869,0,5056,1464,-1.00,1869.00,1,-1.000,-1.00,-1.00,28.29,323.31,1840.61,32.10,64.00
1,1st scan,87,1,forward,86,170,1879,0,4200,1544,-1.00,1879.00,1,-1.000,-1.00,-1.00,22.76,325.49,1850.45,32.10,64.00
1,1st scan,88,1,forward,87,170,1876,0,3584,1600,-1.00,1876.00,1,-1.000,-1.00,-1.00,17.05,325.32,1847.50,32.10,64.00
1,1st scan,89,1,forward,88,170,1859,0,4800,1504,-1.00,1859.00,1,-1.000,-1.00,-1.00,11.27,322.62,1830.76,32.10,64.00
1,1st scan,90,1,forward,89,170,1874,0,4744,1512,-1.00,1874.00,1,-1.000,-1.00,-1.00,5.68,325.37,1845.53,32.10,64.00
1,1st scan,91,1,forward,90,170,1877,0,5264,1464,-1.00,1877.00,1,-1.000,-1.00,-1.00,-0.00,325.94,1848.48,32.10,64.00
1,1st scan,92,1,forward,91,170,1864,0,4592,1488,-1.00,1864.00,1,-1.000,-1.00,-1.00,-5.65,323.63,1835.68,32.10,64.00
1,1st scan,93,1,forward,92,170,1868,0,4864,1472,-1.00,1868.00,1,-1.000,-1.00,-1.00,-11.32,324.18,1839.62,32.10,64.00
1,1st scan,94,1,forward,93,170,1862,0,4240,1512,-1.00,1862.00,1,-1.000,-1.00,-1.00,-16.92,322.89,1833.71,32.10,64.00
1,1st scan,95,1,forward,94,170,1866,0,3800,1560,-1.00,1866.00,1,-1.000,-1.00,-1.00,-22.60,323.24,1837.65,32.10,64.00
1,1st scan,96,1,forward,95,170,1869,0,4608,1464,-1.00,1869.00,1,-1.000,-1.00,-1.00,-28.29,323.31,1840.61,32.10,64.00
1,1st scan,97,1,forward,96,170,1876,0,4040,1472,-1.00,1876.00,1,-1.000,-1.00,-1.00,-34.05,323.98,1847.50,32.10,64.00
1,1st scan,98,1,forward,97,170,1872,0,3848,1504,-1.00,1872.00,1,-1.000,-1.00,-1.00,-39.62,322.65,1843.56,32.10,64.00
1,1st scan,99,1,forward,98,170,1883,0,4456,1448,-1.00,1883.00,1,-1.000,-1.00,-1.00,-45.51,323.80,1854.39,32.10,64.00
1,1st scan,100,1,forward,99,170,1876,0,4424,1392,-1.00,1876.00,1,-1.000,-1.00,-1.00,-50.96,321.75,1847.50,32.10,64.00
1,1st scan,101,1,forward,100,170,1847,0,4272,1440,-1.00,1847.00,1,-1.000,-1.00,-1.00,-55.69,315.86,1818.94,32.10,64.00
1,1st scan,102,1,forward,101,170,1864,0,3768,1440,-1.00,1864.00,1,-1.000,-1.00,-1.00,-61.76,317.73,1835.68,32.10,64.00
1,1st scan,103,1,forward,102,170,1857,0,4176,1384,-1.00,1857.00,1,-1.000,-1.00,-1.00,-67.04,315.42,1828.79,32.10,64.00
1,1st scan,104,1,forward,103,170,1866,0,3976,1360,-1.00,1866.00,1,-1.000,-1.00,-1.00,-72.89,315.72,1837.65,32.10,64.00
1,1st scan,105,1,forward,104,170,1831,0,3424,1392,-1.00,1831.00,1,-1.000,-1.00,-1.00,-76.92,308.51,1803.18,32.10,64.00
1,1st scan,106,1,forward,105,170,1796,0,3600,1336,-1.00,1796.00,1,-1.000,-1.00,-1.00,-80.72,301.25,1768.71,32.10,64.00
1,1st scan,107,1,forward,106,170,1795,0,3512,1352,-1.00,1795.00,1,-1.000,-1.00,-1.00,-85.92,299.62,1767.73,32.10,64.00
1,1st scan,108,1,forward,107,170,1686,0,3720,1288,-1.00,1686.00,1,-1.000,-1.00,-1.00,-85.60,279.98,1660.39,32.10,64.00
1,1st scan,109,1,forward,108,170,1569,0,3608,1304,-1.00,1569.00,1,-1.000,-1.00,-1.00,-84.19,259.12,1545.16,32.10,64.00
1,1st scan,110,1,forward,109,170,1138,0,4624,1192,-1.00,1138.00,1,-1.000,-1.00,-1.00,-64.34,186.85,1120.71,32.10,64.00
1,1st scan,111,1,forward,110,170,1149,0,4752,1176,-1.00,1149.00,1,-1.000,-1.00,-1.00,-68.24,187.49,1131.54,32.10,64.00
1,1st scan,112,1,forward,111,170,753,0,4624,1184,-1.00,753.00,1,-1.000,-1.00,-1.00,-46.86,122.07,741.56,32.10,64.00
1,1st scan,113,1,forward,112,170,778,0,4544,1232,-1.00,778.00,1,-1.000,-1.00,-1.00,-50.61,125.26,766.18,32.10,64.00
1,1st scan,114,1,forward,113,170,562,0,5056,1168,-1.00,562.00,1,-1.000,-1.00,-1.00,-38.13,89.83,553.46,32.10,64.00
1,1st scan,115,1,forward,114,170,439,0,6096,1120,-1.00,439.00,1,-1.000,-1.00,-1.00,-31.01,69.64,432.33,32.10,64.00
1,1st scan,116,1,forward,115,170,444,0,6192,1120,-1.00,444.00,1,-1.000,-1.00,-1.00,-32.58,69.88,437.25,32.10,64.00
1,1st scan,117,1,forward,116,170,348,0,6232,1144,-1.00,348.00,1,-1.000,-1.00,-1.00,-26.49,54.31,342.71,32.10,64.00
1,1st scan,118,1,forward,117,170,339,0,7640,1008,-1.00,339.00,1,-1.000,-1.00,-1.00,-26.72,52.45,333.85,32.10,64.00
1,1st scan,119,1,forward,118,170,316,0,7192,1080,-1.00,316.00,1,-1.000,-1.00,-1.00,-25.76,48.45,311.20,32.10,64.00
1,1st scan,120,1,forward,119,170,314,0,7000,1096,-1.00,314.00,1,-1.000,-1.00,-1.00,-26.43,47.69,309.23,32.10,64.00
1,1st scan,121,1,forward,120,170,276,0,8880,1008,-1.00,276.00,1,-1.000,-1.00,-1.00,-23.96,41.51,271.81,32.10,64.00
1,1st scan,122,1,forward,121,170,280,0,8224,1056,-1.00,280.00,1,-1.000,-1.00,-1.00,-25.04,41.68,275.75,32.10,64.00
1,1st scan,123,1,forward,122,170,256,0,9296,1048,-1.00,256.00,1,-1.000,-1.00,-1.00,-23.56,37.70,252.11,32.10,64.00
1,1st scan,124,1,forward,123,170,261,0,9104,1048,-1.00,261.00,1,-1.000,-1.00,-1.00,-24.68,38.01,257.03,32.10,64.00
1,1st scan,125,1,forward,124,170,235,0,12424,1008,-1.00,235.00,1,-1.000,-1.00,-1.00,-22.82,33.83,231.43,32.10,64.00
1,1st scan,126,1,forward,125,170,231,0,12920,960,-1.00,231.00,1,-1.000,-1.00,-1.00,-23.01,32.86,227.49,32.10,64.00
1,1st scan,127,1,forward,126,170,223,0,14664,992,-1.00,223.00,1,-1.000,-1.00,-1.00,-22.76,31.33,219.61,32.10,64.00
1,1st scan,128,1,forward,127,170,230,0,13440,1016,-1.00,230.00,1,-1.000,-1.00,-1.00,-24.04,31.90,226.51,32.10,64.00
1,1st scan,129,1,forward,128,170,217,0,15952,952,-1.00,217.00,1,-1.000,-1.00,-1.00,-23.20,29.69,213.70,32.10,64.00
1,1st scan,130,1,forward,129,170,227,0,14304,960,-1.00,227.00,1,-1.000,-1.00,-1.00,-24.81,30.63,223.55,32.10,64.00
1,1st scan,131,1,forward,130,170,225,0,14240,944,-1.00,225.00,1,-1.000,-1.00,-1.00,-25.11,29.93,221.58,32.10,64.00
1,1st scan,132,1,forward,131,170,312,0,7168,1056,-1.00,312.00,1,-1.000,-1.00,-1.00,-35.54,40.89,307.26,32.10,64.00
1,1st scan,133,1,forward,132,170,506,0,5176,1200,-1.00,506.00,1,-1.000,-1.00,-1.00,-58.79,65.30,498.31,32.10,64.00
1,1st scan,134,1,forward,133,170,698,0,4824,1200,-1.00,698.00,1,-1.000,-1.00,-1.00,-82.66,88.64,687.40,32.10,64.00
1,1st scan,135,1,forward,134,170,1505,0,3760,1304,-1.00,1505.00,1,-1.000,-1.00,-1.00,-181.54,187.99,1482.14,32.10,64.00
1,1st scan,136,1,forward,135,170,1209,0,4048,1256,-1.00,1209.00,1,-1.000,-1.00,-1.00,-148.45,148.45,1190.63,32.10,64.00
1,1st scan,137,1,forward,136,170,1758,0,3304,1376,-1.00,1758.00,1,-1.000,-1.00,-1.00,-219.60,212.06,1731.29,32.10,64.00
1,1st scan,138,1,forward,137,170,1859,0,4304,1480,-1.00,1859.00,1,-1.000,-1.00,-1.00,-236.09,220.16,1830.76,32.10,64.00
1,1st scan,139,1,forward,138,170,1868,0,4584,1504,-1.00,1868.00,1,-1.000,-1.00,-1.00,-241.06,217.05,1839.62,32.10,64.00
1,1st scan,140,1,forward,139,170,1903,0,3392,1560,-1.00,1903.00,1,-1.000,-1.00,-1.00,-249.40,216.80,1874.09,32.10,64.00
1,1st scan,141,1,forward,140,170,1912,0,4608,1448,-1.00,1912.00,1,-1.000,-1.00,-1.00,-254.34,213.42,1882.95,32.10,64.00
1,1st scan,142,1,forward,141,170,1905,0,3592,1504,-1.00,1905.00,1,-1.000,-1.00,-1.00,-257.08,208.18,1876.06,32.10,64.00
1,1st scan,143,1,forward,142,170,1948,0,3560,1552,-1.00,1948.00,1,-1.000,-1.00,-1.00,-266.56,208.26,1918.41,32.10,64.00
1,1st scan,144,1,forward,143,170,1940,0,3600,1544,-1.00,1940.00,1,-1.000,-1.00,-1.00,-269.04,202.74,1910.53,32.10,64.00
1,1st scan,145,1,forward,144,170,1933,0,2488,1608,-1.00,1933.00,1,-1.000,-1.00,-1.00,-271.56,197.30,1903.63,32.10,64.00
1,1st scan,146,1,forward,145,170,1920,0,3392,1552,-1.00,1920.00,1,-1.000,-1.00,-1.00,-273.11,191.23,1890.83,32.10,64.00
1,1st scan,147,1,forward,146,170,1938,0,3400,1536,-1.00,1938.00,1,-1.000,-1.00,-1.00,-279.00,188.19,1908.56,32.10,64.00
1,1st scan,148,1,forward,147,170,1913,0,3960,1496,-1.00,1913.00,1,-1.000,-1.00,-1.00,-278.60,180.92,1883.94,32.10,64.00
1,1st scan,149,1,forward,148,170,1917,0,3384,1528,-1.00,1917.00,1,-1.000,-1.00,-1.00,-282.30,176.40,1887.88,32.10,64.00
1,1st scan,150,1,forward,149,170,1889,0,4056,1480,-1.00,1889.00,1,-1.000,-1.00,-1.00,-281.17,168.94,1860.30,32.10,64.00
1,1st scan,151,1,forward,150,170,1895,0,3256,1568,-1.00,1895.00,1,-1.000,-1.00,-1.00,-284.98,164.53,1866.21,32.10,64.00
1,1st scan,152,1,forward,151,170,1877,0,3624,1536,-1.00,1877.00,1,-1.000,-1.00,-1.00,-285.07,158.02,1848.48,32.10,64.00
1,1st scan,153,1,forward,152,170,1893,0,4576,1472,-1.00,1893.00,1,-1.000,-1.00,-1.00,-290.24,154.32,1864.24,32.10,64.00
1,1st scan,154,1,forward,153,170,1877,0,3600,1528,-1.00,1877.00,1,-1.000,-1.00,-1.00,-290.41,147.97,1848.48,32.10,64.00
1,1st scan,155,1,forward,154,170,1901,0,3216,1552,-1.00,1901.00,1,-1.000,-1.00,-1.00,-296.70,144.71,1872.12,32.10,64.00
1,1st scan,156,1,forward,155,170,1926,0,3432,1512,-1.00,1926.00,1,-1.000,-1.00,-1.00,-303.11,141.34,1896.74,32.10,64.00
1,1st scan,157,1,forward,156,170,1938,0,3000,1544,-1.00,1938.00,1,-1.000,-1.00,-1.00,-307.44,136.88,1908.56,32.10,64.00
1,1st scan,158,1,forward,157,170,1993,0,3000,1568,-1.00,1993.00,1,-1.000,-1.00,-1.00,-318.57,135.22,1962.72,32.10,64.00
1,1st scan,159,1,forward,158,170,2010,0,2688,1600,-1.00,2010.00,1,-1.000,-1.00,-1.00,-323.62,130.75,1979.46,32.10,64.00
1,1st scan,160,1,forward,159,170,2002,0,3736,1544,-1.00,2002.00,1,-1.000,-1.00,-1.00,-324.55,124.58,1971.59,32.10,64.00
1,1st scan,161,1,forward,160,170,1943,0,3488,1528,-1.00,1943.00,1,-1.000,-1.00,-1.00,-317.05,115.40,1913.48,32.10,64.00
1,1st scan,162,1,forward,161,170,1958,0,2600,1584,-1.00,1958.00,1,-1.000,-1.00,-1.00,-321.48,110.69,1928.25,32.10,64.00
1,1st scan,163,1,forward,162,170,1926,0,3512,1528,-1.00,1926.00,1,-1.000,-1.00,-1.00,-318.08,103.35,1896.74,32.10,64.00
1,1st scan,164,1,forward,163,170,1953,0,3176,1528,-1.00,1953.00,1,-1.000,-1.00,-1.00,-324.32,99.15,1923.33,32.10,64.00
1,1st scan,165,1,forward,164,170,1916,0,3744,1520,-1.00,1916.00,1,-1.000,-1.00,-1.00,-319.82,91.71,1886.89,32.10,64.00
1,1st scan,166,1,forward,165,170,1930,0,3112,1560,-1.00,1930.00,1,-1.000,-1.00,-1.00,-323.72,86.74,1900.68,32.10,64.00
1,1st scan,167,1,forward,166,170,1913,0,3128,1528,-1.00,1913.00,1,-1.000,-1.00,-1.00,-322.32,80.36,1883.94,32.10,64.00
1,1st scan,168,1,forward,167,170,1926,0,3000,1568,-1.00,1926.00,1,-1.000,-1.00,-1.00,-325.87,75.23,1896.74,32.10,64.00
1,1st scan,169,1,forward,168,170,1898,0,3456,1512,-1.00,1898.00,1,-1.000,-1.00,-1.00,-322.38,68.52,1869.17,32.10,64.00
1,1st scan,170,1,forward,169,170,1880,0,4064,1456,-1.00,1880.00,1,-1.000,-1.00,-1.00,-320.46,62.29,1851.44,32.10,64.00
1,1st scan,171,1,forward,170,170,1877,0,3776,1456,-1.00,1877.00,1,-1.000,-1.00,-1.00,-320.99,56.60,1848.48,32.10,64.00
1,1st scan,172,1,forward,171,170,1868,0,3648,1488,-1.00,1868.00,1,-1.000,-1.00,-1.00,-320.38,50.74,1839.62,32.10,64.00
1,1st scan,173,1,forward,172,170,1867,0,3840,1512,-1.00,1867.00,1,-1.000,-1.00,-1.00,-321.05,45.12,1838.64,32.10,64.00
1,1st scan,174,1,forward,173,170,1870,0,4944,1400,-1.00,1870.00,1,-1.000,-1.00,-1.00,-322.30,39.57,1841.59,32.10,64.00
1,1st scan,175,1,forward,174,170,1862,0,4800,1424,-1.00,1862.00,1,-1.000,-1.00,-1.00,-321.56,33.80,1833.71,32.10,64.00
1,1st scan,176,1,forward,175,170,1861,0,4952,1424,-1.00,1861.00,1,-1.000,-1.00,-1.00,-321.93,28.17,1832.73,32.10,64.00
1,1st scan,177,1,forward,176,170,1863,0,4960,1432,-1.00,1863.00,1,-1.000,-1.00,-1.00,-322.72,22.57,1834.70,32.10,64.00
1,1st scan,178,1,forward,177,170,1858,0,4960,1424,-1.00,1858.00,1,-1.000,-1.00,-1.00,-322.20,16.89,1829.77,32.10,64.00
1,1st scan,179,1,forward,178,170,1845,0,5552,1368,-1.00,1845.00,1,-1.000,-1.00,-1.00,-320.19,11.18,1816.97,32.10,64.00
1,1st scan,180,1,forward,179,170,1834,0,4440,1432,-1.00,1834.00,1,-1.000,-1.00,-1.00,-318.42,5.56,1806.14,32.10,64.00
1,1st scan,181,1,forward,180,170,1845,0,4672,1408,-1.00,1845.00,1,-1.000,-1.00,-1.00,-320.38,-0.00,1816.97,32.10,64.00
1,1st scan,182,1,backward,180,165,1864,0,5568,1352,-1.00,1864.00,1,-1.000,-1.00,-1.00,-482.44,-0.00,1800.49,31.80,64.00
1,1st scan,183,1,backward,179,165,1857,0,4480,1472,-1.00,1857.00,0,-1.000,-1.00,-1.00,-480.55,8.39,1793.72,31.80,64.00
1,1st scan,184,1,backward,178,165,1852,0,4560,1464,-1.00,1852.00,1,-1.000,-1.00,-1.00,-479.04,16.73,1788.89,31.80,64.00
1,1st scan,185,1,backward,177,165,1865,0,5360,1408,-1.00,1865.00,1,-1.000,-1.00,-1.00,-482.04,25.26,1801.45,31.80,64.00
1,1st scan,186,1,backward,176,165,1866,0,5160,1440,-1.00,1866.00,1,-1.000,-1.00,-1.00,-481.78,33.69,1802.42,31.80,64.00
1,1st scan,187,1,backward,175,165,1868,0,5384,1432,-1.00,1868.00,1,-1.000,-1.00,-1.00,-481.63,42.14,1804.35,31.80,64.00
1,1st scan,188,1,backward,174,165,1864,0,4856,1400,-1.00,1864.00,1,-1.000,-1.00,-1.00,-479.80,50.43,1800.49,31.80,64.00
1,1st scan,189,1,backward,173,165,1869,0,4872,1416,-1.00,1869.00,1,-1.000,-1.00,-1.00,-480.13,58.95,1805.32,31.80,64.00
1,1st scan,190,1,backward,172,165,1884,0,3552,1536,-1.00,1884.00,1,-1.000,-1.00,-1.00,-482.87,67.86,1819.80,31.80,64.00
1,1st scan,191,1,backward,171,165,1887,0,4336,1456,-1.00,1887.00,1,-1.000,-1.00,-1.00,-482.38,76.40,1822.70,31.80,64.00
1,1st scan,192,1,backward,170,165,1879,0,3984,1456,-1.00,1879.00,1,-1.000,-1.00,-1.00,-478.93,84.45,1814.97,31.80,64.00
1,1st scan,193,1,backward,169,165,1878,0,3792,1480,-1.00,1878.00,1,-1.000,-1.00,-1.00,-477.13,92.75,1814.01,31.80,64.00
1,1st scan,194,1,backward,168,165,1918,0,3608,1520,-1.00,1918.00,1,-1.000,-1.00,-1.00,-485.57,103.21,1852.65,31.80,64.00
1,1st scan,195,1,backward,167,165,1924,0,3248,1520,-1.00,1924.00,1,-1.000,-1.00,-1.00,-485.21,112.02,1858.44,31.80,64.00
1,1st scan,196,1,backward,166,165,1924,0,3640,1504,-1.00,1924.00,1,-1.000,-1.00,-1.00,-483.18,120.47,1858.44,31.80,64.00
1,1st scan,197,1,backward,165,165,1932,0,3272,1528,-1.00,1932.00,1,-1.000,-1.00,-1.00,-483.00,129.42,1866.17,31.80,64.00
1,1st scan,198,1,backward,164,165,1946,0,4184,1456,-1.00,1946.00,1,-1.000,-1.00,-1.00,-484.15,138.83,1879.69,31.80,64.00
1,1st scan,199,1,backward,163,165,1976,0,3400,1504,-1.00,1976.00,1,-1.000,-1.00,-1.00,-489.08,149.53,1908.67,31.80,64.00
1,1st scan,200,1,backward,162,165,1959,0,2544,1568,-1.00,1959.00,1,-1.000,-1.00,-1.00,-482.21,156.68,1892.25,31.80,64.00
1,1st scan,201,1,backward,161,165,1965,0,3672,1504,-1.00,1965.00,1,-1.000,-1.00,-1.00,-480.87,165.58,1898.04,31.80,64.00
1,1st scan,202,1,backward,160,165,1994,0,2776,1552,-1.00,1994.00,1,-1.000,-1.00,-1.00,-484.96,176.51,1926.06,31.80,64.00
1,1st scan,203,1,backward,159,165,2004,0,3344,1520,-1.00,2004.00,1,-1.000,-1.00,-1.00,-484.22,185.88,1935.72,31.80,64.00
1,1st scan,204,1,backward,158,165,1998,0,3352,1536,-1.00,1998.00,1,-1.000,-1.00,-1.00,-479.47,193.72,1929.92,31.80,64.00
1,1st scan,205,1,backward,157,165,2017,0,3016,1584,-1.00,2017.00,1,-1.000,-1.00,-1.00,-480.54,203.98,1948.27,31.80,64.00
1,1st scan,206,1,backward,156,165,2047,0,2704,1584,-1.00,2047.00,1,-1.000,-1.00,-1.00,-484.00,215.49,1977.25,31.80,64.00
1,1st scan,207,1,backward,155,165,2073,0,2344,1624,-1.00,2073.00,1,-1.000,-1.00,-1.00,-486.26,226.75,2002.36,31.80,64.00
1,1st scan,208,1,backward,154,165,2077,0,2792,1592,-1.00,2077.00,1,-1.000,-1.00,-1.00,-483.16,235.65,2006.23,31.80,64.00
1,1st scan,209,1,backward,153,165,2092,0,2696,1592,-1.00,2092.00,1,-1.000,-1.00,-1.00,-482.44,245.81,2020.72,31.80,64.00
1,1st scan,210,1,backward,152,165,2081,0,3280,1520,-1.00,2081.00,1,-1.000,-1.00,-1.00,-475.56,252.86,2010.09,31.80,64.00
1,1st scan,211,1,backward,151,165,2119,0,2912,1568,-1.00,2119.00,1,-1.000,-1.00,-1.00,-479.67,265.89,2046.80,31.80,64.00
1,1st scan,212,1,backward,150,165,2115,0,2464,1632,-1.00,2115.00,1,-1.000,-1.00,-1.00,-474.06,273.70,2042.93,31.80,64.00
1,1st scan,213,1,backward,149,165,2154,0,3184,1528,-1.00,2154.00,1,-1.000,-1.00,-1.00,-477.87,287.13,2080.60,31.80,64.00
1,1st scan,214,1,backward,148,165,2214,0,2552,1656,-1.00,2214.00,1,-1.000,-1.00,-1.00,-485.95,303.66,2138.56,31.80,64.00
1,1st scan,215,1,backward,147,165,2247,0,2040,1616,-1.00,2247.00,1,-1.000,-1.00,-1.00,-487.74,316.74,2170.44,31.80,64.00
1,1st scan,216,1,backward,146,165,2241,0,2312,1640,-1.00,2241.00,1,-1.000,-1.00,-1.00,-480.85,324.34,2164.64,31.80,64.00
1,1st scan,217,1,backward,145,165,2259,0,2472,1656,-1.00,2259.00,1,-1.000,-1.00,-1.00,-478.94,335.35,2182.03,31.80,64.00
1,1st scan,218,1,backward,144,165,2304,0,3144,1568,-1.00,2304.00,1,-1.000,-1.00,-1.00,-482.43,350.51,2225.49,31.80,64.00
1,1st scan,219,1,backward,143,165,2298,0,1784,1672,-1.00,2298.00,1,-1.000,-1.00,-1.00,-475.00,357.94,2219.70,31.80,64.00
1,1st scan,220,1,backward,142,165,2341,0,1632,1712,-1.00,2341.00,1,-1.000,-1.00,-1.00,-477.45,373.03,2261.23,31.80,64.00
1,1st scan,221,1,backward,141,165,2327,0,2048,1672,-1.00,2327.00,1,-1.000,-1.00,-1.00,-468.05,379.02,2247.71,31.80,64.00
1,1st scan,222,1,backward,140,165,2402,0,2824,1584,-1.00,2402.00,1,-1.000,-1.00,-1.00,-476.24,399.61,2320.15,31.80,64.00
1,1st scan,223,1,backward,139,165,2385,0,1912,1680,-1.00,2385.00,1,-1.000,-1.00,-1.00,-465.87,404.97,2303.73,31.80,64.00
1,1st scan,224,1,backward,138,165,2454,0,2040,1672,-1.00,2454.00,1,-1.000,-1.00,-1.00,-472.00,424.99,2370.38,31.80,64.00
1,1st scan,225,1,backward,137,165,2453,0,1480,1712,-1.00,2453.00,1,-1.000,-1.00,-1.00,-464.32,432.99,2369.42,31.80,64.00
1,1st scan,226,1,backward,136,165,2472,0,1448,1752,-1.00,2472.00,1,-1.000,-1.00,-1.00,-460.23,444.44,2387.77,31.80,64.00
1,1st scan,227,1,backward,135,165,2483,0,1512,1736,-1.00,2483.00,1,-1.000,-1.00,-1.00,-454.42,454.42,2398.39,31.80,64.00
1,1st scan,228,1,backward,134,165,-1,2,960,1792,-1.00,-1.00,1,-1.000,-1.00,-1.00,-1.00,-1.00,-1.00,31.80,64.00
1,1st scan,229,1,backward,133,165,2504,0,2256,1664,-1.00,2504.00,1,-1.000,-1.00,-1.00,-441.99,473.98,2418.68,31.80,64.00
1,1st scan,230,1,backward,132,165,2536,0,1240,1792,-1.00,2536.00,1,-1.000,-1.00,-1.00,-439.19,487.77,2449.59,31.80,64.00
1,1st scan,231,1,backward,131,165,-1,2,792,1856,-1.00,-1.00,1,-1.000,-1.00,-1.00,-1.00,-1.00,-1.00,31.80,64.00
1,1st scan,232,1,backward,130,165,2507,0,1328,1824,-1.00,2507.00,1,-1.000,-1.00,-1.00,-417.08,497.06,2421.58,31.80,64.00
1,1st scan,233,1,backward,129,165,2518,0,1336,1832,-1.00,2518.00,1,-1.000,-1.00,-1.00,-410.13,506.47,2432.20,31.80,64.00
1,1st scan,234,1,backward,128,165,2515,0,1864,1784,-1.00,2515.00,1,-1.000,-1.00,-1.00,-400.75,512.94,2429.30,31.80,64.00
1,1st scan,235,1,backward,127,165,-1,2,864,1912,-1.00,-1.00,1,-1.000,-1.00,-1.00,-1.00,-1.00,-1.00,31.80,64.00
1,1st scan,236,1,backward,126,165,2514,0,2048,1800,-1.00,2514.00,1,-1.000,-1.00,-1.00,-382.45,526.40,2428.34,31.80,64.00
1,1st scan,237,1,backward,125,165,2479,0,2056,1784,-1.00,2479.00,1,-1.000,-1.00,-1.00,-368.01,525.58,2394.53,31.80,64.00
1,1st scan,238,1,backward,124,165,2515,0,1512,1856,-1.00,2515.00,1,-1.000,-1.00,-1.00,-364.00,539.65,2429.30,31.80,64.00
1,1st scan,239,1,backward,123,165,2397,0,2880,1800,-1.00,2397.00,1,-1.000,-1.00,-1.00,-337.89,520.30,2315.32,31.80,64.00
1,1st scan,240,1,backward,122,165,2433,0,2272,1848,-1.00,2433.00,1,-1.000,-1.00,-1.00,-333.69,534.02,2350.10,31.80,64.00
1,1st scan,241,1,backward,121,165,2374,0,2024,1888,-1.00,2374.00,1,-1.000,-1.00,-1.00,-316.46,526.67,2293.11,31.80,64.00
1,1st scan,242,1,backward,120,165,2379,0,2680,1808,-1.00,2379.00,1,-1.000,-1.00,-1.00,-307.87,533.24,2297.94,31.80,64.00
1,1st scan,243,1,backward,119,165,2358,0,2760,1840,-1.00,2358.00,1,-1.000,-1.00,-1.00,-295.88,533.78,2277.65,31.80,64.00
1,1st scan,244,1,backward,118,165,2327,0,2632,1880,-1.00,2327.00,1,-1.000,-1.00,-1.00,-282.75,531.77,2247.71,31.80,64.00
1,1st scan,245,1,backward,117,165,2323,0,1800,1976,-1.00,2323.00,1,-1.000,-1.00,-1.00,-272.96,535.71,2243.85,31.80,64.00
1,1st scan,246,1,backward,116,165,2310,0,2280,1912,-1.00,2310.00,1,-1.000,-1.00,-1.00,-262.09,537.36,2231.29,31.80,64.00
1,1st scan,247,1,backward,115,165,2275,0,3016,1880,-1.00,2275.00,1,-1.000,-1.00,-1.00,-248.84,533.65,2197.48,31.80,64.00
1,1st scan,248,1,backward,114,165,2291,0,2112,1960,-1.00,2291.00,1,-1.000,-1.00,-1.00,-241.18,541.69,2212.94,31.80,64.00
1,1st scan,249,1,backward,113,165,2259,0,3096,1880,-1.00,2259.00,1,-1.000,-1.00,-1.00,-228.45,538.19,2182.03,31.80,64.00
1,1st scan,250,1,backward,112,165,2239,0,2488,1920,-1.00,2239.00,1,-1.000,-1.00,-1.00,-217.08,537.30,2162.71,31.80,64.00
1,1st scan,251,1,backward,111,165,2234,0,2968,1904,-1.00,2234.00,1,-1.000,-1.00,-1.00,-207.21,539.80,2157.88,31.80,64.00
1,1st scan,252,1,backward,110,165,2222,0,3280,1888,-1.00,2222.00,1,-1.000,-1.00,-1.00,-196.69,540.41,2146.29,31.80,64.00
1,1st scan,253,1,backward,109,165,2210,0,3416,1864,-1.00,2210.00,1,-1.000,-1.00,-1.00,-186.22,540.83,2134.70,31.80,64.00
1,1st scan,254,1,backward,108,165,2183,0,2152,2008,-1.00,2183.00,1,-1.000,-1.00,-1.00,-174.60,537.35,2108.62,31.80,64.00
1,1st scan,255,1,backward,107,165,2173,0,1528,2056,-1.00,2173.00,1,-1.000,-1.00,-1.00,-164.43,537.84,2098.96,31.80,64.00
1,1st scan,256,1,backward,106,165,2162,0,2472,1992,-1.00,2162.00,1,-1.000,-1.00,-1.00,-154.24,537.89,2088.33,31.80,64.00
1,1st scan,257,1,backward,105,165,2191,0,3072,1936,-1.00,2191.00,1,-1.000,-1.00,-1.00,-146.77,547.75,2116.34,31.80,64.00
1,1st scan,258,1,backward,104,165,2188,0,2792,1992,-1.00,2188.00,1,-1.000,-1.00,-1.00,-137.00,549.47,2113.45,31.80,64.00
1,1st scan,259,1,backward,103,165,2174,0,2256,2000,-1.00,2174.00,1,-1.000,-1.00,-1.00,-126.57,548.25,2099.92,31.80,64.00
1,1st scan,260,1,backward,102,165,2155,0,1968,2040,-1.00,2155.00,1,-1.000,-1.00,-1.00,-115.96,545.57,2081.57,31.80,64.00
1,1st scan,261,1,backward,101,165,2140,0,2560,1984,-1.00,2140.00,1,-1.000,-1.00,-1.00,-105.68,543.70,2067.08,31.80,64.00
1,1st scan,262,1,backward,100,165,2132,0,3472,1912,-1.00,2132.00,1,-1.000,-1.00,-1.00,-95.82,543.42,2059.35,31.80,64.00
1,1st scan,263,1,backward,99,165,2131,0,2704,1960,-1.00,2131.00,1,-1.000,-1.00,-1.00,-86.28,544.75,2058.39,31.80,64.00
1,1st scan,264,1,backward,98,165,2132,0,3040,1976,-1.00,2132.00,1,-1.000,-1.00,-1.00,-76.80,546.43,2059.35,31.80,64.00
1,1st scan,265,1,backward,97,165,2116,0,2216,2016,-1.00,2116.00,1,-1.000,-1.00,-1.00,-66.74,543.58,2043.90,31.80,64.00
1,1st scan,266,1,backward,96,165,2121,0,2784,1992,-1.00,2121.00,1,-1.000,-1.00,-1.00,-57.38,545.95,2048.73,31.80,64.00
1,1st scan,267,1,backward,95,165,2108,0,4008,1920,-1.00,2108.00,1,-1.000,-1.00,-1.00,-47.55,543.51,2036.17,31.80,64.00
1,1st scan,268,1,backward,94,165,2106,0,3760,1952,-1.00,2106.00,1,-1.000,-1.00,-1.00,-38.02,543.75,2034.24,31.80,64.00
1,1st scan,269,1,backward,93,165,2104,0,2368,2048,-1.00,2104.00,1,-1.000,-1.00,-1.00,-28.50,543.81,2032.31,31.80,64.00
1,1st scan,270,1,backward,92,165,2115,0,3672,1928,-1.00,2115.00,1,-1.000,-1.00,-1.00,-19.10,547.07,2042.93,31.80,64.00
1,1st scan,271,1,backward,91,165,2109,0,3592,1960,-1.00,2109.00,1,-1.000,-1.00,-1.00,-9.53,545.77,2037.14,31.80,64.00
1,1st scan,272,1,backward,90,165,2092,0,3656,1936,-1.00,2092.00,1,-1.000,-1.00,-1.00,-0.00,541.45,2020.72,31.80,64.00
1,1st scan,273,1,backward,89,165,2066,0,3696,1944,-1.00,2066.00,1,-1.000,-1.00,-1.00,9.33,534.64,1995.60,31.80,64.00
1,1st scan,274,1,backward,88,165,2095,0,4240,1912,-1.00,2095.00,1,-1.000,-1.00,-1.00,18.92,541.90,2023.61,31.80,64.00
1,1st scan,275,1,backward,87,165,2072,0,4072,1952,-1.00,2072.00,1,-1.000,-1.00,-1.00,28.07,535.54,2001.40,31.80,64.00
1,1st scan,276,1,backward,86,165,2061,0,3800,1912,-1.00,2061.00,1,-1.000,-1.00,-1.00,37.21,532.13,1990.77,31.80,64.00
1,1st scan,277,1,backward,85,165,2073,0,4136,1920,-1.00,2073.00,1,-1.000,-1.00,-1.00,46.76,534.49,2002.36,31.80,64.00
1,1st scan,278,1,backward,84,165,2082,0,3984,1928,-1.00,2082.00,1,-1.000,-1.00,-1.00,56.33,535.91,2011.06,31.80,64.00
1,1st scan,279,1,backward,83,165,2058,0,4624,1888,-1.00,2058.00,1,-1.000,-1.00,-1.00,64.91,528.68,1987.88,31.80,64.00
1,1st scan,280,1,backward,82,165,2059,0,3160,1992,-1.00,2059.00,1,-1.000,-1.00,-1.00,74.17,527.72,1988.84,31.80,64.00
1,1st scan,281,1,backward,81,165,2063,0,4048,1968,-1.00,2063.00,1,-1.000,-1.00,-1.00,83.53,527.37,1992.70,31.80,64.00
1,1st scan,282,1,backward,80,165,2094,0,4600,1912,-1.00,2094.00,1,-1.000,-1.00,-1.00,94.11,533.73,2022.65,31.80,64.00
1,1st scan,283,1,backward,79,165,2075,0,3208,1968,-1.00,2075.00,1,-1.000,-1.00,-1.00,102.47,527.18,2004.30,31.80,64.00
1,1st scan,284,1,backward,78,165,2091,0,3880,1936,-1.00,2091.00,1,-1.000,-1.00,-1.00,112.52,529.36,2019.75,31.80,64.00
1,1st scan,285,1,backward,77,165,2070,0,3832,1936,-1.00,2070.00,1,-1.000,-1.00,-1.00,120.52,522.02,1999.47,31.80,64.00
1,1st scan,286,1,backward,76,165,2089,0,4336,1872,-1.00,2089.00,1,-1.000,-1.00,-1.00,130.80,524.61,2017.82,31.80,64.00
1,1st scan,287,1,backward,75,165,2078,0,3008,1952,-1.00,2078.00,1,-1.000,-1.00,-1.00,139.20,519.50,2007.19,31.80,64.00
1,1st scan,288,1,backward,74,165,2099,0,2960,1952,-1.00,2099.00,1,-1.000,-1.00,-1.00,149.74,522.22,2027.48,31.80,64.00
1,1st scan,289,1,backward,73,165,2106,0,4320,1832,-1.00,2106.00,1,-1.000,-1.00,-1.00,159.36,521.26,2034.24,31.80,64.00
1,1st scan,290,1,backward,72,165,2119,0,3120,1936,-1.00,2119.00,1,-1.000,-1.00,-1.00,169.48,521.60,2046.80,31.80,64.00
1,1st scan,291,1,backward,71,165,2112,0,3616,1896,-1.00,2112.00,1,-1.000,-1.00,-1.00,177.96,516.84,2040.04,31.80,64.00
1,1st scan,292,1,backward,70,165,2122,0,3736,1848,-1.00,2122.00,1,-1.000,-1.00,-1.00,187.84,516.09,2049.69,31.80,64.00
1,1st scan,293,1,backward,69,165,2102,0,3472,1912,-1.00,2102.00,1,-1.000,-1.00,-1.00,194.97,507.90,2030.38,31.80,64.00
1,1st scan,294,1,backward,68,165,2113,0,2912,1928,-1.00,2113.00,1,-1.000,-1.00,-1.00,204.87,507.06,2041.00,31.80,64.00
1,1st scan,295,1,backward,67,165,2124,0,3048,1920,-1.00,2124.00,1,-1.000,-1.00,-1.00,214.80,506.03,2051.63,31.80,64.00
1,1st scan,296,1,backward,66,165,2142,0,2592,1944,-1.00,2142.00,1,-1.000,-1.00,-1.00,225.49,506.46,2069.01,31.80,64.00
1,1st scan,297,1,backward,65,165,2153,0,2752,1936,-1.00,2153.00,1,-1.000,-1.00,-1.00,235.50,505.03,2079.64,31.80,64.00
1,1st scan,298,1,backward,64,165,2142,0,2688,1968,-1.00,2142.00,1,-1.000,-1.00,-1.00,243.03,498.28,2069.01,31.80,64.00
1,1st scan,299,1,backward,63,165,2149,0,3912,1856,-1.00,2149.00,1,-1.000,-1.00,-1.00,252.51,495.58,2075.77,31.80,64.00
1,1st scan,300,1,backward,62,165,2156,0,3752,1856,-1.00,2156.00,1,-1.000,-1.00,-1.00,261.97,492.70,2082.54,31.80,64.00
1,1st scan,301,1,backward,61,165,2154,0,3040,1944,-1.00,2154.00,1,-1.000,-1.00,-1.00,270.28,487.60,2080.60,31.80,64.00
1,1st scan,302,1,backward,60,165,2202,0,2776,1952,-1.00,2202.00,1,-1.000,-1.00,-1.00,284.96,493.56,2126.97,31.80,64.00
1,1st scan,303,1,backward,59,165,2197,0,2528,1968,-1.00,2197.00,1,-1.000,-1.00,-1.00,292.86,487.41,2122.14,31.80,64.00
1,1st scan,304,1,backward,58,165,2210,0,3000,1944,-1.00,2210.00,1,-1.000,-1.00,-1.00,303.11,485.08,2134.70,31.80,64.00
1,1st scan,305,1,backward,57,165,2222,0,2704,1968,-1.00,2222.00,1,-1.000,-1.00,-1.00,313.22,482.32,2146.29,31.80,64.00
1,1st scan,306,1,backward,56,165,2217,0,2800,1912,-1.00,2217.00,1,-1.000,-1.00,-1.00,320.87,475.70,2141.46,31.80,64.00
1,1st scan,307,1,backward,55,165,2245,0,2240,2008,-1.00,2245.00,1,-1.000,-1.00,-1.00,333.28,475.97,2168.50,31.80,64.00
1,1st scan,308,1,backward,54,165,2268,0,3568,1896,-1.00,2268.00,1,-1.000,-1.00,-1.00,345.03,474.89,2190.72,31.80,64.00
1,1st scan,309,1,backward,53,165,2283,0,2896,1936,-1.00,2283.00,1,-1.000,-1.00,-1.00,355.60,471.90,2205.21,31.80,64.00
1,1st scan,310,1,backward,52,165,2288,0,2936,1928,-1.00,2288.00,1,-1.000,-1.00,-1.00,364.58,466.64,2210.04,31.80,64.00
1,1st scan,311,1,backward,51,165,2329,0,2488,1952,-1.00,2329.00,1,-1.000,-1.00,-1.00,379.35,468.46,2249.64,31.80,64.00
1,1st scan,312,1,backward,50,165,2294,0,2360,1944,-1.00,2294.00,1,-1.000,-1.00,-1.00,381.64,454.82,2215.83,31.80,64.00
1,1st scan,313,1,backward,49,165,2332,0,2376,1952,-1.00,2332.00,1,-1.000,-1.00,-1.00,395.97,455.52,2252.54,31.80,64.00
1,1st scan,314,1,backward,48,165,2302,0,3320,1872,-1.00,2302.00,1,-1.000,-1.00,-1.00,398.67,442.77,2223.56,31.80,64.00
1,1st scan,315,1,backward,47,165,2342,0,2520,1952,-1.00,2342.00,1,-1.000,-1.00,-1.00,413.40,443.31,2262.20,31.80,64.00
1,1st scan,316,1,backward,46,165,2389,0,2672,1944,-1.00,2389.00,1,-1.000,-1.00,-1.00,429.52,444.78,2307.60,31.80,64.00
1,1st scan,317,1,backward,45,165,2372,0,2424,1936,-1.00,2372.00,1,-1.000,-1.00,-1.00,434.11,434.11,2291.18,31.80,64.00
1,1st scan,318,1,backward,44,165,2404,0,2344,1968,-1.00,2404.00,1,-1.000,-1.00,-1.00,447.57,432.22,2322.09,31.80,64.00
1,1st scan,319,1,backward,43,165,2465,0,1448,1968,-1.00,2465.00,1,-1.000,-1.00,-1.00,466.60,435.11,2381.01,31.80,64.00
1,1st scan,320,1,backward,42,165,2492,0,1592,1968,-1.00,2492.00,1,-1.000,-1.00,-1.00,479.31,431.57,2407.09,31.80,64.00
1,1st scan,321,1,backward,41,165,2522,0,2672,1872,-1.00,2522.00,1,-1.000,-1.00,-1.00,492.63,428.24,2436.06,31.80,64.00
1,1st scan,322,1,backward,40,165,2510,0,2000,1880,-1.00,2510.00,1,-1.000,-1.00,-1.00,497.65,417.58,2424.47,31.80,64.00
1,1st scan,323,1,backward,39,165,2514,0,2936,1792,-1.00,2514.00,1,-1.000,-1.00,-1.00,505.67,409.48,2428.34,31.80,64.00
1,1st scan,324,1,backward,38,165,2588,0,1728,1864,-1.00,2588.00,1,-1.000,-1.00,-1.00,527.83,412.38,2499.82,31.80,64.00
1,1st scan,325,1,backward,37,165,2550,0,1840,1872,-1.00,2550.00,1,-1.000,-1.00,-1.00,527.09,397.19,2463.11,31.80,64.00
1,1st scan,326,1,backward,36,165,2664,0,1344,1904,-1.00,2664.00,1,-1.000,-1.00,-1.00,557.81,405.27,2573.23,31.80,64.00
1,1st scan,327,1,backward,35,165,-1,2,952,1936,-1.00,-1.00,1,-1.000,-1.00,-1.00,-1.00,-1.00,-1.00,31.80,64.00
1,1st scan,328,1,backward,34,165,-1,2,544,1936,-1.00,-1.00,1,-1.000,-1.00,-1.00,-1.00,-1.00,-1.00,31.80,64.00
1,1st scan,329,1,backward,33,165,2653,0,1856,1840,-1.00,2653.00,1,-1.000,-1.00,-1.00,575.87,373.97,2562.60,31.80,64.00
1,1st scan,330,1,backward,32,165,2601,0,1912,1800,-1.00,2601.00,1,-1.000,-1.00,-1.00,570.90,356.74,2512.37,31.80,64.00
1,1st scan,331,1,backward,31,165,-1,2,936,1888,-1.00,-1.00,1,-1.000,-1.00,-1.00,-1.00,-1.00,-1.00,31.80,64.00
1,1st scan,332,1,backward,30,165,-1,2,888,1848,-1.00,-1.00,1,-1.000,-1.00,-1.00,-1.00,-1.00,-1.00,31.80,64.00
1,1st scan,333,1,backward,29,165,2558,0,1536,1784,-1.00,2558.00,1,-1.000,-1.00,-1.00,579.05,320.97,2470.84,31.80,64.00
1,1st scan,334,1,backward,28,165,2508,0,1480,1776,-1.00,2508.00,1,-1.000,-1.00,-1.00,573.14,304.74,2422.54,31.80,64.00
1,1st scan,335,1,backward,27,165,-1,2,856,1832,-1.00,-1.00,1,-1.000,-1.00,-1.00,-1.00,-1.00,-1.00,31.80,64.00
1,1st scan,336,1,backward,26,165,-1,2,880,1816,-1.00,-1.00,1,-1.000,-1.00,-1.00,-1.00,-1.00,-1.00,31.80,64.00
1,1st scan,337,1,backward,25,165,2518,0,1312,1760,-1.00,2518.00,1,-1.000,-1.00,-1.00,590.65,275.42,2432.20,31.80,64.00
1,1st scan,338,1,backward,24,165,-1,2,1000,1768,-1.00,-1.00,1,-1.000,-1.00,-1.00,-1.00,-1.00,-1.00,31.80,64.00
1,1st scan,339,1,backward,23,165,2269,0,1864,1696,-1.00,2269.00,1,-1.000,-1.00,-1.00,540.58,229.46,2191.69,31.80,64.00
1,1st scan,340,1,backward,22,165,-1,2,400,1808,-1.00,-1.00,1,-1.000,-1.00,-1.00,-1.00,-1.00,-1.00,31.80,64.00
1,1st scan,341,1,backward,21,165,2225,0,1688,1736,-1.00,2225.00,1,-1.000,-1.00,-1.00,537.62,206.37,2149.18,31.80,64.00
1,1st scan,342,1,backward,20,165,-1,2,1024,1776,-1.00,-1.00,1,-1.000,-1.00,-1.00,-1.00,-1.00,-1.00,31.80,64.00
1,1st scan,343,1,backward,19,165,-1,2,136,1904,-1.00,-1.00,1,-1.000,-1.00,-1.00,-1.00,-1.00,-1.00,31.80,64.00
1,1st scan,344,1,backward,18,165,-1,2,920,1832,-1.00,-1.00,1,-1.000,-1.00,-1.00,-1.00,-1.00,-1.00,31.80,64.00
1,1st scan,345,1,backward,17,165,2195,0,1712,1768,-1.00,2195.00,1,-1.000,-1.00,-1.00,543.28,166.10,2120.21,31.80,64.00
1,1st scan,346,1,backward,16,165,2082,0,1672,1768,-1.00,2082.00,1,-1.000,-1.00,-1.00,517.99,148.53,2011.06,31.80,64.00
1,1st scan,347,1,backward,15,165,2098,0,1936,1736,-1.00,2098.00,1,-1.000,-1.00,-1.00,524.50,140.54,2026.51,31.80,64.00
1,1st scan,348,1,backward,14,165,2095,0,1072,1800,-1.00,2095.00,1,-1.000,-1.00,-1.00,526.12,131.18,2023.61,31.80,64.00
1,1st scan,349,1,backward,13,165,2073,0,1584,1808,-1.00,2073.00,1,-1.000,-1.00,-1.00,522.78,120.69,2002.36,31.80,64.00
1,1st scan,350,1,backward,12,165,2131,0,1632,1792,-1.00,2131.00,1,-1.000,-1.00,-1.00,539.49,114.67,2058.39,31.80,64.00
1,1st scan,351,1,backward,11,165,2054,0,2512,1672,-1.00,2054.00,1,-1.000,-1.00,-1.00,521.85,101.44,1984.01,31.80,64.00
1,1st scan,352,1,backward,10,165,1999,0,2232,1728,-1.00,1999.00,1,-1.000,-1.00,-1.00,509.52,89.84,1930.89,31.80,64.00
1,1st scan,353,1,backward,9,165,2023,0,1504,1776,-1.00,2023.00,1,-1.000,-1.00,-1.00,517.14,81.91,1954.07,31.80,64.00
1,1st scan,354,1,backward,8,165,2028,0,1792,1744,-1.00,2028.00,1,-1.000,-1.00,-1.00,519.78,73.05,1958.90,31.80,64.00
1,1st scan,355,1,backward,7,165,1993,0,2888,1680,-1.00,1993.00,1,-1.000,-1.00,-1.00,511.98,62.86,1925.09,31.80,64.00
1,1st scan,356,1,backward,6,165,1996,0,1888,1776,-1.00,1996.00,1,-1.000,-1.00,-1.00,513.77,54.00,1927.99,31.80,64.00
1,1st scan,357,1,backward,5,165,2026,0,1384,1792,-1.00,2026.00,1,-1.000,-1.00,-1.00,522.37,45.70,1956.97,31.80,64.00
1,1st scan,358,1,backward,4,165,1964,0,2464,1728,-1.00,1964.00,1,-1.000,-1.00,-1.00,507.08,35.46,1897.08,31.80,64.00
1,1st scan,359,1,backward,3,165,1966,0,2872,1704,-1.00,1966.00,1,-1.000,-1.00,-1.00,508.14,26.63,1899.01,31.80,64.00
1,1st scan,360,1,backward,2,165,1977,0,2584,1704,-1.00,1977.00,1,-1.000,-1.00,-1.00,511.37,17.86,1909.64,31.80,64.00
1,1st scan,361,1,backward,1,165,1964,0,2080,1768,-1.00,1964.00,1,-1.000,-1.00,-1.00,508.24,8.87,1897.08,31.80,64.00
1,1st scan,362,1,backward,0,165,1947,0,2792,1752,-1.00,1947.00,1,-1.000,-1.00,-1.00,503.92,0.00,1880.66,31.80,64.00
1,1st scan,363,1,forward,0,160,1960,0,2424,1816,-1.00,1960.00,1,-1.000,-1.00,-1.00,670.36,0.00,1841.80,31.80,64.00
1,1st scan,364,1,forward,1,160,1973,0,2456,1864,-1.00,1973.00,0,-1.000,-1.00,-1.00,674.70,11.78,1854.01,31.80,64.00
1,1st scan,365,1,forward,2,160,1972,0,2576,1816,-1.00,1972.00,1,-1.000,-1.00,-1.00,674.05,23.54,1853.07,31.80,64.00
1,1st scan,366,1,forward,3,160,1978,0,2560,1832,-1.00,1978.00,1,-1.000,-1.00,-1.00,675.59,35.41,1858.71,31.80,64.00
1,1st scan,367,1,forward,4,160,1980,0,2480,1832,-1.00,1980.00,1,-1.000,-1.00,-1.00,675.55,47.24,1860.59,31.80,64.00
1,1st scan,368,1,forward,5,160,1990,0,2184,1848,-1.00,1990.00,1,-1.000,-1.00,-1.00,678.03,59.32,1869.99,31.80,64.00
1,1st scan,369,1,forward,6,160,1944,0,2072,1856,-1.00,1944.00,1,-1.000,-1.00,-1.00,661.24,69.50,1826.76,31.80,64.00
1,1st scan,370,1,forward,7,160,2030,0,1600,1880,-1.00,2030.00,1,-1.000,-1.00,-1.00,689.13,84.61,1907.58,31.80,64.00
1,1st scan,371,1,forward,8,160,2019,0,1960,1840,-1.00,2019.00,1,-1.000,-1.00,-1.00,683.82,96.10,1897.24,31.80,64.00
1,1st scan,372,1,forward,9,160,2082,0,2184,1816,-1.00,2082.00,1,-1.000,-1.00,-1.00,703.32,111.39,1956.44,31.80,64.00
1,1st scan,373,1,forward,10,160,2058,0,2456,1792,-1.00,2058.00,1,-1.000,-1.00,-1.00,693.18,122.23,1933.89,31.80,64.00
1,1st scan,374,1,forward,11,160,2101,0,1096,1912,-1.00,2101.00,1,-1.000,-1.00,-1.00,705.38,137.11,1974.29,31.80,64.00
1,1st scan,375,1,forward,12,160,2073,0,2088,1816,-1.00,2073.00,1,-1.000,-1.00,-1.00,693.51,147.41,1947.98,31.80,64.00
1,1st scan,376,1,forward,13,160,2105,0,2512,1792,-1.00,2105.00,1,-1.000,-1.00,-1.00,701.50,161.95,1978.05,31.80,64.00
1,1st scan,377,1,forward,14,160,2125,0,2464,1768,-1.00,2125.00,1,-1.000,-1.00,-1.00,705.20,175.83,1996.85,31.80,64.00
1,1st scan,378,1,forward,15,160,2085,0,2576,1776,-1.00,2085.00,1,-1.000,-1.00,-1.00,688.81,184.57,1959.26,31.80,64.00
1,1st scan,379,1,forward,16,160,2195,0,2896,1752,-1.00,2195.00,1,-1.000,-1.00,-1.00,721.65,206.93,2062.63,31.80,64.00
1,1st scan,380,1,forward,17,160,2148,0,1672,1856,-1.00,2148.00,1,-1.000,-1.00,-1.00,702.56,214.79,2018.46,31.80,64.00
1,1st scan,381,1,forward,18,160,-1,2,992,1872,-1.00,-1.00,1,-1.000,-1.00,-1.00,-1.00,-1.00,-1.00,31.80,64.00
1,1st scan,382,1,forward,19,160,2208,0,2040,1800,-1.00,2208.00,1,-1.000,-1.00,-1.00,714.04,245.86,2074.84,31.80,64.00
1,1st scan,383,1,forward,20,160,2203,0,1664,1872,-1.00,2203.00,1,-1.000,-1.00,-1.00,708.03,257.70,2070.14,31.80,64.00
1,1st scan,384,1,forward,21,160,2242,0,2112,1824,-1.00,2242.00,1,-1.000,-1.00,-1.00,715.88,274.80,2106.79,31.80,64.00
1,1st scan,385,1,forward,22,160,2144,0,1104,1896,-1.00,2144.00,1,-1.000,-1.00,-1.00,679.90,274.70,2014.70,31.80,64.00
1,1st scan,386,1,forward,23,160,2239,0,1384,1840,-1.00,2239.00,1,-1.000,-1.00,-1.00,704.91,299.22,2103.97,31.80,64.00
1,1st scan,387,1,forward,24,160,2296,0,1632,1816,-1.00,2296.00,1,-1.000,-1.00,-1.00,717.39,319.40,2157.53,31.80,64.00
1,1st scan,388,1,forward,25,160,2272,0,1440,1824,-1.00,2272.00,1,-1.000,-1.00,-1.00,704.26,328.40,2134.98,31.80,64.00
1,1st scan,389,1,forward,26,160,-1,2,368,1912,-1.00,-1.00,1,-1.000,-1.00,-1.00,-1.00,-1.00,-1.00,31.80,64.00
1,1st scan,390,1,forward,27,160,-1,2,544,1928,-1.00,-1.00,1,-1.000,-1.00,-1.00,-1.00,-1.00,-1.00,31.80,64.00
1,1st scan,391,1,forward,28,160,2601,0,1592,1856,-1.00,2601.00,1,-1.000,-1.00,-1.00,785.47,417.64,2444.14,31.80,64.00
1,1st scan,392,1,forward,29,160,-1,2,760,1912,-1.00,-1.00,1,-1.000,-1.00,-1.00,-1.00,-1.00,-1.00,31.80,64.00
1,1st scan,393,1,forward,30,160,-1,2,752,1944,-1.00,-1.00,1,-1.000,-1.00,-1.00,-1.00,-1.00,-1.00,31.80,64.00
1,1st scan,394,1,forward,31,160,2632,0,1400,1872,-1.00,2632.00,1,-1.000,-1.00,-1.00,771.62,463.64,2473.27,31.80,64.00
1,1st scan,395,1,forward,32,160,2616,0,1288,1888,-1.00,2616.00,1,-1.000,-1.00,-1.00,758.77,474.13,2458.24,31.80,64.00
1,1st scan,396,1,forward,33,160,2741,0,1288,1920,-1.00,2741.00,1,-1.000,-1.00,-1.00,786.23,510.59,2575.70,31.80,64.00
1,1st scan,397,1,forward,34,160,2666,0,1472,1896,-1.00,2666.00,1,-1.000,-1.00,-1.00,755.94,509.89,2505.22,31.80,64.00
1,1st scan,398,1,forward,35,160,2591,0,1552,1936,-1.00,2591.00,1,-1.000,-1.00,-1.00,725.91,508.29,2434.74,31.80,64.00
1,1st scan,399,1,forward,36,160,-1,2,952,2000,-1.00,-1.00,1,-1.000,-1.00,-1.00,-1.00,-1.00,-1.00,31.80,64.00
1,1st scan,400,1,forward,37,160,2669,0,1688,1920,-1.00,2669.00,1,-1.000,-1.00,-1.00,729.04,549.37,2508.04,31.80,64.00
1,1st scan,401,1,forward,38,160,2664,0,1616,1928,-1.00,2664.00,1,-1.000,-1.00,-1.00,717.99,560.95,2503.34,31.80,64.00
1,1st scan,402,1,forward,39,160,2559,0,1688,1936,-1.00,2559.00,1,-1.000,-1.00,-1.00,680.18,550.80,2404.67,31.80,64.00
1,1st scan,403,1,forward,40,160,2562,0,1504,1936,-1.00,2562.00,1,-1.000,-1.00,-1.00,671.25,563.25,2407.49,31.80,64.00
1,1st scan,404,1,forward,41,160,-1,2,528,2040,-1.00,-1.00,1,-1.000,-1.00,-1.00,-1.00,-1.00,-1.00,31.80,64.00
1,1st scan,405,1,forward,42,160,2567,0,2096,1928,-1.00,2567.00,1,-1.000,-1.00,-1.00,652.46,587.47,2412.19,31.80,64.00
1,1st scan,406,1,forward,43,160,2524,0,2344,1896,-1.00,2524.00,1,-1.000,-1.00,-1.00,631.35,588.74,2371.78,31.80,64.00
1,1st scan,407,1,forward,44,160,2392,0,1832,1976,-1.00,2392.00,1,-1.000,-1.00,-1.00,588.50,568.31,2247.74,31.80,64.00
1,1st scan,408,1,forward,45,160,2459,0,2808,1912,-1.00,2459.00,1,-1.000,-1.00,-1.00,594.70,594.70,2310.70,31.80,64.00
1,1st scan,409,1,forward,46,160,2405,0,2352,1976,-1.00,2405.00,1,-1.000,-1.00,-1.00,571.40,591.70,2259.96,31.80,64.00
1,1st scan,410,1,forward,47,160,2433,0,1592,2008,-1.00,2433.00,1,-1.000,-1.00,-1.00,567.51,608.59,2286.27,31.80,64.00
1,1st scan,411,1,forward,48,160,2385,0,2552,1992,-1.00,2385.00,1,-1.000,-1.00,-1.00,545.82,606.20,2241.17,31.80,64.00
1,1st scan,412,1,forward,49,160,2337,0,2912,1944,-1.00,2337.00,1,-1.000,-1.00,-1.00,524.39,603.24,2196.06,31.80,64.00
1,1st scan,413,1,forward,50,160,2373,0,2560,1992,-1.00,2373.00,1,-1.000,-1.00,-1.00,521.70,621.73,2229.89,31.80,64.00
1,1st scan,414,1,forward,51,160,2312,0,2472,1952,-1.00,2312.00,1,-1.000,-1.00,-1.00,497.64,614.53,2172.57,31.80,64.00
1,1st scan,415,1,forward,52,160,2336,0,3056,1968,-1.00,2336.00,1,-1.000,-1.00,-1.00,491.89,629.59,2195.12,31.80,64.00
1,1st scan,416,1,forward,53,160,2313,0,2064,2024,-1.00,2313.00,1,-1.000,-1.00,-1.00,476.09,631.79,2173.51,31.80,64.00
1,1st scan,417,1,forward,54,160,2259,0,3384,1896,-1.00,2259.00,1,-1.000,-1.00,-1.00,454.14,625.07,2122.77,31.80,64.00
1,1st scan,418,1,forward,55,160,2239,0,2728,1984,-1.00,2239.00,1,-1.000,-1.00,-1.00,439.24,627.29,2103.97,31.80,64.00
1,1st scan,419,1,forward,56,160,2250,0,2952,1968,-1.00,2250.00,1,-1.000,-1.00,-1.00,430.32,637.98,2114.31,31.80,64.00
1,1st scan,420,1,forward,57,160,2237,0,3800,1872,-1.00,2237.00,1,-1.000,-1.00,-1.00,416.70,641.67,2102.09,31.80,64.00
1,1st scan,421,1,forward,58,160,2220,0,2968,1960,-1.00,2220.00,1,-1.000,-1.00,-1.00,402.36,643.91,2086.12,31.80,64.00
1,1st scan,422,1,forward,59,160,2210,0,3360,1904,-1.00,2210.00,1,-1.000,-1.00,-1.00,389.30,647.90,2076.72,31.80,64.00
1,1st scan,423,1,forward,60,160,2201,0,3384,1920,-1.00,2201.00,1,-1.000,-1.00,-1.00,376.39,651.93,2068.26,31.80,64.00
1,1st scan,424,1,forward,61,160,2189,0,2016,2008,-1.00,2189.00,1,-1.000,-1.00,-1.00,362.97,654.81,2056.99,31.80,64.00
1,1st scan,425,1,forward,62,160,2205,0,2344,2000,-1.00,2205.00,1,-1.000,-1.00,-1.00,354.05,665.88,2072.02,31.80,64.00
1,1st scan,426,1,forward,63,160,2150,0,2968,1936,-1.00,2150.00,1,-1.000,-1.00,-1.00,333.84,655.20,2020.34,31.80,64.00
1,1st scan,427,1,forward,64,160,2176,0,3320,1920,-1.00,2176.00,1,-1.000,-1.00,-1.00,326.25,668.91,2044.77,31.80,64.00
1,1st scan,428,1,forward,65,160,2119,0,2200,2008,-1.00,2119.00,1,-1.000,-1.00,-1.00,306.29,656.84,1991.21,31.80,64.00
1,1st scan,429,1,forward,66,160,2162,0,2576,1992,-1.00,2162.00,1,-1.000,-1.00,-1.00,300.76,675.52,2031.62,31.80,64.00
1,1st scan,430,1,forward,67,160,2120,0,3040,1976,-1.00,2120.00,1,-1.000,-1.00,-1.00,283.31,667.44,1992.15,31.80,64.00
1,1st scan,431,1,forward,68,160,2151,0,2512,1992,-1.00,2151.00,1,-1.000,-1.00,-1.00,275.59,682.12,2021.28,31.80,64.00
1,1st scan,432,1,forward,69,160,2125,0,2400,2008,-1.00,2125.00,1,-1.000,-1.00,-1.00,260.46,678.52,1996.85,31.80,64.00
1,1st scan,433,1,forward,70,160,2142,0,3144,1936,-1.00,2142.00,1,-1.000,-1.00,-1.00,250.57,688.43,2012.82,31.80,64.00
1,1st scan,434,1,forward,71,160,2122,0,2808,1976,-1.00,2122.00,1,-1.000,-1.00,-1.00,236.29,686.23,1994.03,31.80,64.00
1,1st scan,435,1,forward,72,160,2122,0,3216,1912,-1.00,2122.00,1,-1.000,-1.00,-1.00,224.27,690.25,1994.03,31.80,64.00
1,1st scan,436,1,forward,73,160,2100,0,3544,1928,-1.00,2100.00,1,-1.000,-1.00,-1.00,209.99,686.86,1973.35,31.80,64.00
1,1st scan,437,1,forward,74,160,2125,0,4048,1872,-1.00,2125.00,1,-1.000,-1.00,-1.00,200.33,698.64,1996.85,31.80,64.00
1,1st scan,438,1,forward,75,160,2129,0,3704,1920,-1.00,2129.00,1,-1.000,-1.00,-1.00,188.46,703.35,2000.61,31.80,64.00
1,1st scan,439,1,forward,76,160,2080,0,4016,1880,-1.00,2080.00,1,-1.000,-1.00,-1.00,172.10,690.27,1954.56,31.80,64.00
1,1st scan,440,1,forward,77,160,2099,0,3808,1920,-1.00,2099.00,1,-1.000,-1.00,-1.00,161.49,699.50,1972.41,31.80,64.00
1,1st scan,441,1,forward,78,160,2104,0,2656,2032,-1.00,2104.00,1,-1.000,-1.00,-1.00,149.62,703.89,1977.11,31.80,64.00
1,1st scan,442,1,forward,79,160,2110,0,3792,1944,-1.00,2110.00,1,-1.000,-1.00,-1.00,137.70,708.40,1982.75,31.80,64.00
1,1st scan,443,1,forward,80,160,2089,0,3784,1936,-1.00,2089.00,1,-1.000,-1.00,-1.00,124.07,703.63,1963.02,31.80,64.00
1,1st scan,444,1,forward,81,160,2085,0,2872,2032,-1.00,2085.00,1,-1.000,-1.00,-1.00,111.56,704.33,1959.26,31.80,64.00
1,1st scan,445,1,forward,82,160,2087,0,3440,2016,-1.00,2087.00,1,-1.000,-1.00,-1.00,99.34,706.85,1961.14,31.80,64.00
1,1st scan,446,1,forward,83,160,2089,0,3352,1968,-1.00,2089.00,1,-1.000,-1.00,-1.00,87.07,709.15,1963.02,31.80,64.00
1,1st scan,447,1,forward,84,160,2093,0,3824,1928,-1.00,2093.00,1,-1.000,-1.00,-1.00,74.83,711.93,1966.78,31.80,64.00
1,1st scan,448,1,forward,85,160,2084,0,2544,2032,-1.00,2084.00,1,-1.000,-1.00,-1.00,62.12,710.06,1958.32,31.80,64.00
1,1st scan,449,1,forward,86,160,2090,0,3456,1992,-1.00,2090.00,1,-1.000,-1.00,-1.00,49.86,713.08,1963.96,31.80,64.00
1,1st scan,450,1,forward,87,160,2096,0,2952,2016,-1.00,2096.00,1,-1.000,-1.00,-1.00,37.52,715.89,1969.60,31.80,64.00
1,1st scan,451,1,forward,88,160,2110,0,4096,1904,-1.00,2110.00,1,-1.000,-1.00,-1.00,25.19,721.22,1982.75,31.80,64.00
1,1st scan,452,1,forward,89,160,2124,0,4160,1928,-1.00,2124.00,1,-1.000,-1.00,-1.00,12.68,726.34,1995.91,31.80,64.00
1,1st scan,453,1,forward,90,160,2111,0,3400,1992,-1.00,2111.00,1,-1.000,-1.00,-1.00,-0.00,722.00,1983.69,31.80,64.00
1,1st scan,454,1,forward,91,160,2116,0,2864,2048,-1.00,2116.00,1,-1.000,-1.00,-1.00,-12.63,723.60,1988.39,31.80,64.00
1,1st scan,455,1,forward,92,160,2107,0,2808,2032,-1.00,2107.00,1,-1.000,-1.00,-1.00,-25.15,720.20,1979.93,31.80,64.00
1,1st scan,456,1,forward,93,160,2123,0,3448,1936,-1.00,2123.00,1,-1.000,-1.00,-1.00,-38.00,725.11,1994.97,31.80,64.00
1,1st scan,457,1,forward,94,160,2152,0,2528,2032,-1.00,2152.00,1,-1.000,-1.00,-1.00,-51.34,734.23,2022.22,31.80,64.00
1,1st scan,458,1,forward,95,160,2129,0,3712,1952,-1.00,2129.00,1,-1.000,-1.00,-1.00,-63.46,725.39,2000.61,31.80,64.00
1,1st scan,459,1,forward,96,160,2138,0,4080,1904,-1.00,2138.00,1,-1.000,-1.00,-1.00,-76.44,727.23,2009.06,31.80,64.00
1,1st scan,460,1,forward,97,160,2159,0,2744,1968,-1.00,2159.00,1,-1.000,-1.00,-1.00,-89.99,732.92,2028.80,31.80,64.00
1,1st scan,461,1,forward,98,160,2155,0,2528,2016,-1.00,2155.00,1,-1.000,-1.00,-1.00,-102.58,729.88,2025.04,31.80,64.00
1,1st scan,462,1,forward,99,160,2170,0,3520,1936,-1.00,2170.00,1,-1.000,-1.00,-1.00,-116.10,733.05,2039.13,31.80,64.00
1,1st scan,463,1,forward,100,160,2177,0,3264,1960,-1.00,2177.00,1,-1.000,-1.00,-1.00,-129.29,733.27,2045.71,31.80,64.00
1,1st scan,464,1,forward,101,160,2167,0,2048,2048,-1.00,2167.00,1,-1.000,-1.00,-1.00,-141.42,727.54,2036.31,31.80,64.00
1,1st scan,465,1,forward,102,160,2169,0,3000,1912,-1.00,2169.00,1,-1.000,-1.00,-1.00,-154.24,725.63,2038.19,31.80,64.00
1,1st scan,466,1,forward,103,160,2199,0,2608,1992,-1.00,2199.00,1,-1.000,-1.00,-1.00,-169.19,732.83,2066.38,31.80,64.00
1,1st scan,467,1,forward,104,160,2202,0,2600,1976,-1.00,2202.00,1,-1.000,-1.00,-1.00,-182.20,730.76,2069.20,31.80,64.00
1,1st scan,468,1,forward,105,160,2224,0,2848,1952,-1.00,2224.00,1,-1.000,-1.00,-1.00,-196.87,734.73,2089.88,31.80,64.00
1,1st scan,469,1,forward,106,160,2230,0,2856,1952,-1.00,2230.00,1,-1.000,-1.00,-1.00,-210.23,733.16,2095.51,31.80,64.00
1,1st scan,470,1,forward,107,160,2237,0,2600,1968,-1.00,2237.00,1,-1.000,-1.00,-1.00,-223.69,731.67,2102.09,31.80,64.00
1,1st scan,471,1,forward,108,160,2223,0,2264,1976,-1.00,2223.00,1,-1.000,-1.00,-1.00,-234.95,723.10,2088.94,31.80,64.00
1,1st scan,472,1,forward,109,160,2269,0,3056,1896,-1.00,2269.00,1,-1.000,-1.00,-1.00,-252.66,733.76,2132.16,31.80,64.00
1,1st scan,473,1,forward,110,160,2297,0,2608,1912,-1.00,2297.00,1,-1.000,-1.00,-1.00,-268.70,738.24,2158.47,31.80,64.00
1,1st scan,474,1,forward,111,160,2297,0,2096,1928,-1.00,2297.00,1,-1.000,-1.00,-1.00,-281.54,733.44,2158.47,31.80,64.00
1,1st scan,475,1,forward,112,160,2271,0,2768,1928,-1.00,2271.00,1,-1.000,-1.00,-1.00,-290.97,720.17,2134.04,31.80,64.00
1,1st scan,476,1,forward,113,160,2296,0,2920,1872,-1.00,2296.00,1,-1.000,-1.00,-1.00,-306.83,722.85,2157.53,31.80,64.00
1,1st scan,477,1,forward,114,160,2362,0,2528,1880,-1.00,2362.00,1,-1.000,-1.00,-1.00,-328.58,738.01,2219.55,31.80,64.00
1,1st scan,478,1,forward,115,160,2366,0,2192,1896,-1.00,2366.00,1,-1.000,-1.00,-1.00,-341.99,733.40,2223.31,31.80,64.00
1,1st scan,479,1,forward,116,160,2393,0,2368,1832,-1.00,2393.00,1,-1.000,-1.00,-1.00,-358.79,735.62,2248.68,31.80,64.00
1,1st scan,480,1,forward,117,160,2451,0,2736,1832,-1.00,2451.00,1,-1.000,-1.00,-1.00,-380.58,746.92,2303.19,31.80,64.00
1,1st scan,481,1,forward,118,160,2417,0,3056,1792,-1.00,2417.00,1,-1.000,-1.00,-1.00,-388.09,729.90,2271.24,31.80,64.00
1,1st scan,482,1,forward,119,160,2467,0,2192,1840,-1.00,2467.00,1,-1.000,-1.00,-1.00,-409.06,737.97,2318.22,31.80,64.00
1,1st scan,483,1,forward,120,160,2475,0,2952,1768,-1.00,2475.00,1,-1.000,-1.00,-1.00,-423.25,733.09,2325.74,31.80,64.00
1,1st scan,484,1,forward,121,160,2517,0,2024,1848,-1.00,2517.00,1,-1.000,-1.00,-1.00,-443.38,737.91,2365.21,31.80,64.00
1,1st scan,485,1,forward,122,160,2486,0,2248,1792,-1.00,2486.00,1,-1.000,-1.00,-1.00,-450.57,721.06,2336.08,31.80,64.00
1,1st scan,486,1,forward,123,160,2555,0,1688,1848,-1.00,2555.00,1,-1.000,-1.00,-1.00,-475.94,732.88,2400.91,31.80,64.00
1,1st scan,487,1,forward,124,160,2553,0,1480,1840,-1.00,2553.00,1,-1.000,-1.00,-1.00,-488.27,723.90,2399.04,31.80,64.00
1,1st scan,488,1,forward,125,160,2567,0,2384,1752,-1.00,2567.00,1,-1.000,-1.00,-1.00,-503.58,719.19,2412.19,31.80,64.00
1,1st scan,489,1,forward,126,160,2539,0,1672,1776,-1.00,2539.00,1,-1.000,-1.00,-1.00,-510.43,702.54,2385.88,31.80,64.00
1,1st scan,490,1,forward,127,160,2567,0,2768,1704,-1.00,2567.00,1,-1.000,-1.00,-1.00,-528.37,701.17,2412.19,31.80,64.00
1,1st scan,491,1,forward,128,160,2562,0,1200,1808,-1.00,2562.00,1,-1.000,-1.00,-1.00,-539.48,690.50,2407.49,31.80,64.00
1,1st scan,492,1,forward,129,160,2549,0,1152,1808,-1.00,2549.00,1,-1.000,-1.00,-1.00,-548.65,677.52,2395.28,31.80,64.00
1,1st scan,493,1,forward,130,160,2592,0,2072,1704,-1.00,2592.00,1,-1.000,-1.00,-1.00,-569.84,679.11,2435.68,31.80,64.00
1,1st scan,494,1,forward,131,160,2556,0,1832,1728,-1.00,2556.00,1,-1.000,-1.00,-1.00,-573.53,659.77,2401.85,31.80,64.00
1,1st scan,495,1,forward,132,160,2547,0,1720,1728,-1.00,2547.00,1,-1.000,-1.00,-1.00,-582.90,647.37,2393.40,31.80,64.00
1,1st scan,496,1,forward,133,160,2498,0,1368,1736,-1.00,2498.00,1,-1.000,-1.00,-1.00,-582.68,624.84,2347.35,31.80,64.00
1,1st scan,497,1,forward,134,160,2493,0,2312,1664,-1.00,2493.00,1,-1.000,-1.00,-1.00,-592.30,613.35,2342.65,31.80,64.00
1,1st scan,498,1,forward,135,160,2414,0,2512,1648,-1.00,2414.00,1,-1.000,-1.00,-1.00,-583.81,583.81,2268.42,31.80,64.00
1,1st scan,499,1,forward,136,160,2470,0,2304,1664,-1.00,2470.00,1,-1.000,-1.00,-1.00,-607.69,586.84,2321.04,31.80,64.00
1,1st scan,500,1,forward,137,160,2409,0,2320,1640,-1.00,2409.00,1,-1.000,-1.00,-1.00,-602.58,561.92,2263.72,31.80,64.00
1,1st scan,501,1,forward,138,160,2374,0,2216,1640,-1.00,2374.00,1,-1.000,-1.00,-1.00,-603.40,543.30,2230.83,31.80,64.00
1,1st scan,502,1,forward,139,160,2363,0,2304,1624,-1.00,2363.00,1,-1.000,-1.00,-1.00,-609.95,530.22,2220.49,31.80,64.00
1,1st scan,503,1,forward,140,160,2360,0,2600,1640,-1.00,2360.00,1,-1.000,-1.00,-1.00,-618.33,518.84,2217.67,31.80,64.00
1,1st scan,504,1,forward,141,160,2324,0,1928,1680,-1.00,2324.00,1,-1.000,-1.00,-1.00,-617.72,500.22,2183.85,31.80,64.00
1,1st scan,505,1,forward,142,160,2311,0,1936,1672,-1.00,2311.00,1,-1.000,-1.00,-1.00,-622.85,486.62,2171.63,31.80,64.00
1,1st scan,506,1,forward,143,160,2246,0,3416,1560,-1.00,2246.00,1,-1.000,-1.00,-1.00,-613.49,462.30,2110.55,31.80,64.00
1,1st scan,507,1,forward,144,160,2221,0,2680,1624,-1.00,2221.00,1,-1.000,-1.00,-1.00,-614.55,446.50,2087.06,31.80,64.00
1,1st scan,508,1,forward,145,160,2228,0,2696,1584,-1.00,2228.00,1,-1.000,-1.00,-1.00,-624.21,437.08,2093.64,31.80,64.00
1,1st scan,509,1,forward,146,160,2209,0,2080,1640,-1.00,2209.00,1,-1.000,-1.00,-1.00,-626.36,422.48,2075.78,31.80,64.00
1,1st scan,510,1,forward,147,160,2161,0,2992,1568,-1.00,2161.00,1,-1.000,-1.00,-1.00,-619.87,402.55,2030.68,31.80,64.00
1,1st scan,511,1,forward,148,160,2186,0,2784,1576,-1.00,2186.00,1,-1.000,-1.00,-1.00,-634.05,396.20,2054.17,31.80,64.00
1,1st scan,512,1,forward,149,160,2161,0,2800,1576,-1.00,2161.00,1,-1.000,-1.00,-1.00,-633.54,380.67,2030.68,31.80,64.00
1,1st scan,513,1,forward,150,160,2094,0,1640,1696,-1.00,2094.00,1,-1.000,-1.00,-1.00,-620.24,358.10,1967.72,31.80,64.00
1,1st scan,514,1,forward,151,160,2117,0,2920,1600,-1.00,2117.00,1,-1.000,-1.00,-1.00,-633.27,351.03,1989.33,31.80,64.00
1,1st scan,515,1,forward,152,160,2076,0,1848,1672,-1.00,2076.00,1,-1.000,-1.00,-1.00,-626.92,333.34,1950.80,31.80,64.00
1,1st scan,516,1,forward,153,160,2065,0,3088,1592,-1.00,2065.00,1,-1.000,-1.00,-1.00,-629.29,320.64,1940.47,31.80,64.00
1,1st scan,517,1,forward,154,160,2045,0,2832,1608,-1.00,2045.00,1,-1.000,-1.00,-1.00,-628.64,306.61,1921.67,31.80,64.00
1,1st scan,518,1,forward,155,160,2037,0,2536,1608,-1.00,2037.00,1,-1.000,-1.00,-1.00,-631.42,294.44,1914.15,31.80,64.00
1,1st scan,519,1,forward,156,160,2027,0,3128,1584,-1.00,2027.00,1,-1.000,-1.00,-1.00,-633.34,281.98,1904.76,31.80,64.00
1,1st scan,520,1,forward,157,160,2028,0,2856,1608,-1.00,2028.00,1,-1.000,-1.00,-1.00,-638.48,271.02,1905.70,31.80,64.00
1,1st scan,521,1,forward,158,160,2009,0,3176,1552,-1.00,2009.00,1,-1.000,-1.00,-1.00,-637.09,257.40,1887.84,31.80,64.00
1,1st scan,522,1,forward,159,160,1992,0,2944,1616,-1.00,1992.00,1,-1.000,-1.00,-1.00,-636.05,244.16,1871.87,31.80,64.00
1,1st scan,523,1,forward,160,160,1977,0,3128,1576,-1.00,1977.00,1,-1.000,-1.00,-1.00,-635.40,231.27,1857.77,31.80,64.00
1,1st scan,524,1,forward,161,160,1981,0,2976,1592,-1.00,1981.00,1,-1.000,-1.00,-1.00,-640.63,220.59,1861.53,31.80,64.00
1,1st scan,525,1,forward,162,160,1931,0,3392,1560,-1.00,1931.00,1,-1.000,-1.00,-1.00,-628.12,204.09,1814.55,31.80,64.00
1,1st scan,526,1,forward,163,160,1947,0,3280,1552,-1.00,1947.00,1,-1.000,-1.00,-1.00,-636.82,194.69,1829.58,31.80,64.00
1,1st scan,527,1,forward,164,160,1913,0,3904,1496,-1.00,1913.00,1,-1.000,-1.00,-1.00,-628.94,180.35,1797.63,31.80,64.00
1,1st scan,528,1,forward,165,160,1940,0,3560,1544,-1.00,1940.00,1,-1.000,-1.00,-1.00,-640.91,171.73,1823.00,31.80,64.00
1,1st scan,529,1,forward,166,160,1931,0,3608,1528,-1.00,1931.00,1,-1.000,-1.00,-1.00,-640.82,159.78,1814.55,31.80,64.00
1,1st scan,530,1,forward,167,160,1917,0,3768,1528,-1.00,1917.00,1,-1.000,-1.00,-1.00,-638.85,147.49,1801.39,31.80,64.00
1,1st scan,531,1,forward,168,160,1892,0,4328,1472,-1.00,1892.00,1,-1.000,-1.00,-1.00,-632.96,134.54,1777.90,31.80,64.00
1,1st scan,532,1,forward,169,160,1878,0,3608,1536,-1.00,1878.00,1,-1.000,-1.00,-1.00,-630.51,122.56,1764.74,31.80,64.00
1,1st scan,533,1,forward,170,160,1887,0,4048,1520,-1.00,1887.00,1,-1.000,-1.00,-1.00,-635.59,112.07,1773.20,31.80,64.00
1,1st scan,534,1,forward,171,160,1891,0,3896,1512,-1.00,1891.00,1,-1.000,-1.00,-1.00,-638.80,101.18,1776.96,31.80,64.00
1,1st scan,535,1,forward,172,160,1903,0,4000,1528,-1.00,1903.00,1,-1.000,-1.00,-1.00,-644.53,90.58,1788.24,31.80,64.00
1,1st scan,536,1,forward,173,160,1876,0,4296,1512,-1.00,1876.00,1,-1.000,-1.00,-1.00,-636.85,78.19,1762.86,31.80,64.00
1,1st scan,537,1,forward,174,160,1884,0,4896,1504,-1.00,1884.00,1,-1.000,-1.00,-1.00,-640.84,67.35,1770.38,31.80,64.00
1,1st scan,538,1,forward,175,160,1874,0,4400,1512,-1.00,1874.00,1,-1.000,-1.00,-1.00,-638.51,55.86,1760.98,31.80,64.00
1,1st scan,539,1,forward,176,160,1874,0,4312,1496,-1.00,1874.00,1,-1.000,-1.00,-1.00,-639.38,44.71,1760.98,31.80,64.00
1,1st scan,540,1,forward,177,160,1862,0,4536,1496,-1.00,1862.00,1,-1.000,-1.00,-1.00,-635.97,33.33,1749.71,31.80,64.00
1,1st scan,541,1,forward,178,160,1864,0,5088,1472,-1.00,1864.00,1,-1.000,-1.00,-1.00,-637.14,22.25,1751.59,31.80,64.00
1,1st scan,542,1,forward,179,160,1855,0,5088,1416,-1.00,1855.00,1,-1.000,-1.00,-1.00,-634.35,11.07,1743.13,31.80,64.00
1,1st scan,543,1,forward,180,160,1869,0,3848,1560,-1.00,1869.00,1,-1.000,-1.00,-1.00,-639.24,-0.00,1756.29,31.80,64.00
1,1st scan,544,1,backward,180,155,1899,0,4376,1536,-1.00,1899.00,0,-1.000,-1.00,-1.00,-802.55,-0.00,1721.08,31.60,64.00
1,1st scan,545,1,backward,179,155,1884,0,4112,1576,-1.00,1884.00,0,-1.000,-1.00,-1.00,-796.09,13.90,1707.48,31.60,64.00
1,1st scan,546,1,backward,178,155,1899,0,4008,1592,-1.00,1899.00,1,-1.000,-1.00,-1.00,-802.06,28.01,1721.08,31.60,64.00
1,1st scan,547,1,backward,177,155,1896,0,4648,1544,-1.00,1896.00,1,-1.000,-1.00,-1.00,-800.19,41.94,1718.36,31.60,64.00
1,1st scan,548,1,backward,176,155,1900,0,4304,1536,-1.00,1900.00,1,-1.000,-1.00,-1.00,-801.02,56.01,1721.98,31.60,64.00
1,1st scan,549,1,backward,175,155,1887,0,4376,1512,-1.00,1887.00,1,-1.000,-1.00,-1.00,-794.45,69.50,1710.20,31.60,64.00
1,1st scan,550,1,backward,174,155,1911,0,4104,1560,-1.00,1911.00,1,-1.000,-1.00,-1.00,-803.20,84.42,1731.95,31.60,64.00
1,1st scan,551,1,backward,173,155,1893,0,3744,1600,-1.00,1893.00,1,-1.000,-1.00,-1.00,-794.05,97.50,1715.64,31.60,64.00
1,1st scan,552,1,backward,172,155,1910,0,2992,1664,-1.00,1910.00,1,-1.000,-1.00,-1.00,-799.35,112.34,1731.05,31.60,64.00
1,1st scan,553,1,backward,171,155,1898,0,3432,1624,-1.00,1898.00,1,-1.000,-1.00,-1.00,-792.25,125.48,1720.17,31.60,64.00
1,1st scan,554,1,backward,170,155,1922,0,4112,1576,-1.00,1922.00,1,-1.000,-1.00,-1.00,-799.93,141.05,1741.92,31.60,64.00
1,1st scan,555,1,backward,169,155,1903,0,3984,1584,-1.00,1903.00,1,-1.000,-1.00,-1.00,-789.47,153.46,1724.70,31.60,64.00
1,1st scan,556,1,backward,168,155,1910,0,4272,1544,-1.00,1910.00,1,-1.000,-1.00,-1.00,-789.56,167.83,1731.05,31.60,64.00
1,1st scan,557,1,backward,167,155,1927,0,4024,1552,-1.00,1927.00,1,-1.000,-1.00,-1.00,-793.51,183.20,1746.46,31.60,64.00
1,1st scan,558,1,backward,166,155,1938,0,3864,1568,-1.00,1938.00,1,-1.000,-1.00,-1.00,-794.71,198.14,1756.42,31.60,64.00
1,1st scan,559,1,backward,165,155,1957,0,3728,1584,-1.00,1957.00,1,-1.000,-1.00,-1.00,-798.88,214.06,1773.64,31.60,64.00
1,1st scan,560,1,backward,164,155,1945,0,3752,1592,-1.00,1945.00,1,-1.000,-1.00,-1.00,-790.15,226.57,1762.77,31.60,64.00
1,1st scan,561,1,backward,163,155,1952,0,3696,1600,-1.00,1952.00,1,-1.000,-1.00,-1.00,-788.90,241.19,1769.11,31.60,64.00
1,1st scan,562,1,backward,162,155,1967,0,3912,1576,-1.00,1967.00,1,-1.000,-1.00,-1.00,-790.60,256.88,1782.71,31.60,64.00
1,1st scan,563,1,backward,161,155,1982,0,3264,1632,-1.00,1982.00,1,-1.000,-1.00,-1.00,-791.99,272.71,1796.30,31.60,64.00
1,1st scan,564,1,backward,160,155,2000,0,4144,1576,-1.00,2000.00,1,-1.000,-1.00,-1.00,-794.26,289.09,1812.62,31.60,64.00
1,1st scan,565,1,backward,159,155,2009,0,2680,1688,-1.00,2009.00,1,-1.000,-1.00,-1.00,-792.65,304.27,1820.77,31.60,64.00
1,1st scan,566,1,backward,158,155,1988,0,3240,1616,-1.00,1988.00,1,-1.000,-1.00,-1.00,-778.99,314.73,1801.74,31.60,64.00
1,1st scan,567,1,backward,157,155,2014,0,3688,1576,-1.00,2014.00,1,-1.000,-1.00,-1.00,-783.49,332.57,1825.30,31.60,64.00
1,1st scan,568,1,backward,156,155,2036,0,3416,1616,-1.00,2036.00,1,-1.000,-1.00,-1.00,-786.06,349.98,1845.24,31.60,64.00
1,1st scan,569,1,backward,155,155,2063,0,3176,1632,-1.00,2063.00,1,-1.000,-1.00,-1.00,-790.17,368.46,1869.71,31.60,64.00
1,1st scan,570,1,backward,154,155,2063,0,2520,1704,-1.00,2063.00,1,-1.000,-1.00,-1.00,-783.62,382.20,1869.71,31.60,64.00
1,1st scan,571,1,backward,153,155,2081,0,2632,1696,-1.00,2081.00,1,-1.000,-1.00,-1.00,-783.61,399.27,1886.03,31.60,64.00
1,1st scan,572,1,backward,152,155,2084,0,2760,1696,-1.00,2084.00,1,-1.000,-1.00,-1.00,-777.64,413.48,1888.75,31.60,64.00
1,1st scan,573,1,backward,151,155,2105,0,2648,1680,-1.00,2105.00,1,-1.000,-1.00,-1.00,-778.07,431.29,1907.78,31.60,64.00
1,1st scan,574,1,backward,150,155,2089,0,2400,1728,-1.00,2089.00,1,-1.000,-1.00,-1.00,-764.57,441.42,1893.28,31.60,64.00
1,1st scan,575,1,backward,149,155,2158,0,3024,1632,-1.00,2158.00,1,-1.000,-1.00,-1.00,-781.75,469.72,1955.81,31.60,64.00
1,1st scan,576,1,backward,148,155,2182,0,2072,1688,-1.00,2182.00,1,-1.000,-1.00,-1.00,-782.03,488.67,1977.56,31.60,64.00
1,1st scan,577,1,backward,147,155,2216,0,3304,1616,-1.00,2216.00,1,-1.000,-1.00,-1.00,-785.43,510.07,2008.38,31.60,64.00
1,1st scan,578,1,backward,146,155,2210,0,3016,1632,-1.00,2210.00,1,-1.000,-1.00,-1.00,-774.31,522.28,2002.94,31.60,64.00
1,1st scan,579,1,backward,145,155,2216,0,2752,1656,-1.00,2216.00,1,-1.000,-1.00,-1.00,-767.15,537.17,2008.38,31.60,64.00
1,1st scan,580,1,backward,144,155,2239,0,1808,1736,-1.00,2239.00,1,-1.000,-1.00,-1.00,-765.53,556.19,2029.22,31.60,64.00
1,1st scan,581,1,backward,143,155,2240,0,2552,1688,-1.00,2240.00,1,-1.000,-1.00,-1.00,-756.04,569.72,2030.13,31.60,64.00
1,1st scan,582,1,backward,142,155,2336,0,1448,1784,-1.00,2336.00,1,-1.000,-1.00,-1.00,-777.95,607.80,2117.14,31.60,64.00
1,1st scan,583,1,backward,141,155,2289,0,2256,1712,-1.00,2289.00,1,-1.000,-1.00,-1.00,-751.79,608.79,2074.54,31.60,64.00
1,1st scan,584,1,backward,140,155,2381,0,2032,1720,-1.00,2381.00,1,-1.000,-1.00,-1.00,-770.84,646.81,2157.92,31.60,64.00
1,1st scan,585,1,backward,139,155,2339,0,2160,1712,-1.00,2339.00,1,-1.000,-1.00,-1.00,-746.03,648.52,2119.85,31.60,64.00
1,1st scan,586,1,backward,138,155,2424,0,2352,1688,-1.00,2424.00,1,-1.000,-1.00,-1.00,-761.30,685.48,2196.89,31.60,64.00
1,1st scan,587,1,backward,137,155,2410,0,1104,1808,-1.00,2410.00,1,-1.000,-1.00,-1.00,-744.89,694.62,2184.20,31.60,64.00
1,1st scan,588,1,backward,136,155,2421,0,1704,1768,-1.00,2421.00,1,-1.000,-1.00,-1.00,-736.00,710.75,2194.17,31.60,64.00
1,1st scan,589,1,backward,135,155,2463,0,1944,1688,-1.00,2463.00,1,-1.000,-1.00,-1.00,-736.03,736.03,2232.24,31.60,64.00
1,1st scan,590,1,backward,134,155,2533,0,1920,1736,-1.00,2533.00,1,-1.000,-1.00,-1.00,-743.63,770.05,2295.68,31.60,64.00
1,1st scan,591,1,backward,133,155,2520,0,2128,1688,-1.00,2520.00,1,-1.000,-1.00,-1.00,-726.33,778.89,2283.90,31.60,64.00
1,1st scan,592,1,backward,132,155,2577,0,2720,1680,-1.00,2577.00,1,-1.000,-1.00,-1.00,-728.74,809.35,2335.56,31.60,64.00
1,1st scan,593,1,backward,131,155,2516,0,1768,1792,-1.00,2516.00,1,-1.000,-1.00,-1.00,-697.59,802.49,2280.27,31.60,64.00
1,1st scan,594,1,backward,130,155,2586,0,1648,1784,-1.00,2586.00,1,-1.000,-1.00,-1.00,-702.50,837.20,2343.71,31.60,64.00
1,1st scan,595,1,backward,129,155,2592,0,1752,1808,-1.00,2592.00,1,-1.000,-1.00,-1.00,-689.37,851.31,2349.15,31.60,64.00
1,1st scan,596,1,backward,128,155,2615,0,2040,1776,-1.00,2615.00,1,-1.000,-1.00,-1.00,-680.40,870.87,2369.99,31.60,64.00
1,1st scan,597,1,backward,127,155,2571,0,1520,1824,-1.00,2571.00,1,-1.000,-1.00,-1.00,-653.90,867.76,2330.12,31.60,64.00
1,1st scan,598,1,backward,126,155,2590,0,1384,1840,-1.00,2590.00,1,-1.000,-1.00,-1.00,-643.38,885.53,2347.34,31.60,64.00
1,1st scan,599,1,backward,125,155,2604,0,1928,1816,-1.00,2604.00,1,-1.000,-1.00,-1.00,-631.22,901.48,2360.03,31.60,64.00
1,1st scan,600,1,backward,124,155,-1,2,912,1920,-1.00,-1.00,1,-1.000,-1.00,-1.00,-1.00,-1.00,-1.00,31.60,64.00
1,1st scan,601,1,backward,123,155,2562,0,1752,1848,-1.00,2562.00,1,-1.000,-1.00,-1.00,-589.71,908.07,2321.96,31.60,64.00
1,1st scan,602,1,backward,122,155,2567,0,2888,1784,-1.00,2567.00,1,-1.000,-1.00,-1.00,-574.89,920.01,2326.49,31.60,64.00
1,1st scan,603,1,backward,121,155,2543,0,1944,1840,-1.00,2543.00,1,-1.000,-1.00,-1.00,-553.52,921.21,2304.74,31.60,64.00
1,1st scan,604,1,backward,120,155,2523,0,1888,1880,-1.00,2523.00,1,-1.000,-1.00,-1.00,-533.13,923.41,2286.61,31.60,64.00
1,1st scan,605,1,backward,119,155,2469,0,2160,1888,-1.00,2469.00,1,-1.000,-1.00,-1.00,-505.87,912.62,2237.67,31.60,64.00
1,1st scan,606,1,backward,118,155,2467,0,2048,1888,-1.00,2467.00,1,-1.000,-1.00,-1.00,-489.47,920.56,2235.86,31.60,64.00
1,1st scan,607,1,backward,117,155,2481,0,2456,1880,-1.00,2481.00,1,-1.000,-1.00,-1.00,-476.02,934.23,2248.55,31.60,64.00
1,1st scan,608,1,backward,116,155,2445,0,2104,1920,-1.00,2445.00,1,-1.000,-1.00,-1.00,-452.97,928.73,2215.92,31.60,64.00
1,1st scan,609,1,backward,115,155,2426,0,2144,1944,-1.00,2426.00,1,-1.000,-1.00,-1.00,-433.30,929.21,2198.70,31.60,64.00
1,1st scan,610,1,backward,114,155,2419,0,2352,1912,-1.00,2419.00,1,-1.000,-1.00,-1.00,-415.81,933.93,2192.36,31.60,64.00
1,1st scan,611,1,backward,113,155,2359,0,3288,1872,-1.00,2359.00,1,-1.000,-1.00,-1.00,-389.54,917.70,2137.98,31.60,64.00
1,1st scan,612,1,backward,112,155,2360,0,2624,1944,-1.00,2360.00,1,-1.000,-1.00,-1.00,-373.62,924.75,2138.89,31.60,64.00
1,1st scan,613,1,backward,111,155,-1,2,608,2120,-1.00,-1.00,1,-1.000,-1.00,-1.00,-1.00,-1.00,-1.00,31.60,64.00
1,1st scan,614,1,backward,110,155,2305,0,2568,1968,-1.00,2305.00,1,-1.000,-1.00,-1.00,-333.17,915.39,2089.04,31.60,64.00
1,1st scan,615,1,backward,109,155,2299,0,3240,1936,-1.00,2299.00,1,-1.000,-1.00,-1.00,-316.32,918.67,2083.60,31.60,64.00
1,1st scan,616,1,backward,108,155,2277,0,2992,1976,-1.00,2277.00,1,-1.000,-1.00,-1.00,-297.37,915.20,2063.66,31.60,64.00
1,1st scan,617,1,backward,107,155,2298,0,1960,2080,-1.00,2298.00,1,-1.000,-1.00,-1.00,-283.94,928.74,2082.70,31.60,64.00
1,1st scan,618,1,backward,106,155,2258,0,2760,1992,-1.00,2258.00,1,-1.000,-1.00,-1.00,-263.03,917.31,2046.44,31.60,64.00
1,1st scan,619,1,backward,105,155,2251,0,2608,2016,-1.00,2251.00,1,-1.000,-1.00,-1.00,-246.22,918.90,2040.10,31.60,64.00
1,1st scan,620,1,backward,104,155,2268,0,2320,2040,-1.00,2268.00,1,-1.000,-1.00,-1.00,-231.88,930.03,2055.51,31.60,64.00
1,1st scan,621,1,backward,103,155,2248,0,1984,2080,-1.00,2248.00,1,-1.000,-1.00,-1.00,-213.71,925.70,2037.38,31.60,64.00
1,1st scan,622,1,backward,102,155,2191,0,2056,2096,-1.00,2191.00,1,-1.000,-1.00,-1.00,-192.52,905.72,1985.72,31.60,64.00
1,1st scan,623,1,backward,101,155,2213,0,3392,1976,-1.00,2213.00,1,-1.000,-1.00,-1.00,-178.45,918.07,2005.66,31.60,64.00
1,1st scan,624,1,backward,100,155,2191,0,2888,2000,-1.00,2191.00,1,-1.000,-1.00,-1.00,-160.79,911.89,1985.72,31.60,64.00
1,1st scan,625,1,backward,99,155,2212,0,2488,2072,-1.00,2212.00,1,-1.000,-1.00,-1.00,-146.24,923.32,2004.75,31.60,64.00
1,1st scan,626,1,backward,98,155,2189,0,3856,1968,-1.00,2189.00,1,-1.000,-1.00,-1.00,-128.75,916.11,1983.91,31.60,64.00
1,1st scan,627,1,backward,97,155,2187,0,3032,1992,-1.00,2187.00,1,-1.000,-1.00,-1.00,-112.64,917.38,1982.10,31.60,64.00
1,1st scan,628,1,backward,96,155,2183,0,2744,2024,-1.00,2183.00,1,-1.000,-1.00,-1.00,-96.44,917.52,1978.47,31.60,64.00
1,1st scan,629,1,backward,95,155,2142,0,2256,2104,-1.00,2142.00,1,-1.000,-1.00,-1.00,-78.90,901.80,1941.31,31.60,64.00
1,1st scan,630,1,backward,94,155,2156,0,2664,2064,-1.00,2156.00,1,-1.000,-1.00,-1.00,-63.56,908.95,1954.00,31.60,64.00
1,1st scan,631,1,backward,93,155,2162,0,3704,1968,-1.00,2162.00,1,-1.000,-1.00,-1.00,-47.82,912.45,1959.44,31.60,64.00
1,1st scan,632,1,backward,92,155,2137,0,3064,2024,-1.00,2137.00,1,-1.000,-1.00,-1.00,-31.52,902.59,1936.78,31.60,64.00
1,1st scan,633,1,backward,91,155,2150,0,2952,2048,-1.00,2150.00,1,-1.000,-1.00,-1.00,-15.86,908.49,1948.56,31.60,64.00
1,1st scan,634,1,backward,90,155,2119,0,2984,2040,-1.00,2119.00,1,-1.000,-1.00,-1.00,-0.00,895.53,1920.47,31.60,64.00
1,1st scan,635,1,backward,89,155,2125,0,2264,2128,-1.00,2125.00,1,-1.000,-1.00,-1.00,15.67,897.93,1925.90,31.60,64.00
1,1st scan,636,1,backward,88,155,2133,0,3096,2056,-1.00,2133.00,1,-1.000,-1.00,-1.00,31.46,900.90,1933.15,31.60,64.00
1,1st scan,637,1,backward,87,155,2139,0,3560,2024,-1.00,2139.00,1,-1.000,-1.00,-1.00,47.31,902.74,1938.59,31.60,64.00
1,1st scan,638,1,backward,86,155,2135,0,2520,2112,-1.00,2135.00,1,-1.000,-1.00,-1.00,62.94,900.09,1934.97,31.60,64.00
1,1st scan,639,1,backward,85,155,2139,0,3776,1968,-1.00,2139.00,1,-1.000,-1.00,-1.00,78.79,900.54,1938.59,31.60,64.00
1,1st scan,640,1,backward,84,155,2131,0,2472,2088,-1.00,2131.00,1,-1.000,-1.00,-1.00,94.14,895.67,1931.34,31.60,64.00
1,1st scan,641,1,backward,83,155,2129,0,3376,2000,-1.00,2129.00,1,-1.000,-1.00,-1.00,109.65,893.05,1929.53,31.60,64.00
1,1st scan,642,1,backward,82,155,2110,0,2864,2056,-1.00,2110.00,1,-1.000,-1.00,-1.00,124.10,883.05,1912.31,31.60,64.00
1,1st scan,643,1,backward,81,155,2130,0,3784,1952,-1.00,2130.00,1,-1.000,-1.00,-1.00,140.82,889.09,1930.44,31.60,64.00
1,1st scan,644,1,backward,80,155,2131,0,3824,1952,-1.00,2131.00,1,-1.000,-1.00,-1.00,156.39,886.92,1931.34,31.60,64.00
1,1st scan,645,1,backward,79,155,2134,0,2936,2048,-1.00,2134.00,1,-1.000,-1.00,-1.00,172.08,885.30,1934.06,31.60,64.00
1,1st scan,646,1,backward,78,155,2106,0,3112,2032,-1.00,2106.00,1,-1.000,-1.00,-1.00,185.05,870.58,1908.68,31.60,64.00
1,1st scan,647,1,backward,77,155,2134,0,3600,1992,-1.00,2134.00,1,-1.000,-1.00,-1.00,202.88,878.75,1934.06,31.60,64.00
1,1st scan,648,1,backward,76,155,2120,0,3544,1976,-1.00,2120.00,1,-1.000,-1.00,-1.00,216.75,869.34,1921.37,31.60,64.00
1,1st scan,649,1,backward,75,155,2120,0,2824,2040,-1.00,2120.00,1,-1.000,-1.00,-1.00,231.89,865.42,1921.37,31.60,64.00
1,1st scan,650,1,backward,74,155,2130,0,3128,2064,-1.00,2130.00,1,-1.000,-1.00,-1.00,248.12,865.31,1930.44,31.60,64.00
1,1st scan,651,1,backward,73,155,2141,0,3064,2032,-1.00,2141.00,1,-1.000,-1.00,-1.00,264.55,865.29,1940.41,31.60,64.00
1,1st scan,652,1,backward,72,155,2130,0,2432,2056,-1.00,2130.00,1,-1.000,-1.00,-1.00,278.17,856.12,1930.44,31.60,64.00
1,1st scan,653,1,backward,71,155,2122,0,3096,2016,-1.00,2122.00,1,-1.000,-1.00,-1.00,291.97,847.94,1923.19,31.60,64.00
1,1st scan,654,1,backward,70,155,2160,0,3296,2008,-1.00,2160.00,1,-1.000,-1.00,-1.00,312.21,857.80,1957.62,31.60,64.00
1,1st scan,655,1,backward,69,155,2169,0,3512,1984,-1.00,2169.00,1,-1.000,-1.00,-1.00,328.50,855.77,1965.78,31.60,64.00
1,1st scan,656,1,backward,68,155,2179,0,3584,1984,-1.00,2179.00,1,-1.000,-1.00,-1.00,344.97,853.83,1974.84,31.60,64.00
1,1st scan,657,1,backward,67,155,2170,0,3392,1968,-1.00,2170.00,1,-1.000,-1.00,-1.00,358.33,844.18,1966.69,31.60,64.00
1,1st scan,658,1,backward,66,155,2199,0,3528,2000,-1.00,2199.00,1,-1.000,-1.00,-1.00,378.00,848.99,1992.97,31.60,64.00
1,1st scan,659,1,backward,65,155,2207,0,3512,1976,-1.00,2207.00,1,-1.000,-1.00,-1.00,394.18,845.33,2000.22,31.60,64.00
1,1st scan,660,1,backward,64,155,2188,0,2816,2032,-1.00,2188.00,1,-1.000,-1.00,-1.00,405.36,831.10,1983.00,31.60,64.00
1,1st scan,661,1,backward,63,155,2196,0,2920,2040,-1.00,2196.00,1,-1.000,-1.00,-1.00,421.33,826.92,1990.25,31.60,64.00
1,1st scan,662,1,backward,62,155,2227,0,2720,2064,-1.00,2227.00,1,-1.000,-1.00,-1.00,441.85,831.00,2018.35,31.60,64.00
1,1st scan,663,1,backward,61,155,2228,0,2680,2056,-1.00,2228.00,1,-1.000,-1.00,-1.00,456.49,823.54,2019.25,31.60,64.00
1,1st scan,664,1,backward,60,155,2228,0,2768,2040,-1.00,2228.00,1,-1.000,-1.00,-1.00,470.80,815.44,2019.25,31.60,64.00
1,1st scan,665,1,backward,59,155,2279,0,2656,2080,-1.00,2279.00,1,-1.000,-1.00,-1.00,496.06,825.58,2065.48,31.60,64.00
1,1st scan,666,1,backward,58,155,2282,0,1512,2160,-1.00,2282.00,1,-1.000,-1.00,-1.00,511.06,817.87,2068.19,31.60,64.00
1,1st scan,667,1,backward,57,155,2329,0,1920,2104,-1.00,2329.00,1,-1.000,-1.00,-1.00,536.08,825.48,2110.79,31.60,64.00
1,1st scan,668,1,backward,56,155,2287,0,2528,2040,-1.00,2287.00,1,-1.000,-1.00,-1.00,540.48,801.29,2072.73,31.60,64.00
1,1st scan,669,1,backward,55,155,2315,0,3320,2024,-1.00,2315.00,1,-1.000,-1.00,-1.00,561.16,801.43,2098.10,31.60,64.00
1,1st scan,670,1,backward,54,155,2323,0,2464,2056,-1.00,2323.00,1,-1.000,-1.00,-1.00,577.05,794.25,2105.35,31.60,64.00
1,1st scan,671,1,backward,53,155,2366,0,1416,2168,-1.00,2366.00,1,-1.000,-1.00,-1.00,601.76,798.57,2144.32,31.60,64.00
1,1st scan,672,1,backward,52,155,2352,0,2456,2080,-1.00,2352.00,1,-1.000,-1.00,-1.00,611.97,783.28,2131.64,31.60,64.00
1,1st scan,673,1,backward,51,155,2414,0,2888,2016,-1.00,2414.00,1,-1.000,-1.00,-1.00,642.03,792.84,2187.83,31.60,64.00
1,1st scan,674,1,backward,50,155,2372,0,1888,2080,-1.00,2372.00,1,-1.000,-1.00,-1.00,644.36,767.92,2149.76,31.60,64.00
1,1st scan,675,1,backward,49,155,2463,0,2168,2072,-1.00,2463.00,1,-1.000,-1.00,-1.00,682.90,785.58,2232.24,31.60,64.00
1,1st scan,676,1,backward,48,155,2463,0,2512,2048,-1.00,2463.00,1,-1.000,-1.00,-1.00,696.50,773.55,2232.24,31.60,64.00
1,1st scan,677,1,backward,47,155,2471,0,1920,2096,-1.00,2471.00,1,-1.000,-1.00,-1.00,712.20,763.75,2239.49,31.60,64.00
1,1st scan,678,1,backward,46,155,2472,0,1184,2160,-1.00,2472.00,1,-1.000,-1.00,-1.00,725.72,751.50,2240.39,31.60,64.00
1,1st scan,679,1,backward,45,155,2497,0,1896,2056,-1.00,2497.00,1,-1.000,-1.00,-1.00,746.19,746.19,2263.05,31.60,64.00
1,1st scan,680,1,backward,44,155,2459,0,2488,2040,-1.00,2459.00,1,-1.000,-1.00,-1.00,747.55,721.90,2228.61,31.60,64.00
1,1st scan,681,1,backward,43,155,2549,0,1648,2080,-1.00,2549.00,1,-1.000,-1.00,-1.00,787.85,734.69,2310.18,31.60,64.00
1,1st scan,682,1,backward,42,155,2555,0,1200,2136,-1.00,2555.00,1,-1.000,-1.00,-1.00,802.44,722.52,2315.62,31.60,64.00
1,1st scan,683,1,backward,41,155,2614,0,1656,2056,-1.00,2614.00,1,-1.000,-1.00,-1.00,833.75,724.76,2369.09,31.60,64.00
1,1st scan,684,1,backward,40,155,2610,0,1968,2080,-1.00,2610.00,1,-1.000,-1.00,-1.00,844.97,709.02,2365.46,31.60,64.00
1,1st scan,685,1,backward,39,155,2655,0,1848,2072,-1.00,2655.00,1,-1.000,-1.00,-1.00,872.00,706.13,2406.25,31.60,64.00
1,1st scan,686,1,backward,38,155,2626,0,1440,2120,-1.00,2626.00,1,-1.000,-1.00,-1.00,874.53,683.26,2379.96,31.60,64.00
1,1st scan,687,1,backward,37,155,2690,0,1560,2072,-1.00,2690.00,1,-1.000,-1.00,-1.00,907.92,684.17,2437.97,31.60,64.00
1,1st scan,688,1,backward,36,155,2616,0,1424,2064,-1.00,2616.00,1,-1.000,-1.00,-1.00,894.42,649.84,2370.90,31.60,64.00
1,1st scan,689,1,backward,35,155,2633,0,1096,2104,-1.00,2633.00,1,-1.000,-1.00,-1.00,911.51,638.25,2386.31,31.60,64.00
1,1st scan,690,1,backward,34,155,2594,0,1128,2120,-1.00,2594.00,1,-1.000,-1.00,-1.00,908.85,613.03,2350.96,31.60,64.00
1,1st scan,691,1,backward,33,155,2726,0,1608,2064,-1.00,2726.00,1,-1.000,-1.00,-1.00,966.20,627.46,2470.60,31.60,64.00
1,1st scan,692,1,backward,32,155,2592,0,2016,2008,-1.00,2592.00,1,-1.000,-1.00,-1.00,928.97,580.49,2349.15,31.60,64.00
1,1st scan,693,1,backward,31,155,2647,0,1336,2064,-1.00,2647.00,1,-1.000,-1.00,-1.00,958.89,576.16,2399.00,31.60,64.00
1,1st scan,694,1,backward,30,155,2492,0,1464,2072,-1.00,2492.00,1,-1.000,-1.00,-1.00,912.07,526.58,2258.52,31.60,64.00
1,1st scan,695,1,backward,29,155,2658,0,1368,2056,-1.00,2658.00,1,-1.000,-1.00,-1.00,982.48,544.60,2408.97,31.60,64.00
1,1st scan,696,1,backward,28,155,2477,0,1896,2016,-1.00,2477.00,0,-1.000,-1.00,-1.00,924.29,491.45,2244.92,31.60,64.00
1,1st scan,697,1,backward,27,155,-1,2,736,2136,-1.00,-1.00,1,-1.000,-1.00,-1.00,-1.00,-1.00,-1.00,31.60,64.00
1,1st scan,698,1,backward,26,155,-1,2,1016,2120,-1.00,-1.00,1,-1.000,-1.00,-1.00,-1.00,-1.00,-1.00,31.60,64.00
1,1st scan,699,1,backward,25,155,2399,0,2232,2008,-1.00,2399.00,1,-1.000,-1.00,-1.00,918.87,428.48,2174.23,31.60,64.00
1,1st scan,700,1,backward,24,155,2333,0,1600,2096,-1.00,2333.00,1,-1.000,-1.00,-1.00,900.73,401.03,2114.42,31.60,64.00
1,1st scan,701,1,backward,23,155,2261,0,1088,2160,-1.00,2261.00,1,-1.000,-1.00,-1.00,879.58,373.36,2049.16,31.60,64.00
1,1st scan,702,1,backward,22,155,2344,0,2776,2056,-1.00,2344.00,1,-1.000,-1.00,-1.00,918.48,371.09,2124.39,31.60,64.00
1,1st scan,703,1,backward,21,155,2258,0,2152,2048,-1.00,2258.00,1,-1.000,-1.00,-1.00,890.89,341.98,2046.44,31.60,64.00
1,1st scan,704,1,backward,20,155,2194,0,1672,2112,-1.00,2194.00,1,-1.000,-1.00,-1.00,871.31,317.13,1988.44,31.60,64.00
1,1st scan,705,1,backward,19,155,2253,0,1912,2096,-1.00,2253.00,1,-1.000,-1.00,-1.00,900.28,309.99,2041.91,31.60,64.00
1,1st scan,706,1,backward,18,155,2255,0,2344,2080,-1.00,2255.00,1,-1.000,-1.00,-1.00,906.36,294.49,2043.72,31.60,64.00
1,1st scan,707,1,backward,17,155,2189,0,1720,2128,-1.00,2189.00,1,-1.000,-1.00,-1.00,884.69,270.48,1983.91,31.60,64.00
1,1st scan,708,1,backward,16,155,2178,0,2880,2008,-1.00,2178.00,1,-1.000,-1.00,-1.00,884.81,253.71,1973.94,31.60,64.00
1,1st scan,709,1,backward,15,155,2161,0,2360,2064,-1.00,2161.00,1,-1.000,-1.00,-1.00,882.16,236.37,1958.53,31.60,64.00
1,1st scan,710,1,backward,14,155,2147,0,1536,2136,-1.00,2147.00,1,-1.000,-1.00,-1.00,880.41,219.51,1945.84,31.60,64.00
1,1st scan,711,1,backward,13,155,2112,0,1192,2184,-1.00,2112.00,1,-1.000,-1.00,-1.00,869.69,200.78,1914.12,31.60,64.00
1,1st scan,712,1,backward,12,155,2154,0,1664,2112,-1.00,2154.00,1,-1.000,-1.00,-1.00,890.43,189.27,1952.19,31.60,64.00
1,1st scan,713,1,backward,11,155,2068,0,2496,2056,-1.00,2068.00,1,-1.000,-1.00,-1.00,857.92,166.76,1874.24,31.60,64.00
1,1st scan,714,1,backward,10,155,-1,2,792,2184,-1.00,-1.00,1,-1.000,-1.00,-1.00,-1.00,-1.00,-1.00,31.60,64.00
1,1st scan,715,1,backward,9,155,2028,0,2088,2096,-1.00,2028.00,1,-1.000,-1.00,-1.00,846.52,134.08,1837.99,31.60,64.00
1,1st scan,716,1,backward,8,155,2039,0,1832,2112,-1.00,2039.00,1,-1.000,-1.00,-1.00,853.33,119.93,1847.96,31.60,64.00
1,1st scan,717,1,backward,7,155,2063,0,1936,2096,-1.00,2063.00,1,-1.000,-1.00,-1.00,865.36,106.25,1869.71,31.60,64.00
1,1st scan,718,1,backward,6,155,2018,0,2600,2032,-1.00,2018.00,1,-1.000,-1.00,-1.00,848.17,89.15,1828.93,31.60,64.00
1,1st scan,719,1,backward,5,155,2058,0,3008,2016,-1.00,2058.00,1,-1.000,-1.00,-1.00,866.44,75.80,1865.18,31.60,64.00
1,1st scan,720,1,backward,4,155,2022,0,2728,2040,-1.00,2022.00,1,-1.000,-1.00,-1.00,852.45,59.61,1832.55,31.60,64.00
1,1st scan,721,1,backward,3,155,1998,0,2272,2080,-1.00,1998.00,1,-1.000,-1.00,-1.00,843.23,44.19,1810.80,31.60,64.00
1,1st scan,722,1,backward,2,155,1971,0,2424,2040,-1.00,1971.00,1,-1.000,-1.00,-1.00,832.47,29.07,1786.33,31.60,64.00
1,1st scan,723,1,backward,1,155,1952,0,3280,1968,-1.00,1952.00,1,-1.000,-1.00,-1.00,824.83,14.40,1769.11,31.60,64.00
1,1st scan,724,1,backward,0,155,1915,0,3544,1928,-1.00,1915.00,0,-1.000,-1.00,-1.00,809.31,0.00,1735.58,31.60,64.00
1,1st scan,725,1,forward,0,150,764,0,5168,2000,-1.00,764.00,1,-1.000,-1.00,-1.00,382.00,0.00,661.64,31.80,63.00
1,1st scan,726,1,forward,1,150,781,0,4856,2016,-1.00,781.00,0,-1.000,-1.00,-1.00,390.44,6.82,676.37,31.80,63.00
1,1st scan,727,1,forward,2,150,1682,0,4584,2016,-1.00,1682.00,1,-1.000,-1.00,-1.00,840.49,29.35,1456.65,31.80,63.00
1,1st scan,728,1,forward,3,150,1950,0,2760,2136,-1.00,1950.00,1,-1.000,-1.00,-1.00,973.66,51.03,1688.75,31.80,63.00
1,1st scan,729,1,forward,4,150,1971,0,2656,2136,-1.00,1971.00,1,-1.000,-1.00,-1.00,983.10,68.74,1706.94,31.80,63.00
1,1st scan,730,1,forward,5,150,2013,0,2232,2168,-1.00,2013.00,1,-1.000,-1.00,-1.00,1002.67,87.72,1743.31,31.80,63.00
1,1st scan,731,1,forward,6,150,1983,0,1560,2288,-1.00,1983.00,1,-1.000,-1.00,-1.00,986.07,103.64,1717.33,31.80,63.00
1,1st scan,732,1,forward,7,150,2036,0,1960,2224,-1.00,2036.00,1,-1.000,-1.00,-1.00,1010.41,124.06,1763.23,31.80,63.00
1,1st scan,733,1,forward,8,150,2059,0,2656,2136,-1.00,2059.00,1,-1.000,-1.00,-1.00,1019.48,143.28,1783.15,31.80,63.00
1,1st scan,734,1,forward,9,150,2074,0,1848,2232,-1.00,2074.00,0,-1.000,-1.00,-1.00,1024.23,162.22,1796.14,31.80,63.00
1,1st scan,735,1,forward,10,150,-1,2,520,2336,-1.00,-1.00,1,-1.000,-1.00,-1.00,-1.00,-1.00,-1.00,31.80,63.00
1,1st scan,736,1,forward,11,150,2100,0,2456,2152,-1.00,2100.00,0,-1.000,-1.00,-1.00,1030.71,200.35,1818.65,31.80,63.00
1,1st scan,737,1,forward,12,150,-1,2,960,2256,-1.00,-1.00,1,-1.000,-1.00,-1.00,-1.00,-1.00,-1.00,31.80,63.00
1,1st scan,738,1,forward,13,150,2128,0,1944,2208,-1.00,2128.00,1,-1.000,-1.00,-1.00,1036.73,239.35,1842.90,31.80,63.00
1,1st scan,739,1,forward,14,150,2161,0,3576,2048,-1.00,2161.00,1,-1.000,-1.00,-1.00,1048.40,261.40,1871.48,31.80,63.00
1,1st scan,740,1,forward,15,150,2168,0,1312,2232,-1.00,2168.00,1,-1.000,-1.00,-1.00,1047.06,280.56,1877.54,31.80,63.00
1,1st scan,741,1,forward,16,150,2182,0,3024,2144,-1.00,2182.00,1,-1.000,-1.00,-1.00,1048.74,300.72,1889.67,31.80,63.00
1,1st scan,742,1,forward,17,150,2168,0,1576,2216,-1.00,2168.00,1,-1.000,-1.00,-1.00,1036.63,316.93,1877.54,31.80,63.00
1,1st scan,743,1,forward,18,150,2242,0,1576,2240,-1.00,2242.00,1,-1.000,-1.00,-1.00,1066.13,346.41,1941.63,31.80,63.00
1,1st scan,744,1,forward,19,150,2181,0,1640,2192,-1.00,2181.00,1,-1.000,-1.00,-1.00,1031.09,355.03,1888.80,31.80,63.00
1,1st scan,745,1,forward,20,150,2241,0,1096,2256,-1.00,2241.00,1,-1.000,-1.00,-1.00,1052.93,383.23,1940.76,31.80,63.00
1,1st scan,746,1,forward,21,150,2249,0,2368,2160,-1.00,2249.00,1,-1.000,-1.00,-1.00,1049.81,402.98,1947.69,31.80,63.00
1,1st scan,747,1,forward,22,150,2314,0,2008,2192,-1.00,2314.00,1,-1.000,-1.00,-1.00,1072.75,433.42,2003.98,31.80,63.00
1,1st scan,748,1,forward,23,150,-1,2,984,2288,-1.00,-1.00,1,-1.000,-1.00,-1.00,-1.00,-1.00,-1.00,31.80,63.00
1,1st scan,749,1,forward,24,150,2314,0,1680,2136,-1.00,2314.00,0,-1.000,-1.00,-1.00,1056.97,470.59,2003.98,31.80,63.00
1,1st scan,750,1,forward,25,150,-1,2,568,2256,-1.00,-1.00,1,-1.000,-1.00,-1.00,-1.00,-1.00,-1.00,31.80,63.00
1,1st scan,751,1,forward,26,150,-1,2,512,2248,-1.00,-1.00,1,-1.000,-1.00,-1.00,-1.00,-1.00,-1.00,31.80,63.00
1,1st scan,752,1,forward,27,150,-1,2,728,2192,-1.00,-1.00,1,-1.000,-1.00,-1.00,-1.00,-1.00,-1.00,31.80,63.00
1,1st scan,753,1,forward,28,150,-1,2,280,2256,-1.00,-1.00,1,-1.000,-1.00,-1.00,-1.00,-1.00,-1.00,31.80,63.00
1,1st scan,754,1,forward,29,150,-1,2,840,2216,-1.00,-1.00,1,-1.000,-1.00,-1.00,-1.00,-1.00,-1.00,31.80,63.00
1,1st scan,755,1,forward,30,150,-1,2,352,2248,-1.00,-1.00,1,-1.000,-1.00,-1.00,-1.00,-1.00,-1.00,31.80,63.00
1,1st scan,756,1,forward,31,150,-1,2,560,2232,-1.00,-1.00,1,-1.000,-1.00,-1.00,-1.00,-1.00,-1.00,31.80,63.00
1,1st scan,757,1,forward,32,150,-1,2,968,2224,-1.00,-1.00,1,-1.000,-1.00,-1.00,-1.00,-1.00,-1.00,31.80,63.00
1,1st scan,758,1,forward,33,150,2716,0,1704,2096,-1.00,2716.00,1,-1.000,-1.00,-1.00,1138.91,739.62,2352.13,31.80,63.00
1,1st scan,759,1,forward,34,150,2722,0,2024,2080,-1.00,2722.00,1,-1.000,-1.00,-1.00,1128.32,761.06,2357.32,31.80,63.00
1,1st scan,760,1,forward,35,150,2764,0,1688,2112,-1.00,2764.00,1,-1.000,-1.00,-1.00,1132.07,792.68,2393.69,31.80,63.00
1,1st scan,761,1,forward,36,150,2757,0,1480,2120,-1.00,2757.00,1,-1.000,-1.00,-1.00,1115.23,810.26,2387.63,31.80,63.00
1,1st scan,762,1,forward,37,150,2706,0,1832,2088,-1.00,2706.00,1,-1.000,-1.00,-1.00,1080.55,814.26,2343.46,31.80,63.00
1,1st scan,763,1,forward,38,150,-1,2,864,2192,-1.00,-1.00,1,-1.000,-1.00,-1.00,-1.00,-1.00,-1.00,31.80,63.00
1,1st scan,764,1,forward,39,150,-1,2,968,2176,-1.00,-1.00,1,-1.000,-1.00,-1.00,-1.00,-1.00,-1.00,31.80,63.00
1,1st scan,765,1,forward,40,150,2728,0,1360,2120,-1.00,2728.00,1,-1.000,-1.00,-1.00,1044.88,876.76,2362.52,31.80,63.00
1,1st scan,766,1,forward,41,150,2627,0,2504,2016,-1.00,2627.00,1,-1.000,-1.00,-1.00,991.31,861.73,2275.05,31.80,63.00
1,1st scan,767,1,forward,42,150,-1,2,712,2192,-1.00,-1.00,1,-1.000,-1.00,-1.00,-1.00,-1.00,-1.00,31.80,63.00
1,1st scan,768,1,forward,43,150,2564,0,1288,2136,-1.00,2564.00,1,-1.000,-1.00,-1.00,937.60,874.32,2220.49,31.80,63.00
1,1st scan,769,1,forward,44,150,2545,0,2184,2072,-1.00,2545.00,1,-1.000,-1.00,-1.00,915.36,883.95,2204.03,31.80,63.00
1,1st scan,770,1,forward,45,150,2523,0,2120,2056,-1.00,2523.00,1,-1.000,-1.00,-1.00,892.02,892.02,2184.98,31.80,63.00
1,1st scan,771,1,forward,46,150,2505,0,1896,2104,-1.00,2505.00,1,-1.000,-1.00,-1.00,870.06,900.97,2169.39,31.80,63.00
1,1st scan,772,1,forward,47,150,2550,0,2648,2048,-1.00,2550.00,1,-1.000,-1.00,-1.00,869.55,932.48,2208.36,31.80,63.00
1,1st scan,773,1,forward,48,150,2563,0,2760,2032,-1.00,2563.00,1,-1.000,-1.00,-1.00,857.49,952.34,2219.62,31.80,63.00
1,1st scan,774,1,forward,49,150,2460,0,2744,2048,-1.00,2460.00,1,-1.000,-1.00,-1.00,806.95,928.29,2130.42,31.80,63.00
1,1st scan,775,1,forward,50,150,2437,0,2136,2104,-1.00,2437.00,1,-1.000,-1.00,-1.00,783.24,933.43,2110.50,31.80,63.00
1,1st scan,776,1,forward,51,150,2459,0,2024,2112,-1.00,2459.00,1,-1.000,-1.00,-1.00,773.75,955.50,2129.56,31.80,63.00
1,1st scan,777,1,forward,52,150,2368,0,2480,2072,-1.00,2368.00,1,-1.000,-1.00,-1.00,728.94,933.00,2050.75,31.80,63.00
1,1st scan,778,1,forward,53,150,2409,0,2400,2096,-1.00,2409.00,1,-1.000,-1.00,-1.00,724.89,961.96,2086.26,31.80,63.00
1,1st scan,779,1,forward,54,150,2378,0,1880,2128,-1.00,2378.00,1,-1.000,-1.00,-1.00,698.88,961.92,2059.41,31.80,63.00
1,1st scan,780,1,forward,55,150,-1,2,952,2216,-1.00,-1.00,1,-1.000,-1.00,-1.00,-1.00,-1.00,-1.00,31.80,63.00
1,1st scan,781,1,forward,56,150,2324,0,2520,2096,-1.00,2324.00,1,-1.000,-1.00,-1.00,649.78,963.34,2012.64,31.80,63.00
1,1st scan,782,1,forward,57,150,2339,0,2576,2056,-1.00,2339.00,1,-1.000,-1.00,-1.00,636.96,980.83,2025.63,31.80,63.00
1,1st scan,783,1,forward,58,150,2293,0,2888,2040,-1.00,2293.00,1,-1.000,-1.00,-1.00,607.55,972.29,1985.80,31.80,63.00
1,1st scan,784,1,forward,59,150,2342,0,2320,2080,-1.00,2342.00,1,-1.000,-1.00,-1.00,603.11,1003.74,2028.23,31.80,63.00
1,1st scan,785,1,forward,60,150,2263,0,3024,2048,-1.00,2263.00,1,-1.000,-1.00,-1.00,565.75,979.91,1959.82,31.80,63.00
1,1st scan,786,1,forward,61,150,2263,0,3104,2008,-1.00,2263.00,1,-1.000,-1.00,-1.00,548.56,989.63,1959.82,31.80,63.00
1,1st scan,787,1,forward,62,150,2252,0,2744,2080,-1.00,2252.00,1,-1.000,-1.00,-1.00,528.62,994.20,1950.29,31.80,63.00
1,1st scan,788,1,forward,63,150,2229,0,2456,2104,-1.00,2229.00,1,-1.000,-1.00,-1.00,505.97,993.03,1930.37,31.80,63.00
1,1st scan,789,1,forward,64,150,2233,0,3008,2040,-1.00,2233.00,1,-1.000,-1.00,-1.00,489.44,1003.50,1933.83,31.80,63.00
1,1st scan,790,1,forward,65,150,2258,0,2104,2096,-1.00,2258.00,1,-1.000,-1.00,-1.00,477.14,1023.22,1955.49,31.80,63.00
1,1st scan,791,1,forward,66,150,2249,0,2904,2024,-1.00,2249.00,1,-1.000,-1.00,-1.00,457.38,1027.28,1947.69,31.80,63.00
1,1st scan,792,1,forward,67,150,2181,0,2040,2104,-1.00,2181.00,1,-1.000,-1.00,-1.00,426.09,1003.81,1888.80,31.80,63.00
1,1st scan,793,1,forward,68,150,2221,0,3392,2024,-1.00,2221.00,1,-1.000,-1.00,-1.00,416.00,1029.64,1923.44,31.80,63.00
1,1st scan,794,1,forward,69,150,2203,0,3024,2032,-1.00,2203.00,1,-1.000,-1.00,-1.00,394.74,1028.34,1907.85,31.80,63.00
1,1st scan,795,1,forward,70,150,2198,0,2880,2064,-1.00,2198.00,1,-1.000,-1.00,-1.00,375.88,1032.72,1903.52,31.80,63.00
1,1st scan,796,1,forward,71,150,2188,0,2712,2104,-1.00,2188.00,1,-1.000,-1.00,-1.00,356.17,1034.40,1894.86,31.80,63.00
1,1st scan,797,1,forward,72,150,2202,0,3048,2008,-1.00,2202.00,1,-1.000,-1.00,-1.00,340.23,1047.11,1906.99,31.80,63.00
1,1st scan,798,1,forward,73,150,2166,0,3112,2024,-1.00,2166.00,1,-1.000,-1.00,-1.00,316.64,1035.68,1875.81,31.80,63.00
1,1st scan,799,1,forward,74,150,2168,0,2664,2072,-1.00,2168.00,1,-1.000,-1.00,-1.00,298.79,1042.01,1877.54,31.80,63.00
1,1st scan,800,1,forward,75,150,2169,0,2920,2048,-1.00,2169.00,1,-1.000,-1.00,-1.00,280.69,1047.55,1878.41,31.80,63.00
1,1st scan,801,1,forward,76,150,2186,0,2568,2056,-1.00,2186.00,1,-1.000,-1.00,-1.00,264.42,1060.53,1893.13,31.80,63.00
1,1st scan,802,1,forward,77,150,2187,0,4136,1928,-1.00,2187.00,1,-1.000,-1.00,-1.00,245.98,1065.47,1894.00,31.80,63.00
1,1st scan,803,1,forward,78,150,2173,0,3312,2016,-1.00,2173.00,1,-1.000,-1.00,-1.00,225.90,1062.76,1881.87,31.80,63.00
1,1st scan,804,1,forward,79,150,2163,0,4064,1952,-1.00,2163.00,1,-1.000,-1.00,-1.00,206.36,1061.63,1873.21,31.80,63.00
1,1st scan,805,1,forward,80,150,2147,0,2984,2072,-1.00,2147.00,1,-1.000,-1.00,-1.00,186.41,1057.19,1859.36,31.80,63.00
1,1st scan,806,1,forward,81,150,2153,0,3208,2008,-1.00,2153.00,1,-1.000,-1.00,-1.00,168.40,1063.25,1864.55,31.80,63.00
1,1st scan,807,1,forward,82,150,2167,0,3320,2040,-1.00,2167.00,1,-1.000,-1.00,-1.00,150.79,1072.96,1876.68,31.80,63.00
1,1st scan,808,1,forward,83,150,2140,0,4136,1952,-1.00,2140.00,1,-1.000,-1.00,-1.00,130.40,1062.02,1853.29,31.80,63.00
1,1st scan,809,1,forward,84,150,2158,0,2424,2096,-1.00,2158.00,1,-1.000,-1.00,-1.00,112.79,1073.09,1868.88,31.80,63.00
1,1st scan,810,1,forward,85,150,2163,0,1800,2136,-1.00,2163.00,1,-1.000,-1.00,-1.00,94.26,1077.38,1873.21,31.80,63.00
1,1st scan,811,1,forward,86,150,2176,0,3640,2008,-1.00,2176.00,1,-1.000,-1.00,-1.00,75.90,1085.35,1884.47,31.80,63.00
1,1st scan,812,1,forward,87,150,2156,0,3192,2008,-1.00,2156.00,1,-1.000,-1.00,-1.00,56.42,1076.52,1867.15,31.80,63.00
1,1st scan,813,1,forward,88,150,2188,0,3944,1928,-1.00,2188.00,1,-1.000,-1.00,-1.00,38.18,1093.33,1894.86,31.80,63.00
1,1st scan,814,1,forward,89,150,2175,0,3568,2008,-1.00,2175.00,1,-1.000,-1.00,-1.00,18.98,1087.33,1883.61,31.80,63.00
1,1st scan,815,1,forward,90,150,2178,0,2968,2048,-1.00,2178.00,1,-1.000,-1.00,-1.00,-0.00,1089.00,1886.20,31.80,63.00
1,1st scan,816,1,forward,91,150,2188,0,2256,2080,-1.00,2188.00,1,-1.000,-1.00,-1.00,-19.09,1093.83,1894.86,31.80,63.00
1,1st scan,817,1,forward,92,150,2195,0,2952,2016,-1.00,2195.00,1,-1.000,-1.00,-1.00,-38.30,1096.83,1900.93,31.80,63.00
1,1st scan,818,1,forward,93,150,2188,0,3560,2000,-1.00,2188.00,1,-1.000,-1.00,-1.00,-57.26,1092.50,1894.86,31.80,63.00
1,1st scan,819,1,forward,94,150,2224,0,2272,2096,-1.00,2224.00,1,-1.000,-1.00,-1.00,-77.57,1109.29,1926.04,31.80,63.00
1,1st scan,820,1,forward,95,150,2184,0,3080,2008,-1.00,2184.00,1,-1.000,-1.00,-1.00,-95.17,1087.84,1891.40,31.80,63.00
1,1st scan,821,1,forward,96,150,2174,0,2936,2088,-1.00,2174.00,1,-1.000,-1.00,-1.00,-113.62,1081.05,1882.74,31.80,63.00
1,1st scan,822,1,forward,97,150,2224,0,2808,2048,-1.00,2224.00,1,-1.000,-1.00,-1.00,-135.52,1103.71,1926.04,31.80,63.00
1,1st scan,823,1,forward,98,150,2185,0,3472,1992,-1.00,2185.00,1,-1.000,-1.00,-1.00,-152.05,1081.87,1892.27,31.80,63.00
1,1st scan,824,1,forward,99,150,2209,0,3528,1984,-1.00,2209.00,1,-1.000,-1.00,-1.00,-172.78,1090.90,1913.05,31.80,63.00
1,1st scan,825,1,forward,100,150,2222,0,3536,2000,-1.00,2222.00,1,-1.000,-1.00,-1.00,-192.92,1094.12,1924.31,31.80,63.00
1,1st scan,826,1,forward,101,150,2265,0,2824,2032,-1.00,2265.00,1,-1.000,-1.00,-1.00,-216.09,1111.69,1961.55,31.80,63.00
1,1st scan,827,1,forward,102,150,2220,0,2832,2032,-1.00,2220.00,1,-1.000,-1.00,-1.00,-230.78,1085.74,1922.58,31.80,63.00
1,1st scan,828,1,forward,103,150,2244,0,3248,1976,-1.00,2244.00,1,-1.000,-1.00,-1.00,-252.39,1093.24,1943.36,31.80,63.00
1,1st scan,829,1,forward,104,150,2239,0,2224,2072,-1.00,2239.00,1,-1.000,-1.00,-1.00,-270.83,1086.25,1939.03,31.80,63.00
1,1st scan,830,1,forward,105,150,2266,0,2768,2032,-1.00,2266.00,1,-1.000,-1.00,-1.00,-293.24,1094.39,1962.41,31.80,63.00
1,1st scan,831,1,forward,106,150,2260,0,2688,2024,-1.00,2260.00,1,-1.000,-1.00,-1.00,-311.47,1086.23,1957.22,31.80,63.00
1,1st scan,832,1,forward,107,150,2295,0,2752,2000,-1.00,2295.00,1,-1.000,-1.00,-1.00,-335.50,1097.36,1987.53,31.80,63.00
1,1st scan,833,1,forward,108,150,2286,0,2960,1992,-1.00,2286.00,1,-1.000,-1.00,-1.00,-353.21,1087.06,1979.73,31.80,63.00
1,1st scan,834,1,forward,109,150,2311,0,1944,2048,-1.00,2311.00,1,-1.000,-1.00,-1.00,-376.19,1092.55,2001.38,31.80,63.00
1,1st scan,835,1,forward,110,150,2329,0,2648,2024,-1.00,2329.00,1,-1.000,-1.00,-1.00,-398.28,1094.27,2016.97,31.80,63.00
1,1st scan,836,1,forward,111,150,2322,0,3080,1920,-1.00,2322.00,1,-1.000,-1.00,-1.00,-416.07,1083.89,2010.91,31.80,63.00
1,1st scan,837,1,forward,112,150,2335,0,1320,2096,-1.00,2335.00,1,-1.000,-1.00,-1.00,-437.35,1082.49,2022.17,31.80,63.00
1,1st scan,838,1,forward,113,150,2391,0,2416,2008,-1.00,2391.00,1,-1.000,-1.00,-1.00,-467.12,1100.46,2070.67,31.80,63.00
1,1st scan,839,1,forward,114,150,2361,0,2712,1920,-1.00,2361.00,1,-1.000,-1.00,-1.00,-480.15,1078.44,2044.69,31.80,63.00
1,1st scan,840,1,forward,115,150,2388,0,1648,2016,-1.00,2388.00,1,-1.000,-1.00,-1.00,-504.61,1082.13,2068.07,31.80,63.00
1,1st scan,841,1,forward,116,150,2443,0,2160,1968,-1.00,2443.00,1,-1.000,-1.00,-1.00,-535.47,1097.88,2115.70,31.80,63.00
1,1st scan,842,1,forward,117,150,2375,0,1432,2016,-1.00,2375.00,1,-1.000,-1.00,-1.00,-539.11,1058.07,2056.81,31.80,63.00
1,1st scan,843,1,forward,118,150,2484,0,2096,1904,-1.00,2484.00,1,-1.000,-1.00,-1.00,-583.08,1096.62,2151.21,31.80,63.00
1,1st scan,844,1,forward,119,150,2486,0,2632,1904,-1.00,2486.00,1,-1.000,-1.00,-1.00,-602.62,1087.15,2152.94,31.80,63.00
1,1st scan,845,1,forward,120,150,2532,0,1264,1984,-1.00,2532.00,1,-1.000,-1.00,-1.00,-633.00,1096.39,2192.78,31.80,63.00
1,1st scan,846,1,forward,121,150,2497,0,1976,1936,-1.00,2497.00,1,-1.000,-1.00,-1.00,-643.02,1070.17,2162.47,31.80,63.00
1,1st scan,847,1,forward,122,150,2500,0,2112,1888,-1.00,2500.00,1,-1.000,-1.00,-1.00,-662.40,1060.06,2165.06,31.80,63.00
1,1st scan,848,1,forward,123,150,-1,2,1008,1992,-1.00,-1.00,1,-1.000,-1.00,-1.00,-1.00,-1.00,-1.00,31.80,63.00
1,1st scan,849,1,forward,124,150,2567,0,1672,1896,-1.00,2567.00,1,-1.000,-1.00,-1.00,-717.72,1064.07,2223.09,31.80,63.00
1,1st scan,850,1,forward,125,150,2579,0,2008,1888,-1.00,2579.00,1,-1.000,-1.00,-1.00,-739.63,1056.30,2233.48,31.80,63.00
1,1st scan,851,1,forward,126,150,2624,0,1432,1864,-1.00,2624.00,1,-1.000,-1.00,-1.00,-771.17,1061.43,2272.45,31.80,63.00
1,1st scan,852,1,forward,127,150,2633,0,1696,1872,-1.00,2633.00,1,-1.000,-1.00,-1.00,-792.29,1051.40,2280.25,31.80,63.00
1,1st scan,853,1,forward,128,150,2597,0,1912,1856,-1.00,2597.00,1,-1.000,-1.00,-1.00,-799.44,1023.23,2249.07,31.80,63.00
1,1st scan,854,1,forward,129,150,2595,0,1600,1872,-1.00,2595.00,1,-1.000,-1.00,-1.00,-816.54,1008.35,2247.34,31.80,63.00
1,1st scan,855,1,forward,130,150,2197,0,2968,2016,-1.00,2197.00,1,-1.000,-1.00,-1.00,-706.10,841.50,1902.66,31.80,63.00
1,1st scan,856,1,forward,131,150,2623,0,1584,1864,-1.00,2623.00,1,-1.000,-1.00,-1.00,-860.42,989.80,2271.58,31.80,63.00
1,1st scan,857,1,forward,132,150,2512,0,1752,1864,-1.00,2512.00,1,-1.000,-1.00,-1.00,-840.43,933.39,2175.46,31.80,63.00
1,1st scan,858,1,forward,133,150,2611,0,1464,1856,-1.00,2611.00,1,-1.000,-1.00,-1.00,-890.35,954.78,2261.19,31.80,63.00
1,1st scan,859,1,forward,134,150,2626,0,2504,1776,-1.00,2626.00,1,-1.000,-1.00,-1.00,-912.09,944.49,2274.18,31.80,63.00
1,1st scan,860,1,forward,135,150,2634,0,1904,1808,-1.00,2634.00,1,-1.000,-1.00,-1.00,-931.26,931.26,2281.11,31.80,63.00
1,1st scan,861,1,forward,136,150,2666,0,1144,1848,-1.00,2666.00,1,-1.000,-1.00,-1.00,-958.88,925.98,2308.82,31.80,63.00
1,1st scan,862,1,forward,137,150,-1,2,232,1896,-1.00,-1.00,1,-1.000,-1.00,-1.00,-1.00,-1.00,-1.00,31.80,63.00
1,1st scan,863,1,forward,138,150,2631,0,1880,1776,-1.00,2631.00,1,-1.000,-1.00,-1.00,-977.61,880.24,2278.51,31.80,63.00
1,1st scan,864,1,forward,139,150,2595,0,1928,1728,-1.00,2595.00,1,-1.000,-1.00,-1.00,-979.24,851.24,2247.34,31.80,63.00
1,1st scan,865,1,forward,140,150,2627,0,1544,1784,-1.00,2627.00,1,-1.000,-1.00,-1.00,-1006.20,844.30,2275.05,31.80,63.00
1,1st scan,866,1,forward,141,150,2499,0,1976,1736,-1.00,2499.00,1,-1.000,-1.00,-1.00,-971.04,786.34,2164.20,31.80,63.00
1,1st scan,867,1,forward,142,150,2520,0,2072,1720,-1.00,2520.00,1,-1.000,-1.00,-1.00,-992.89,775.73,2182.38,31.80,63.00
1,1st scan,868,1,forward,143,150,2505,0,2208,1720,-1.00,2505.00,1,-1.000,-1.00,-1.00,-1000.29,753.77,2169.39,31.80,63.00
1,1st scan,869,1,forward,144,150,2502,0,1688,1728,-1.00,2502.00,1,-1.000,-1.00,-1.00,-1012.08,735.32,2166.80,31.80,63.00
1,1st scan,870,1,forward,145,150,2485,0,1992,1704,-1.00,2485.00,1,-1.000,-1.00,-1.00,-1017.80,712.67,2152.07,31.80,63.00
1,1st scan,871,1,forward,146,150,2406,0,2120,1720,-1.00,2406.00,1,-1.000,-1.00,-1.00,-997.33,672.71,2083.66,31.80,63.00
1,1st scan,872,1,forward,147,150,2434,0,2496,1680,-1.00,2434.00,1,-1.000,-1.00,-1.00,-1020.66,662.83,2107.91,31.80,63.00
1,1st scan,873,1,forward,148,150,2413,0,1792,1744,-1.00,2413.00,1,-1.000,-1.00,-1.00,-1023.17,639.35,2089.72,31.80,63.00
1,1st scan,874,1,forward,149,150,2321,0,2168,1712,-1.00,2321.00,1,-1.000,-1.00,-1.00,-994.74,597.70,2010.05,31.80,63.00
1,1st scan,875,1,forward,150,150,2269,0,2088,1712,-1.00,2269.00,1,-1.000,-1.00,-1.00,-982.51,567.25,1965.01,31.80,63.00
1,1st scan,876,1,forward,151,150,2327,0,2992,1656,-1.00,2327.00,1,-1.000,-1.00,-1.00,-1017.62,564.08,2015.24,31.80,63.00
1,1st scan,877,1,forward,152,150,2295,0,2352,1656,-1.00,2295.00,1,-1.000,-1.00,-1.00,-1013.18,538.72,1987.53,31.80,63.00
1,1st scan,878,1,forward,153,150,2279,0,2408,1664,-1.00,2279.00,1,-1.000,-1.00,-1.00,-1015.30,517.32,1973.67,31.80,63.00
1,1st scan,879,1,forward,154,150,2193,0,3408,1600,-1.00,2193.00,1,-1.000,-1.00,-1.00,-985.53,480.67,1899.19,31.80,63.00
1,1st scan,880,1,forward,155,150,2246,0,2408,1672,-1.00,2246.00,1,-1.000,-1.00,-1.00,-1017.78,474.60,1945.09,31.80,63.00
1,1st scan,881,1,forward,156,150,2191,0,3520,1584,-1.00,2191.00,1,-1.000,-1.00,-1.00,-1000.79,445.58,1897.46,31.80,63.00
1,1st scan,882,1,forward,157,150,2215,0,3400,1600,-1.00,2215.00,1,-1.000,-1.00,-1.00,-1019.46,432.73,1918.25,31.80,63.00
1,1st scan,883,1,forward,158,150,2145,0,2560,1656,-1.00,2145.00,1,-1.000,-1.00,-1.00,-994.40,401.77,1857.62,31.80,63.00
1,1st scan,884,1,forward,159,150,2196,0,3224,1624,-1.00,2196.00,1,-1.000,-1.00,-1.00,-1025.07,393.49,1901.79,31.80,63.00
1,1st scan,885,1,forward,160,150,2127,0,3112,1600,-1.00,2127.00,1,-1.000,-1.00,-1.00,-999.36,363.74,1842.04,31.80,63.00
1,1st scan,886,1,forward,161,150,2101,0,3232,1616,-1.00,2101.00,1,-1.000,-1.00,-1.00,-993.27,342.01,1819.52,31.80,63.00
1,1st scan,887,1,forward,162,150,2110,0,2520,1664,-1.00,2110.00,1,-1.000,-1.00,-1.00,-1003.36,326.01,1827.31,31.80,63.00
1,1st scan,888,1,forward,163,150,2109,0,3280,1632,-1.00,2109.00,1,-1.000,-1.00,-1.00,-1008.42,308.31,1826.45,31.80,63.00
1,1st scan,889,1,forward,164,150,2077,0,3152,1608,-1.00,2077.00,1,-1.000,-1.00,-1.00,-998.27,286.25,1798.73,31.80,63.00
1,1st scan,890,1,forward,165,150,2071,0,2872,1672,-1.00,2071.00,1,-1.000,-1.00,-1.00,-1000.22,268.01,1793.54,31.80,63.00
1,1st scan,891,1,forward,166,150,2039,0,4240,1560,-1.00,2039.00,1,-1.000,-1.00,-1.00,-989.22,246.64,1765.83,31.80,63.00
1,1st scan,892,1,forward,167,150,2044,0,3200,1648,-1.00,2044.00,1,-1.000,-1.00,-1.00,-995.81,229.90,1770.16,31.80,63.00
1,1st scan,893,1,forward,168,150,2012,0,3960,1600,-1.00,2012.00,1,-1.000,-1.00,-1.00,-984.02,209.16,1742.44,31.80,63.00
1,1st scan,894,1,forward,169,150,1990,0,3112,1640,-1.00,1990.00,1,-1.000,-1.00,-1.00,-976.72,189.85,1723.39,31.80,63.00
1,1st scan,895,1,forward,170,150,2016,0,4048,1592,-1.00,2016.00,1,-1.000,-1.00,-1.00,-992.69,175.04,1745.91,31.80,63.00
1,1st scan,896,1,forward,171,150,2011,0,3400,1608,-1.00,2011.00,1,-1.000,-1.00,-1.00,-993.12,157.29,1741.58,31.80,63.00
1,1st scan,897,1,forward,172,150,2005,0,3864,1584,-1.00,2005.00,1,-1.000,-1.00,-1.00,-992.74,139.52,1736.38,31.80,63.00
1,1st scan,898,1,forward,173,150,1981,0,3488,1648,-1.00,1981.00,1,-1.000,-1.00,-1.00,-983.12,120.71,1715.60,31.80,63.00
1,1st scan,899,1,forward,174,150,1967,0,3744,1592,-1.00,1967.00,1,-1.000,-1.00,-1.00,-978.11,102.80,1703.47,31.80,63.00
1,1st scan,900,1,forward,175,150,1956,0,4800,1528,-1.00,1956.00,1,-1.000,-1.00,-1.00,-974.28,85.24,1693.95,31.80,63.00
1,1st scan,901,1,forward,176,150,1938,0,3760,1600,-1.00,1938.00,1,-1.000,-1.00,-1.00,-966.64,67.59,1678.36,31.80,63.00
1,1st scan,902,1,forward,177,150,1953,0,3424,1640,-1.00,1953.00,1,-1.000,-1.00,-1.00,-975.16,51.11,1691.35,31.80,63.00
1,1st scan,903,1,forward,178,150,1950,0,4008,1552,-1.00,1950.00,1,-1.000,-1.00,-1.00,-974.41,34.03,1688.75,31.80,63.00
1,1st scan,904,1,forward,179,150,1948,0,4520,1552,-1.00,1948.00,1,-1.000,-1.00,-1.00,-973.85,17.00,1687.02,31.80,63.00
1,1st scan,905,1,forward,180,150,1931,0,3440,1624,-1.00,1931.00,1,-1.000,-1.00,-1.00,-965.50,-0.00,1672.30,31.80,63.00
1,1st scan,906,1,backward,180,145,1992,0,3136,1664,-1.00,1992.00,0,-1.000,-1.00,-1.00,-1142.56,-0.00,1631.75,31.60,64.00
1,1st scan,907,1,backward,179,145,1992,0,3192,1688,-1.00,1992.00,0,-1.000,-1.00,-1.00,-1142.39,19.94,1631.75,31.60,64.00
1,1st scan,908,1,backward,178,145,1986,0,2904,1688,-1.00,1986.00,1,-1.000,-1.00,-1.00,-1138.43,39.75,1626.84,31.60,64.00
1,1st scan,909,1,backward,177,145,1989,0,4168,1560,-1.00,1989.00,1,-1.000,-1.00,-1.00,-1139.28,59.71,1629.29,31.60,64.00
1,1st scan,910,1,backward,176,145,1993,0,3832,1576,-1.00,1993.00,1,-1.000,-1.00,-1.00,-1140.35,79.74,1632.57,31.60,64.00
1,1st scan,911,1,backward,175,145,2013,0,3344,1648,-1.00,2013.00,1,-1.000,-1.00,-1.00,-1150.22,100.63,1648.95,31.60,64.00
1,1st scan,912,1,backward,174,145,2007,0,3440,1648,-1.00,2007.00,1,-1.000,-1.00,-1.00,-1144.86,120.33,1644.04,31.60,64.00
1,1st scan,913,1,backward,173,145,2015,0,3256,1648,-1.00,2015.00,1,-1.000,-1.00,-1.00,-1147.14,140.85,1650.59,31.60,64.00
1,1st scan,914,1,backward,172,145,2023,0,2160,1760,-1.00,2023.00,1,-1.000,-1.00,-1.00,-1149.05,161.49,1657.14,31.60,64.00
1,1st scan,915,1,backward,171,145,2043,0,3992,1616,-1.00,2043.00,1,-1.000,-1.00,-1.00,-1157.39,183.31,1673.53,31.60,64.00
1,1st scan,916,1,backward,170,145,2011,0,3864,1600,-1.00,2011.00,1,-1.000,-1.00,-1.00,-1135.94,200.30,1647.31,31.60,64.00
1,1st scan,917,1,backward,169,145,2045,0,3552,1648,-1.00,2045.00,1,-1.000,-1.00,-1.00,-1151.41,223.81,1675.17,31.60,64.00
1,1st scan,918,1,backward,168,145,2049,0,2824,1680,-1.00,2049.00,1,-1.000,-1.00,-1.00,-1149.58,244.35,1678.44,31.60,64.00
1,1st scan,919,1,backward,167,145,2066,0,1944,1792,-1.00,2066.00,1,-1.000,-1.00,-1.00,-1154.64,266.57,1692.37,31.60,64.00
1,1st scan,920,1,backward,166,145,2044,0,2344,1728,-1.00,2044.00,1,-1.000,-1.00,-1.00,-1137.57,283.63,1674.35,31.60,64.00
1,1st scan,921,1,backward,165,145,2076,0,3104,1648,-1.00,2076.00,1,-1.000,-1.00,-1.00,-1150.17,308.19,1700.56,31.60,64.00
1,1st scan,922,1,backward,164,145,2115,0,2952,1680,-1.00,2115.00,1,-1.000,-1.00,-1.00,-1166.12,334.38,1732.51,31.60,64.00
1,1st scan,923,1,backward,163,145,2104,0,2656,1728,-1.00,2104.00,1,-1.000,-1.00,-1.00,-1154.07,352.84,1723.50,31.60,64.00
1,1st scan,924,1,backward,162,145,2140,0,2856,1680,-1.00,2140.00,1,-1.000,-1.00,-1.00,-1167.38,379.30,1752.99,31.60,64.00
1,1st scan,925,1,backward,161,145,2157,0,2560,1704,-1.00,2157.00,1,-1.000,-1.00,-1.00,-1169.80,402.79,1766.91,31.60,64.00
1,1st scan,926,1,backward,160,145,2130,0,2816,1672,-1.00,2130.00,1,-1.000,-1.00,-1.00,-1148.04,417.85,1744.79,31.60,64.00
1,1st scan,927,1,backward,159,145,2174,0,3264,1616,-1.00,2174.00,1,-1.000,-1.00,-1.00,-1164.13,446.87,1780.84,31.60,64.00
1,1st scan,928,1,backward,158,145,2203,0,1800,1776,-1.00,2203.00,1,-1.000,-1.00,-1.00,-1171.58,473.35,1804.59,31.60,64.00
1,1st scan,929,1,backward,157,145,2225,0,2840,1664,-1.00,2225.00,1,-1.000,-1.00,-1.00,-1174.76,498.65,1822.61,31.60,64.00
1,1st scan,930,1,backward,156,145,2202,0,2256,1720,-1.00,2202.00,1,-1.000,-1.00,-1.00,-1153.82,513.71,1803.77,31.60,64.00
1,1st scan,931,1,backward,155,145,2232,0,2800,1704,-1.00,2232.00,1,-1.000,-1.00,-1.00,-1160.28,541.05,1828.35,31.60,64.00
1,1st scan,932,1,backward,154,145,2268,0,1760,1800,-1.00,2268.00,1,-1.000,-1.00,-1.00,-1169.22,570.26,1857.84,31.60,64.00
1,1st scan,933,1,backward,153,145,2320,0,2384,1720,-1.00,2320.00,1,-1.000,-1.00,-1.00,-1185.66,604.12,1900.43,31.60,64.00
1,1st scan,934,1,backward,152,145,2319,0,2976,1632,-1.00,2319.00,1,-1.000,-1.00,-1.00,-1174.43,624.46,1899.61,31.60,64.00
1,1st scan,935,1,backward,151,145,2383,0,1544,1792,-1.00,2383.00,1,-1.000,-1.00,-1.00,-1195.46,662.65,1952.04,31.60,64.00
1,1st scan,936,1,backward,150,145,2366,0,2528,1696,-1.00,2366.00,1,-1.000,-1.00,-1.00,-1175.27,678.54,1938.11,31.60,64.00
1,1st scan,937,1,backward,149,145,2409,0,1872,1776,-1.00,2409.00,1,-1.000,-1.00,-1.00,-1184.39,711.65,1973.34,31.60,64.00
1,1st scan,938,1,backward,148,145,2471,0,2448,1680,-1.00,2471.00,1,-1.000,-1.00,-1.00,-1201.94,751.06,2024.12,31.60,64.00
1,1st scan,939,1,backward,147,145,2474,0,2848,1664,-1.00,2474.00,1,-1.000,-1.00,-1.00,-1190.10,772.86,2026.58,31.60,64.00
1,1st scan,940,1,backward,146,145,2465,0,1560,1776,-1.00,2465.00,1,-1.000,-1.00,-1.00,-1172.15,790.62,2019.21,31.60,64.00
1,1st scan,941,1,backward,145,145,2485,0,1832,1752,-1.00,2485.00,1,-1.000,-1.00,-1.00,-1167.57,817.54,2035.59,31.60,64.00
1,1st scan,942,1,backward,144,145,2554,0,2040,1728,-1.00,2554.00,1,-1.000,-1.00,-1.00,-1185.14,861.05,2092.11,31.60,64.00
1,1st scan,943,1,backward,143,145,2469,0,1664,1768,-1.00,2469.00,1,-1.000,-1.00,-1.00,-1131.00,852.27,2022.49,31.60,64.00
1,1st scan,944,1,backward,142,145,2557,0,2240,1680,-1.00,2557.00,1,-1.000,-1.00,-1.00,-1155.72,902.95,2094.57,31.60,64.00
1,1st scan,945,1,backward,141,145,2595,0,1656,1760,-1.00,2595.00,1,-1.000,-1.00,-1.00,-1156.73,936.70,2125.70,31.60,64.00
1,1st scan,946,1,backward,140,145,2665,0,1992,1728,-1.00,2665.00,1,-1.000,-1.00,-1.00,-1170.96,982.55,2183.04,31.60,64.00
1,1st scan,947,1,backward,139,145,2682,0,2176,1720,-1.00,2682.00,1,-1.000,-1.00,-1.00,-1160.99,1009.24,2196.97,31.60,64.00
1,1st scan,948,1,backward,138,145,2678,0,1672,1800,-1.00,2678.00,1,-1.000,-1.00,-1.00,-1141.50,1027.81,2193.69,31.60,64.00
1,1st scan,949,1,backward,137,145,2608,0,2200,1784,-1.00,2608.00,1,-1.000,-1.00,-1.00,-1094.02,1020.19,2136.35,31.60,64.00
1,1st scan,950,1,backward,136,145,2706,0,2016,1792,-1.00,2706.00,1,-1.000,-1.00,-1.00,-1116.49,1078.18,2216.63,31.60,64.00
1,1st scan,951,1,backward,135,145,2709,0,1144,1832,-1.00,2709.00,1,-1.000,-1.00,-1.00,-1098.72,1098.72,2219.08,31.60,64.00
1,1st scan,952,1,backward,134,145,2735,0,1344,1848,-1.00,2735.00,1,-1.000,-1.00,-1.00,-1089.73,1128.45,2240.38,31.60,64.00
1,1st scan,953,1,backward,133,145,2730,0,2024,1792,-1.00,2730.00,1,-1.000,-1.00,-1.00,-1067.92,1145.20,2236.29,31.60,64.00
1,1st scan,954,1,backward,132,145,2735,0,1872,1824,-1.00,2735.00,1,-1.000,-1.00,-1.00,-1049.69,1165.79,2240.38,31.60,64.00
1,1st scan,955,1,backward,131,145,-1,2,824,1944,-1.00,-1.00,1,-1.000,-1.00,-1.00,-1.00,-1.00,-1.00,31.60,64.00
1,1st scan,956,1,backward,130,145,2700,0,1552,1888,-1.00,2700.00,1,-1.000,-1.00,-1.00,-995.46,1186.34,2211.71,31.60,64.00
1,1st scan,957,1,backward,129,145,2614,0,2056,1856,-1.00,2614.00,1,-1.000,-1.00,-1.00,-943.56,1165.20,2141.26,31.60,64.00
1,1st scan,958,1,backward,128,145,2665,0,1416,1912,-1.00,2665.00,1,-1.000,-1.00,-1.00,-941.09,1204.54,2183.04,31.60,64.00
1,1st scan,959,1,backward,127,145,2611,0,2016,1896,-1.00,2611.00,1,-1.000,-1.00,-1.00,-901.28,1196.04,2138.81,31.60,64.00
1,1st scan,960,1,backward,126,145,2598,0,2488,1840,-1.00,2598.00,1,-1.000,-1.00,-1.00,-875.89,1205.56,2128.16,31.60,64.00
1,1st scan,961,1,backward,125,145,2587,0,1920,1912,-1.00,2587.00,1,-1.000,-1.00,-1.00,-851.10,1215.49,2119.15,31.60,64.00
1,1st scan,962,1,backward,124,145,-1,2,744,2000,-1.00,-1.00,1,-1.000,-1.00,-1.00,-1.00,-1.00,-1.00,31.60,64.00
1,1st scan,963,1,backward,123,145,-1,2,736,2048,-1.00,-1.00,1,-1.000,-1.00,-1.00,-1.00,-1.00,-1.00,31.60,64.00
1,1st scan,964,1,backward,122,145,2554,0,1816,1976,-1.00,2554.00,1,-1.000,-1.00,-1.00,-776.29,1242.32,2092.11,31.60,64.00
1,1st scan,965,1,backward,121,145,2515,0,2752,1904,-1.00,2515.00,1,-1.000,-1.00,-1.00,-742.97,1236.50,2060.17,31.60,64.00
1,1st scan,966,1,backward,120,145,2516,0,2072,1920,-1.00,2516.00,1,-1.000,-1.00,-1.00,-721.56,1249.78,2060.99,31.60,64.00
1,1st scan,967,1,backward,119,145,2470,0,2184,1960,-1.00,2470.00,1,-1.000,-1.00,-1.00,-686.85,1239.10,2023.31,31.60,64.00
1,1st scan,968,1,backward,118,145,2420,0,3120,1864,-1.00,2420.00,1,-1.000,-1.00,-1.00,-651.65,1225.58,1982.35,31.60,64.00
1,1st scan,969,1,backward,117,145,2428,0,2024,1976,-1.00,2428.00,1,-1.000,-1.00,-1.00,-632.25,1240.85,1988.90,31.60,64.00
1,1st scan,970,1,backward,116,145,-1,2,1008,2096,-1.00,-1.00,1,-1.000,-1.00,-1.00,-1.00,-1.00,-1.00,31.60,64.00
1,1st scan,971,1,backward,115,145,2397,0,2064,2032,-1.00,2397.00,1,-1.000,-1.00,-1.00,-581.04,1246.05,1963.51,31.60,64.00
1,1st scan,972,1,backward,114,145,2408,0,1824,2048,-1.00,2408.00,1,-1.000,-1.00,-1.00,-561.77,1261.76,1972.52,31.60,64.00
1,1st scan,973,1,backward,113,145,2386,0,3256,1912,-1.00,2386.00,1,-1.000,-1.00,-1.00,-534.74,1259.76,1954.50,31.60,64.00
1,1st scan,974,1,backward,112,145,2310,0,2360,2032,-1.00,2310.00,1,-1.000,-1.00,-1.00,-496.34,1228.48,1892.24,31.60,64.00
1,1st scan,975,1,backward,111,145,2367,0,2328,2016,-1.00,2367.00,1,-1.000,-1.00,-1.00,-486.54,1267.48,1938.93,31.60,64.00
1,1st scan,976,1,backward,110,145,2362,0,2576,2008,-1.00,2362.00,1,-1.000,-1.00,-1.00,-463.36,1273.08,1934.84,31.60,64.00
1,1st scan,977,1,backward,109,145,2334,0,1768,2072,-1.00,2334.00,1,-1.000,-1.00,-1.00,-435.85,1265.79,1911.90,31.60,64.00
1,1st scan,978,1,backward,108,145,2318,0,3272,1968,-1.00,2318.00,1,-1.000,-1.00,-1.00,-410.85,1264.48,1898.79,31.60,64.00
1,1st scan,979,1,backward,107,145,2332,0,2416,2056,-1.00,2332.00,1,-1.000,-1.00,-1.00,-391.07,1279.13,1910.26,31.60,64.00
1,1st scan,980,1,backward,106,145,2297,0,2480,2048,-1.00,2297.00,1,-1.000,-1.00,-1.00,-363.15,1266.47,1881.59,31.60,64.00
1,1st scan,981,1,backward,105,145,2332,0,2584,2040,-1.00,2332.00,1,-1.000,-1.00,-1.00,-346.19,1292.00,1910.26,31.60,64.00
1,1st scan,982,1,backward,104,145,2305,0,2224,2080,-1.00,2305.00,1,-1.000,-1.00,-1.00,-319.84,1282.82,1888.15,31.60,64.00
1,1st scan,983,1,backward,103,145,2292,0,2584,2072,-1.00,2292.00,1,-1.000,-1.00,-1.00,-295.73,1280.94,1877.50,31.60,64.00
1,1st scan,984,1,backward,102,145,2298,0,2992,2008,-1.00,2298.00,1,-1.000,-1.00,-1.00,-274.04,1289.28,1882.41,31.60,64.00
1,1st scan,985,1,backward,101,145,2272,0,3080,1984,-1.00,2272.00,1,-1.000,-1.00,-1.00,-248.66,1279.22,1861.11,31.60,64.00
1,1st scan,986,1,backward,100,145,2259,0,3184,2008,-1.00,2259.00,1,-1.000,-1.00,-1.00,-225.00,1276.02,1850.46,31.60,64.00
1,1st scan,987,1,backward,99,145,2268,0,2104,2088,-1.00,2268.00,1,-1.000,-1.00,-1.00,-203.50,1284.86,1857.84,31.60,64.00
1,1st scan,988,1,backward,98,145,2241,0,3344,1976,-1.00,2241.00,1,-1.000,-1.00,-1.00,-178.89,1272.88,1835.72,31.60,64.00
1,1st scan,989,1,backward,97,145,2285,0,1592,2144,-1.00,2285.00,1,-1.000,-1.00,-1.00,-159.72,1300.85,1871.76,31.60,64.00
1,1st scan,990,1,backward,96,145,2246,0,2184,2128,-1.00,2246.00,1,-1.000,-1.00,-1.00,-134.66,1281.20,1839.82,31.60,64.00
1,1st scan,991,1,backward,95,145,2262,0,3136,2024,-1.00,2262.00,1,-1.000,-1.00,-1.00,-113.08,1292.49,1852.92,31.60,64.00
1,1st scan,992,1,backward,94,145,2255,0,2176,2120,-1.00,2255.00,1,-1.000,-1.00,-1.00,-90.22,1290.26,1847.19,31.60,64.00
1,1st scan,993,1,backward,93,145,2208,0,3688,1984,-1.00,2208.00,1,-1.000,-1.00,-1.00,-66.28,1264.72,1808.69,31.60,64.00
1,1st scan,994,1,backward,92,145,2220,0,2936,2024,-1.00,2220.00,1,-1.000,-1.00,-1.00,-44.44,1272.56,1818.52,31.60,64.00
1,1st scan,995,1,backward,91,145,2240,0,2712,2048,-1.00,2240.00,1,-1.000,-1.00,-1.00,-22.42,1284.62,1834.90,31.60,64.00
1,1st scan,996,1,backward,90,145,2236,0,3664,2008,-1.00,2236.00,1,-1.000,-1.00,-1.00,-0.00,1282.52,1831.62,31.60,64.00
1,1st scan,997,1,backward,89,145,2256,0,2592,2048,-1.00,2256.00,1,-1.000,-1.00,-1.00,22.58,1293.79,1848.01,31.60,64.00
1,1st scan,998,1,backward,88,145,2235,0,3488,1968,-1.00,2235.00,1,-1.000,-1.00,-1.00,44.74,1281.16,1830.80,31.60,64.00
1,1st scan,999,1,backward,87,145,2229,0,2560,2088,-1.00,2229.00,1,-1.000,-1.00,-1.00,66.91,1276.75,1825.89,31.60,64.00
1,1st scan,1000,1,backward,86,145,2196,0,2400,2096,-1.00,2196.00,1,-1.000,-1.00,-1.00,87.86,1256.51,1798.86,31.60,64.00
1,1st scan,1001,1,backward,85,145,2241,0,2296,2104,-1.00,2241.00,1,-1.000,-1.00,-1.00,112.03,1280.49,1835.72,31.60,64.00
1,1st scan,1002,1,backward,84,145,2239,0,2496,2096,-1.00,2239.00,1,-1.000,-1.00,-1.00,134.24,1277.20,1834.08,31.60,64.00
1,1st scan,1003,1,backward,83,145,2263,0,2672,2064,-1.00,2263.00,1,-1.000,-1.00,-1.00,158.19,1288.33,1853.74,31.60,64.00
1,1st scan,1004,1,backward,82,145,2253,0,2984,2008,-1.00,2253.00,1,-1.000,-1.00,-1.00,179.85,1279.69,1845.55,31.60,64.00
1,1st scan,1005,1,backward,81,145,2261,0,3048,2016,-1.00,2261.00,1,-1.000,-1.00,-1.00,202.87,1280.89,1852.10,31.60,64.00
1,1st scan,1006,1,backward,80,145,2223,0,2376,2080,-1.00,2223.00,1,-1.000,-1.00,-1.00,221.41,1255.69,1820.97,31.60,64.00
1,1st scan,1007,1,backward,79,145,2269,0,3176,2024,-1.00,2269.00,1,-1.000,-1.00,-1.00,248.33,1277.53,1858.66,31.60,64.00
1,1st scan,1008,1,backward,78,145,2237,0,2424,2080,-1.00,2237.00,1,-1.000,-1.00,-1.00,266.77,1255.05,1832.44,31.60,64.00
1,1st scan,1009,1,backward,77,145,2279,0,2648,2072,-1.00,2279.00,1,-1.000,-1.00,-1.00,294.05,1273.68,1866.85,31.60,64.00
1,1st scan,1010,1,backward,76,145,2290,0,2600,2048,-1.00,2290.00,1,-1.000,-1.00,-1.00,317.76,1274.47,1875.86,31.60,64.00
1,1st scan,1011,1,backward,75,145,2250,0,2504,2064,-1.00,2250.00,1,-1.000,-1.00,-1.00,334.02,1246.57,1843.09,31.60,64.00
1,1st scan,1012,1,backward,74,145,2290,0,2160,2088,-1.00,2290.00,1,-1.000,-1.00,-1.00,362.05,1262.61,1875.86,31.60,64.00
1,1st scan,1013,1,backward,73,145,2285,0,1832,2144,-1.00,2285.00,1,-1.000,-1.00,-1.00,383.19,1253.35,1871.76,31.60,64.00
1,1st scan,1014,1,backward,72,145,2310,0,2024,2104,-1.00,2310.00,1,-1.000,-1.00,-1.00,409.44,1260.11,1892.24,31.60,64.00
1,1st scan,1015,1,backward,71,145,2295,0,2720,2016,-1.00,2295.00,1,-1.000,-1.00,-1.00,428.56,1244.64,1879.95,31.60,64.00
1,1st scan,1016,1,backward,70,145,2321,0,2688,2032,-1.00,2321.00,1,-1.000,-1.00,-1.00,455.32,1250.99,1901.25,31.60,64.00
1,1st scan,1017,1,backward,69,145,2322,0,2200,2088,-1.00,2322.00,1,-1.000,-1.00,-1.00,477.29,1243.38,1902.07,31.60,64.00
1,1st scan,1018,1,backward,68,145,2323,0,2896,2040,-1.00,2323.00,1,-1.000,-1.00,-1.00,499.13,1235.40,1902.89,31.60,64.00
1,1st scan,1019,1,backward,67,145,2318,0,1808,2112,-1.00,2318.00,1,-1.000,-1.00,-1.00,519.50,1223.86,1898.79,31.60,64.00
1,1st scan,1020,1,backward,66,145,2315,0,2080,2120,-1.00,2315.00,1,-1.000,-1.00,-1.00,540.08,1213.03,1896.34,31.60,64.00
1,1st scan,1021,1,backward,65,145,2375,0,2400,2056,-1.00,2375.00,1,-1.000,-1.00,-1.00,575.71,1234.61,1945.49,31.60,64.00
1,1st scan,1022,1,backward,64,145,2330,0,2680,2008,-1.00,2330.00,1,-1.000,-1.00,-1.00,585.85,1201.18,1908.62,31.60,64.00
1,1st scan,1023,1,backward,63,145,2375,0,2136,2096,-1.00,2375.00,1,-1.000,-1.00,-1.00,618.45,1213.77,1945.49,31.60,64.00
1,1st scan,1024,1,backward,62,145,2432,0,1976,2104,-1.00,2432.00,1,-1.000,-1.00,-1.00,654.88,1231.66,1992.18,31.60,64.00
1,1st scan,1025,1,backward,61,145,2434,0,2128,2112,-1.00,2434.00,1,-1.000,-1.00,-1.00,676.84,1221.04,1993.82,31.60,64.00
1,1st scan,1026,1,backward,60,145,2434,0,2048,2112,-1.00,2434.00,1,-1.000,-1.00,-1.00,698.04,1209.05,1993.82,31.60,64.00
1,1st scan,1027,1,backward,59,145,2510,0,1208,2192,-1.00,2510.00,1,-1.000,-1.00,-1.00,741.49,1234.04,2056.07,31.60,64.00
1,1st scan,1028,1,backward,58,145,-1,2,944,2200,-1.00,-1.00,1,-1.000,-1.00,-1.00,-1.00,-1.00,-1.00,31.60,64.00
1,1st scan,1029,1,backward,57,145,2505,0,1744,2120,-1.00,2505.00,1,-1.000,-1.00,-1.00,782.54,1205.01,2051.98,31.60,64.00
1,1st scan,1030,1,backward,56,145,2532,0,2448,2056,-1.00,2532.00,1,-1.000,-1.00,-1.00,812.11,1204.01,2074.09,31.60,64.00
1,1st scan,1031,1,backward,55,145,2453,0,2520,2072,-1.00,2453.00,1,-1.000,-1.00,-1.00,807.01,1152.53,2009.38,31.60,64.00
1,1st scan,1032,1,backward,54,145,2465,0,1496,2144,-1.00,2465.00,1,-1.000,-1.00,-1.00,831.05,1143.84,2019.21,31.60,64.00
1,1st scan,1033,1,backward,53,145,2595,0,1608,2144,-1.00,2595.00,1,-1.000,-1.00,-1.00,895.76,1188.71,2125.70,31.60,64.00
1,1st scan,1034,1,backward,52,145,2539,0,1368,2152,-1.00,2539.00,1,-1.000,-1.00,-1.00,896.59,1147.59,2079.83,31.60,64.00
1,1st scan,1035,1,backward,51,145,2613,0,1080,2168,-1.00,2613.00,1,-1.000,-1.00,-1.00,943.20,1164.75,2140.44,31.60,64.00
1,1st scan,1036,1,backward,50,145,2607,0,1576,2144,-1.00,2607.00,1,-1.000,-1.00,-1.00,961.17,1145.48,2135.53,31.60,64.00
1,1st scan,1037,1,backward,49,145,2575,0,1144,2208,-1.00,2575.00,1,-1.000,-1.00,-1.00,968.97,1114.68,2109.32,31.60,64.00
1,1st scan,1038,1,backward,48,145,2576,0,2184,2112,-1.00,2576.00,1,-1.000,-1.00,-1.00,988.66,1098.02,2110.14,31.60,64.00
1,1st scan,1039,1,backward,47,145,2673,0,1808,2160,-1.00,2673.00,1,-1.000,-1.00,-1.00,1045.62,1121.29,2189.59,31.60,64.00
1,1st scan,1040,1,backward,46,145,2650,0,1432,2184,-1.00,2650.00,1,-1.000,-1.00,-1.00,1055.87,1093.38,2170.75,31.60,64.00
1,1st scan,1041,1,backward,45,145,-1,2,864,2272,-1.00,-1.00,1,-1.000,-1.00,-1.00,-1.00,-1.00,-1.00,31.60,64.00
1,1st scan,1042,1,backward,44,145,-1,7,1496,2184,-1.00,-1.00,1,-1.000,-1.00,-1.00,-1.00,-1.00,-1.00,31.60,64.00
1,1st scan,1043,1,backward,43,145,-1,2,1016,2272,-1.00,-1.00,1,-1.000,-1.00,-1.00,-1.00,-1.00,-1.00,31.60,64.00
1,1st scan,1044,1,backward,42,145,-1,2,576,2280,-1.00,-1.00,1,-1.000,-1.00,-1.00,-1.00,-1.00,-1.00,31.60,64.00
1,1st scan,1045,1,backward,41,145,-1,7,1512,2240,-1.00,-1.00,1,-1.000,-1.00,-1.00,-1.00,-1.00,-1.00,31.60,64.00
1,1st scan,1046,1,backward,40,145,-1,2,976,2328,-1.00,-1.00,1,-1.000,-1.00,-1.00,-1.00,-1.00,-1.00,31.60,64.00
1,1st scan,1047,1,backward,39,145,2874,0,2032,2248,-1.00,2874.00,1,-1.000,-1.00,-1.00,1281.09,1037.41,2354.24,31.60,64.00
1,1st scan,1048,1,backward,38,145,-1,2,704,2384,-1.00,-1.00,1,-1.000,-1.00,-1.00,-1.00,-1.00,-1.00,31.60,64.00
1,1st scan,1049,1,backward,37,145,2775,0,1984,2224,-1.00,2775.00,1,-1.000,-1.00,-1.00,1271.17,957.89,2273.15,31.60,64.00
1,1st scan,1050,1,backward,36,145,-1,2,784,2352,-1.00,-1.00,1,-1.000,-1.00,-1.00,-1.00,-1.00,-1.00,31.60,64.00
1,1st scan,1051,1,backward,35,145,2850,0,2352,2256,-1.00,2850.00,1,-1.000,-1.00,-1.00,1339.06,937.62,2334.58,31.60,64.00
1,1st scan,1052,1,backward,34,145,2637,0,1712,2336,-1.00,2637.00,1,-1.000,-1.00,-1.00,1253.94,845.79,2160.10,31.60,64.00
1,1st scan,1053,1,backward,33,145,-1,7,1704,2336,-1.00,-1.00,1,-1.000,-1.00,-1.00,-1.00,-1.00,-1.00,31.60,64.00
1,1st scan,1054,1,backward,32,145,2583,0,1824,2296,-1.00,2583.00,1,-1.000,-1.00,-1.00,1256.42,785.10,2115.87,31.60,64.00
1,1st scan,1055,1,backward,31,145,-1,2,232,2416,-1.00,-1.00,1,-1.000,-1.00,-1.00,-1.00,-1.00,-1.00,31.60,64.00
1,1st scan,1056,1,backward,30,145,2681,0,1424,2328,-1.00,2681.00,1,-1.000,-1.00,-1.00,1331.74,768.88,2196.15,31.60,64.00
1,1st scan,1057,1,backward,29,145,2555,0,1608,2344,-1.00,2555.00,1,-1.000,-1.00,-1.00,1281.74,710.48,2092.93,31.60,64.00
1,1st scan,1058,1,backward,28,145,2464,0,1136,2432,-1.00,2464.00,1,-1.000,-1.00,-1.00,1247.86,663.50,2018.39,31.60,64.00
1,1st scan,1059,1,backward,27,145,-1,2,496,2472,-1.00,-1.00,1,-1.000,-1.00,-1.00,-1.00,-1.00,-1.00,31.60,64.00
1,1st scan,1060,1,backward,26,145,-1,7,1512,2408,-1.00,-1.00,1,-1.000,-1.00,-1.00,-1.00,-1.00,-1.00,31.60,64.00
1,1st scan,1061,1,backward,25,145,-1,2,776,2464,-1.00,-1.00,1,-1.000,-1.00,-1.00,-1.00,-1.00,-1.00,31.60,64.00
1,1st scan,1062,1,backward,24,145,-1,2,736,2488,-1.00,-1.00,1,-1.000,-1.00,-1.00,-1.00,-1.00,-1.00,31.60,64.00
1,1st scan,1063,1,backward,23,145,-1,2,1000,2504,-1.00,-1.00,1,-1.000,-1.00,-1.00,-1.00,-1.00,-1.00,31.60,64.00
1,1st scan,1064,1,backward,22,145,-1,2,984,2464,-1.00,-1.00,1,-1.000,-1.00,-1.00,-1.00,-1.00,-1.00,31.60,64.00
1,1st scan,1065,1,backward,21,145,2325,0,1688,2408,-1.00,2325.00,1,-1.000,-1.00,-1.00,1244.99,477.91,1904.53,31.60,64.00
1,1st scan,1066,1,backward,20,145,2347,0,2288,2368,-1.00,2347.00,1,-1.000,-1.00,-1.00,1265.00,460.42,1922.55,31.60,64.00
1,1st scan,1067,1,backward,19,145,2274,0,1920,2384,-1.00,2274.00,1,-1.000,-1.00,-1.00,1233.25,424.64,1862.75,31.60,64.00
1,1st scan,1068,1,backward,18,145,-1,2,920,2480,-1.00,-1.00,1,-1.000,-1.00,-1.00,-1.00,-1.00,-1.00,31.60,64.00
1,1st scan,1069,1,backward,17,145,2241,0,2600,2352,-1.00,2241.00,1,-1.000,-1.00,-1.00,1229.22,375.81,1835.72,31.60,64.00
1,1st scan,1070,1,backward,16,145,2272,0,1488,2432,-1.00,2272.00,1,-1.000,-1.00,-1.00,1252.68,359.20,1861.11,31.60,64.00
1,1st scan,1071,1,backward,15,145,2260,0,2440,2328,-1.00,2260.00,1,-1.000,-1.00,-1.00,1252.11,335.50,1851.28,31.60,64.00
1,1st scan,1072,1,backward,14,145,2197,0,1768,2376,-1.00,2197.00,1,-1.000,-1.00,-1.00,1222.72,304.86,1799.68,31.60,64.00
1,1st scan,1073,1,backward,13,145,-1,2,936,2480,-1.00,-1.00,1,-1.000,-1.00,-1.00,-1.00,-1.00,-1.00,31.60,64.00
1,1st scan,1074,1,backward,12,145,2243,0,1040,2472,-1.00,2243.00,1,-1.000,-1.00,-1.00,1258.42,267.49,1837.36,31.60,64.00
1,1st scan,1075,1,backward,11,145,-1,2,0,2552,-1.00,-1.00,1,-1.000,-1.00,-1.00,-1.00,-1.00,-1.00,31.60,64.00
1,1st scan,1076,1,backward,10,145,2102,0,1952,2376,-1.00,2102.00,1,-1.000,-1.00,-1.00,1187.34,209.36,1721.86,31.60,64.00
1,1st scan,1077,1,backward,9,145,2120,0,2456,2336,-1.00,2120.00,1,-1.000,-1.00,-1.00,1201.01,190.22,1736.60,31.60,64.00
1,1st scan,1078,1,backward,8,145,2198,0,2992,2336,-1.00,2198.00,1,-1.000,-1.00,-1.00,1248.45,175.46,1800.50,31.60,64.00
1,1st scan,1079,1,backward,7,145,2115,0,2576,2288,-1.00,2115.00,1,-1.000,-1.00,-1.00,1204.07,147.84,1732.51,31.60,64.00
1,1st scan,1080,1,backward,6,145,2122,0,2816,2240,-1.00,2122.00,1,-1.000,-1.00,-1.00,1210.46,127.22,1738.24,31.60,64.00
1,1st scan,1081,1,backward,5,145,2127,0,2304,2312,-1.00,2127.00,1,-1.000,-1.00,-1.00,1215.35,106.33,1742.34,31.60,64.00
1,1st scan,1082,1,backward,4,145,2122,0,2760,2256,-1.00,2122.00,1,-1.000,-1.00,-1.00,1214.16,84.90,1738.24,31.60,64.00
1,1st scan,1083,1,backward,3,145,2111,0,1720,2344,-1.00,2111.00,1,-1.000,-1.00,-1.00,1209.16,63.37,1729.23,31.60,64.00
1,1st scan,1084,1,backward,2,145,2107,0,2112,2272,-1.00,2107.00,1,-1.000,-1.00,-1.00,1207.79,42.18,1725.95,31.60,64.00
1,1st scan,1085,1,backward,1,145,2074,0,3328,2184,-1.00,2074.00,1,-1.000,-1.00,-1.00,1189.42,20.76,1698.92,31.60,64.00
1,1st scan,1086,1,backward,0,145,2044,0,2448,2272,-1.00,2044.00,1,-1.000,-1.00,-1.00,1172.39,0.00,1674.35,31.60,64.00
1,1st scan,1087,1,forward,0,140,2126,0,2584,2256,-1.00,2126.00,1,-1.000,-1.00,-1.00,1366.57,0.00,1628.61,32.60,64.00
1,1st scan,1088,1,forward,1,140,2126,0,1688,2352,-1.00,2126.00,0,-1.000,-1.00,-1.00,1366.36,23.85,1628.61,32.60,64.00
1,1st scan,1089,1,forward,2,140,2123,0,2008,2320,-1.00,2123.00,1,-1.000,-1.00,-1.00,1363.81,47.63,1626.31,32.60,64.00
1,1st scan,1090,1,forward,3,140,2124,0,2272,2344,-1.00,2124.00,1,-1.000,-1.00,-1.00,1363.41,71.45,1627.08,32.60,64.00
1,1st scan,1091,1,forward,4,140,-1,2,568,2496,-1.00,-1.00,1,-1.000,-1.00,-1.00,-1.00,-1.00,-1.00,32.60,64.00
1,1st scan,1092,1,forward,5,140,2174,0,1624,2408,-1.00,2174.00,1,-1.000,-1.00,-1.00,1392.10,121.79,1665.38,32.60,64.00
1,1st scan,1093,1,forward,6,140,2168,0,1840,2360,-1.00,2168.00,1,-1.000,-1.00,-1.00,1385.93,145.67,1660.78,32.60,64.00
1,1st scan,1094,1,forward,7,140,2222,0,1560,2464,-1.00,2222.00,1,-1.000,-1.00,-1.00,1417.63,174.06,1702.15,32.60,64.00
1,1st scan,1095,1,forward,8,140,2159,0,2072,2440,-1.00,2159.00,1,-1.000,-1.00,-1.00,1374.27,193.14,1653.89,32.60,64.00
1,1st scan,1096,1,forward,9,140,2233,0,1680,2448,-1.00,2233.00,1,-1.000,-1.00,-1.00,1417.67,224.54,1710.58,32.60,64.00
1,1st scan,1097,1,forward,10,140,2168,0,1568,2480,-1.00,2168.00,1,-1.000,-1.00,-1.00,1372.39,241.99,1660.78,32.60,64.00
1,1st scan,1098,1,forward,11,140,2261,0,1392,2480,-1.00,2261.00,1,-1.000,-1.00,-1.00,1426.64,277.31,1732.03,32.60,64.00
1,1st scan,1099,1,forward,12,140,2307,0,1648,2480,-1.00,2307.00,1,-1.000,-1.00,-1.00,1450.51,308.31,1767.26,32.60,64.00
1,1st scan,1100,1,forward,13,140,-1,2,936,2496,-1.00,-1.00,1,-1.000,-1.00,-1.00,-1.00,-1.00,-1.00,32.60,64.00
1,1st scan,1101,1,forward,14,140,2302,0,1144,2480,-1.00,2302.00,1,-1.000,-1.00,-1.00,1435.74,357.97,1763.43,32.60,64.00
1,1st scan,1102,1,forward,15,140,2345,0,2056,2400,-1.00,2345.00,1,-1.000,-1.00,-1.00,1455.98,390.13,1796.37,32.60,64.00
1,1st scan,1103,1,forward,16,140,-1,2,440,2528,-1.00,-1.00,1,-1.000,-1.00,-1.00,-1.00,-1.00,-1.00,32.60,64.00
1,1st scan,1104,1,forward,17,140,2285,0,1440,2464,-1.00,2285.00,1,-1.000,-1.00,-1.00,1404.59,429.43,1750.41,32.60,64.00
1,1st scan,1105,1,forward,18,140,-1,2,920,2472,-1.00,-1.00,1,-1.000,-1.00,-1.00,-1.00,-1.00,-1.00,32.60,64.00
1,1st scan,1106,1,forward,19,140,2456,0,1280,2488,-1.00,2456.00,1,-1.000,-1.00,-1.00,1492.68,513.97,1881.41,32.60,64.00
1,1st scan,1107,1,forward,20,140,2468,0,1576,2440,-1.00,2468.00,1,-1.000,-1.00,-1.00,1490.73,542.58,1890.60,32.60,64.00
1,1st scan,1108,1,forward,21,140,2359,0,1512,2440,-1.00,2359.00,1,-1.000,-1.00,-1.00,1415.62,543.41,1807.10,32.60,64.00
1,1st scan,1109,1,forward,22,140,-1,2,472,2520,-1.00,-1.00,1,-1.000,-1.00,-1.00,-1.00,-1.00,-1.00,32.60,64.00
1,1st scan,1110,1,forward,23,140,2343,0,1296,2448,-1.00,2343.00,1,-1.000,-1.00,-1.00,1386.33,588.46,1794.84,32.60,64.00
1,1st scan,1111,1,forward,24,140,-1,2,1008,2456,-1.00,-1.00,1,-1.000,-1.00,-1.00,-1.00,-1.00,-1.00,32.60,64.00
1,1st scan,1112,1,forward,25,140,-1,2,648,2440,-1.00,-1.00,1,-1.000,-1.00,-1.00,-1.00,-1.00,-1.00,32.60,64.00
1,1st scan,1113,1,forward,26,140,2567,0,2312,2264,-1.00,2567.00,1,-1.000,-1.00,-1.00,1483.04,723.33,1966.44,32.60,64.00
1,1st scan,1114,1,forward,27,140,-1,7,1104,2344,-1.00,-1.00,1,-1.000,-1.00,-1.00,-1.00,-1.00,-1.00,32.60,64.00
1,1st scan,1115,1,forward,28,140,-1,2,872,2368,-1.00,-1.00,1,-1.000,-1.00,-1.00,-1.00,-1.00,-1.00,32.60,64.00
1,1st scan,1116,1,forward,29,140,-1,2,664,2328,-1.00,-1.00,1,-1.000,-1.00,-1.00,-1.00,-1.00,-1.00,32.60,64.00
1,1st scan,1117,1,forward,30,140,-1,7,1848,2256,-1.00,-1.00,1,-1.000,-1.00,-1.00,-1.00,-1.00,-1.00,32.60,64.00
1,1st scan,1118,1,forward,31,140,-1,2,744,2368,-1.00,-1.00,1,-1.000,-1.00,-1.00,-1.00,-1.00,-1.00,32.60,64.00
1,1st scan,1119,1,forward,32,140,-1,2,680,2336,-1.00,-1.00,1,-1.000,-1.00,-1.00,-1.00,-1.00,-1.00,32.60,64.00
1,1st scan,1120,1,forward,33,140,-1,2,720,2352,-1.00,-1.00,1,-1.000,-1.00,-1.00,-1.00,-1.00,-1.00,32.60,64.00
1,1st scan,1121,1,forward,34,140,2990,0,1112,2328,-1.00,2990.00,1,-1.000,-1.00,-1.00,1593.36,1074.73,2290.47,32.60,64.00
1,1st scan,1122,1,forward,35,140,-1,2,768,2344,-1.00,-1.00,1,-1.000,-1.00,-1.00,-1.00,-1.00,-1.00,32.60,64.00
1,1st scan,1123,1,forward,36,140,3154,0,1160,2280,-1.00,3154.00,1,-1.000,-1.00,-1.00,1640.16,1191.65,2416.10,32.60,64.00
1,1st scan,1124,1,forward,37,140,-1,2,744,2336,-1.00,-1.00,1,-1.000,-1.00,-1.00,-1.00,-1.00,-1.00,32.60,64.00
1,1st scan,1125,1,forward,38,140,-1,2,928,2248,-1.00,-1.00,1,-1.000,-1.00,-1.00,-1.00,-1.00,-1.00,32.60,64.00
1,1st scan,1126,1,forward,39,140,-1,2,456,2336,-1.00,-1.00,1,-1.000,-1.00,-1.00,-1.00,-1.00,-1.00,32.60,64.00
1,1st scan,1127,1,forward,40,140,2911,0,1912,2192,-1.00,2911.00,1,-1.000,-1.00,-1.00,1433.39,1202.76,2229.96,32.60,64.00
1,1st scan,1128,1,forward,41,140,-1,2,1016,2264,-1.00,-1.00,1,-1.000,-1.00,-1.00,-1.00,-1.00,-1.00,32.60,64.00
1,1st scan,1129,1,forward,42,140,2854,0,1200,2256,-1.00,2854.00,1,-1.000,-1.00,-1.00,1363.31,1227.53,2186.29,32.60,64.00
1,1st scan,1130,1,forward,43,140,-1,2,112,2304,-1.00,-1.00,1,-1.000,-1.00,-1.00,-1.00,-1.00,-1.00,32.60,64.00
1,1st scan,1131,1,forward,44,140,-1,7,1648,2176,-1.00,-1.00,1,-1.000,-1.00,-1.00,-1.00,-1.00,-1.00,32.60,64.00
1,1st scan,1132,1,forward,45,140,-1,2,824,2240,-1.00,-1.00,1,-1.000,-1.00,-1.00,-1.00,-1.00,-1.00,32.60,64.00
1,1st scan,1133,1,forward,46,140,2740,0,1336,2160,-1.00,2740.00,1,-1.000,-1.00,-1.00,1223.46,1266.93,2098.96,32.60,64.00
1,1st scan,1134,1,forward,47,140,2718,0,2056,2120,-1.00,2718.00,1,-1.000,-1.00,-1.00,1191.52,1277.75,2082.11,32.60,64.00
1,1st scan,1135,1,forward,48,140,-1,2,920,2192,-1.00,-1.00,1,-1.000,-1.00,-1.00,-1.00,-1.00,-1.00,32.60,64.00
1,1st scan,1136,1,forward,49,140,-1,2,1000,2184,-1.00,-1.00,1,-1.000,-1.00,-1.00,-1.00,-1.00,-1.00,32.60,64.00
1,1st scan,1137,1,forward,50,140,2640,0,2712,2056,-1.00,2640.00,1,-1.000,-1.00,-1.00,1090.78,1299.95,2022.36,32.60,64.00
1,1st scan,1138,1,forward,51,140,2556,0,1888,2104,-1.00,2556.00,1,-1.000,-1.00,-1.00,1033.95,1276.82,1958.01,32.60,64.00
1,1st scan,1139,1,forward,52,140,2607,0,1960,2088,-1.00,2607.00,1,-1.000,-1.00,-1.00,1031.69,1320.51,1997.08,32.60,64.00
1,1st scan,1140,1,forward,53,140,-1,2,720,2216,-1.00,-1.00,1,-1.000,-1.00,-1.00,-1.00,-1.00,-1.00,32.60,64.00
1,1st scan,1141,1,forward,54,140,2607,0,1992,2088,-1.00,2607.00,1,-1.000,-1.00,-1.00,984.98,1355.71,1997.08,32.60,64.00
1,1st scan,1142,1,forward,55,140,2473,0,2704,2056,-1.00,2473.00,1,-1.000,-1.00,-1.00,911.76,1302.14,1894.43,32.60,64.00
1,1st scan,1143,1,forward,56,140,2491,0,1096,2160,-1.00,2491.00,1,-1.000,-1.00,-1.00,895.37,1327.44,1908.22,32.60,64.00
1,1st scan,1144,1,forward,57,140,-1,2,952,2176,-1.00,-1.00,1,-1.000,-1.00,-1.00,-1.00,-1.00,-1.00,32.60,64.00
1,1st scan,1145,1,forward,58,140,2501,0,2040,2096,-1.00,2501.00,1,-1.000,-1.00,-1.00,851.90,1363.33,1915.88,32.60,64.00
1,1st scan,1146,1,forward,59,140,2429,0,1912,2104,-1.00,2429.00,1,-1.000,-1.00,-1.00,804.14,1338.32,1860.72,32.60,64.00
1,1st scan,1147,1,forward,60,140,-1,2,896,2176,-1.00,-1.00,1,-1.000,-1.00,-1.00,-1.00,-1.00,-1.00,32.60,64.00
1,1st scan,1148,1,forward,61,140,2419,0,1248,2120,-1.00,2419.00,1,-1.000,-1.00,-1.00,753.83,1359.95,1853.06,32.60,64.00
1,1st scan,1149,1,forward,62,140,2431,0,1104,2200,-1.00,2431.00,1,-1.000,-1.00,-1.00,733.60,1379.71,1862.25,32.60,64.00
1,1st scan,1150,1,forward,63,140,2431,0,2816,2016,-1.00,2431.00,1,-1.000,-1.00,-1.00,709.41,1392.30,1862.25,32.60,64.00
1,1st scan,1151,1,forward,64,140,2394,0,3128,2016,-1.00,2394.00,1,-1.000,-1.00,-1.00,674.58,1383.09,1833.91,32.60,64.00
1,1st scan,1152,1,forward,65,140,-1,2,824,2184,-1.00,-1.00,1,-1.000,-1.00,-1.00,-1.00,-1.00,-1.00,32.60,64.00
1,1st scan,1153,1,forward,66,140,-1,2,744,2216,-1.00,-1.00,1,-1.000,-1.00,-1.00,-1.00,-1.00,-1.00,32.60,64.00
1,1st scan,1154,1,forward,67,140,2390,0,2176,2064,-1.00,2390.00,1,-1.000,-1.00,-1.00,600.27,1414.14,1830.85,32.60,64.00
1,1st scan,1155,1,forward,68,140,2374,0,3064,2024,-1.00,2374.00,1,-1.000,-1.00,-1.00,571.64,1414.86,1818.59,32.60,64.00
1,1st scan,1156,1,forward,69,140,2362,0,2568,2048,-1.00,2362.00,1,-1.000,-1.00,-1.00,544.10,1417.42,1809.40,32.60,64.00
1,1st scan,1157,1,forward,70,140,2343,0,1712,2096,-1.00,2343.00,1,-1.000,-1.00,-1.00,515.10,1415.23,1794.84,32.60,64.00
1,1st scan,1158,1,forward,71,140,2393,0,2800,2016,-1.00,2393.00,1,-1.000,-1.00,-1.00,500.79,1454.39,1833.14,32.60,64.00
1,1st scan,1159,1,forward,72,140,2356,0,1936,2112,-1.00,2356.00,1,-1.000,-1.00,-1.00,467.98,1440.29,1804.80,32.60,64.00
1,1st scan,1160,1,forward,73,140,2361,0,3168,2040,-1.00,2361.00,1,-1.000,-1.00,-1.00,443.71,1451.31,1808.63,32.60,64.00
1,1st scan,1161,1,forward,74,140,2361,0,2800,2024,-1.00,2361.00,1,-1.000,-1.00,-1.00,418.31,1458.83,1808.63,32.60,64.00
1,1st scan,1162,1,forward,75,140,2328,0,2008,2104,-1.00,2328.00,1,-1.000,-1.00,-1.00,387.30,1445.42,1783.35,32.60,64.00
1,1st scan,1163,1,forward,76,140,2346,0,2520,2056,-1.00,2346.00,1,-1.000,-1.00,-1.00,364.81,1463.19,1797.14,32.60,64.00
1,1st scan,1164,1,forward,77,140,2335,0,3176,2008,-1.00,2335.00,1,-1.000,-1.00,-1.00,337.63,1462.44,1788.71,32.60,64.00
1,1st scan,1165,1,forward,78,140,2316,0,2080,2080,-1.00,2316.00,1,-1.000,-1.00,-1.00,309.52,1456.16,1774.16,32.60,64.00
1,1st scan,1166,1,forward,79,140,2350,0,2216,2064,-1.00,2350.00,1,-1.000,-1.00,-1.00,288.23,1482.80,1800.20,32.60,64.00
1,1st scan,1167,1,forward,80,140,2332,0,2280,2096,-1.00,2332.00,1,-1.000,-1.00,-1.00,260.30,1476.21,1786.42,32.60,64.00
1,1st scan,1168,1,forward,81,140,2354,0,1232,2200,-1.00,2354.00,1,-1.000,-1.00,-1.00,236.70,1494.49,1803.27,32.60,64.00
1,1st scan,1169,1,forward,82,140,2325,0,3240,2000,-1.00,2325.00,1,-1.000,-1.00,-1.00,207.99,1479.94,1781.05,32.60,64.00
1,1st scan,1170,1,forward,83,140,2324,0,2232,2080,-1.00,2324.00,1,-1.000,-1.00,-1.00,182.05,1482.70,1780.29,32.60,64.00
1,1st scan,1171,1,forward,84,140,2279,0,2264,2056,-1.00,2279.00,1,-1.000,-1.00,-1.00,153.13,1456.89,1745.82,32.60,64.00
1,1st scan,1172,1,forward,85,140,2338,0,2824,2016,-1.00,2338.00,1,-1.000,-1.00,-1.00,130.98,1497.12,1791.01,32.60,64.00
1,1st scan,1173,1,forward,86,140,2324,0,3152,2024,-1.00,2324.00,1,-1.000,-1.00,-1.00,104.20,1490.20,1780.29,32.60,64.00
1,1st scan,1174,1,forward,87,140,2363,0,2608,2048,-1.00,2363.00,1,-1.000,-1.00,-1.00,79.49,1516.83,1810.16,32.60,64.00
1,1st scan,1175,1,forward,88,140,2350,0,3040,2008,-1.00,2350.00,1,-1.000,-1.00,-1.00,52.72,1509.63,1800.20,32.60,64.00
1,1st scan,1176,1,forward,89,140,2338,0,3496,1992,-1.00,2338.00,1,-1.000,-1.00,-1.00,26.23,1502.61,1791.01,32.60,64.00
1,1st scan,1177,1,forward,90,140,2376,0,1976,2064,-1.00,2376.00,1,-1.000,-1.00,-1.00,-0.00,1527.26,1820.12,32.60,64.00
1,1st scan,1178,1,forward,91,140,2348,0,3312,1976,-1.00,2348.00,1,-1.000,-1.00,-1.00,-26.34,1509.04,1798.67,32.60,64.00
1,1st scan,1179,1,forward,92,140,2354,0,1488,2128,-1.00,2354.00,1,-1.000,-1.00,-1.00,-52.81,1512.20,1803.27,32.60,64.00
1,1st scan,1180,1,forward,93,140,2362,0,2168,2080,-1.00,2362.00,1,-1.000,-1.00,-1.00,-79.46,1516.18,1809.40,32.60,64.00
1,1st scan,1181,1,forward,94,140,2362,0,1776,2096,-1.00,2362.00,1,-1.000,-1.00,-1.00,-105.91,1514.57,1809.40,32.60,64.00
1,1st scan,1182,1,forward,95,140,2381,0,2592,2056,-1.00,2381.00,1,-1.000,-1.00,-1.00,-133.39,1524.65,1823.95,32.60,64.00
1,1st scan,1183,1,forward,96,140,2405,0,2328,2048,-1.00,2405.00,1,-1.000,-1.00,-1.00,-161.59,1537.44,1842.34,32.60,64.00
1,1st scan,1184,1,forward,97,140,2382,0,1608,2128,-1.00,2382.00,1,-1.000,-1.00,-1.00,-186.60,1519.71,1824.72,32.60,64.00
1,1st scan,1185,1,forward,98,140,2392,0,1544,2096,-1.00,2392.00,1,-1.000,-1.00,-1.00,-213.99,1522.58,1832.38,32.60,64.00
1,1st scan,1186,1,forward,99,140,2425,0,2424,1992,-1.00,2425.00,1,-1.000,-1.00,-1.00,-243.84,1539.57,1857.66,32.60,64.00
1,1st scan,1187,1,forward,100,140,2401,0,1544,2096,-1.00,2401.00,1,-1.000,-1.00,-1.00,-268.00,1519.89,1839.27,32.60,64.00
1,1st scan,1188,1,forward,101,140,2420,0,1816,2072,-1.00,2420.00,1,-1.000,-1.00,-1.00,-296.81,1526.97,1853.83,32.60,64.00
1,1st scan,1189,1,forward,102,140,2417,0,2376,1976,-1.00,2417.00,1,-1.000,-1.00,-1.00,-323.02,1519.67,1851.53,32.60,64.00
1,1st scan,1190,1,forward,103,140,2423,0,2328,1992,-1.00,2423.00,1,-1.000,-1.00,-1.00,-350.36,1517.56,1856.13,32.60,64.00
1,1st scan,1191,1,forward,104,140,2461,0,2120,2032,-1.00,2461.00,1,-1.000,-1.00,-1.00,-382.70,1534.91,1885.24,32.60,64.00
1,1st scan,1192,1,forward,105,140,2491,0,1040,2096,-1.00,2491.00,1,-1.000,-1.00,-1.00,-414.42,1546.62,1908.22,32.60,64.00
1,1st scan,1193,1,forward,106,140,2497,0,1880,2024,-1.00,2497.00,1,-1.000,-1.00,-1.00,-442.41,1542.86,1912.81,32.60,64.00
1,1st scan,1194,1,forward,107,140,2557,0,1544,2024,-1.00,2557.00,1,-1.000,-1.00,-1.00,-480.54,1571.79,1958.78,32.60,64.00
1,1st scan,1195,1,forward,108,140,2462,0,2344,1992,-1.00,2462.00,1,-1.000,-1.00,-1.00,-489.03,1505.09,1886.00,32.60,64.00
1,1st scan,1196,1,forward,109,140,2463,0,2296,1968,-1.00,2463.00,1,-1.000,-1.00,-1.00,-515.43,1496.93,1886.77,32.60,64.00
1,1st scan,1197,1,forward,110,140,2452,0,1736,1984,-1.00,2452.00,1,-1.000,-1.00,-1.00,-539.06,1481.06,1878.34,32.60,64.00
1,1st scan,1198,1,forward,111,140,2437,0,2296,1992,-1.00,2437.00,1,-1.000,-1.00,-1.00,-561.37,1462.43,1866.85,32.60,64.00
1,1st scan,1199,1,forward,112,140,2374,0,1216,2152,-1.00,2374.00,1,-1.000,-1.00,-1.00,-571.64,1414.86,1818.59,32.60,64.00
1,1st scan,1200,1,forward,113,140,2578,0,1496,1992,-1.00,2578.00,1,-1.000,-1.00,-1.00,-647.48,1525.37,1974.86,32.60,64.00
1,1st scan,1201,1,forward,114,140,2613,0,2344,1928,-1.00,2613.00,1,-1.000,-1.00,-1.00,-683.16,1534.39,2001.67,32.60,64.00
1,1st scan,1202,1,forward,115,140,2344,0,2488,2016,-1.00,2344.00,1,-1.000,-1.00,-1.00,-636.76,1365.53,1795.61,32.60,64.00
1,1st scan,1203,1,forward,116,140,2569,0,1544,1960,-1.00,2569.00,1,-1.000,-1.00,-1.00,-723.89,1484.20,1967.97,32.60,64.00
1,1st scan,1204,1,forward,117,140,2515,0,2480,1896,-1.00,2515.00,1,-1.000,-1.00,-1.00,-733.93,1440.41,1926.60,32.60,64.00
1,1st scan,1205,1,forward,118,140,-1,2,672,2056,-1.00,-1.00,1,-1.000,-1.00,-1.00,-1.00,-1.00,-1.00,32.60,64.00
1,1st scan,1206,1,forward,119,140,2645,0,1584,1936,-1.00,2645.00,1,-1.000,-1.00,-1.00,-824.26,1487.00,2026.19,32.60,64.00
1,1st scan,1207,1,forward,120,140,2609,0,1224,1960,-1.00,2609.00,1,-1.000,-1.00,-1.00,-838.52,1452.35,1998.61,32.60,64.00
1,1st scan,1208,1,forward,121,140,2743,0,1760,1944,-1.00,2743.00,1,-1.000,-1.00,-1.00,-908.10,1511.33,2101.26,32.60,64.00
1,1st scan,1209,1,forward,122,140,-1,2,968,1960,-1.00,-1.00,1,-1.000,-1.00,-1.00,-1.00,-1.00,-1.00,32.60,64.00
1,1st scan,1210,1,forward,123,140,-1,2,424,1992,-1.00,-1.00,1,-1.000,-1.00,-1.00,-1.00,-1.00,-1.00,32.60,64.00
1,1st scan,1211,1,forward,124,140,-1,2,800,1936,-1.00,-1.00,1,-1.000,-1.00,-1.00,-1.00,-1.00,-1.00,32.60,64.00
1,1st scan,1212,1,forward,125,140,2772,0,1344,1904,-1.00,2772.00,1,-1.000,-1.00,-1.00,-1022.00,1459.57,2123.48,32.60,64.00
1,1st scan,1213,1,forward,126,140,-1,2,920,1952,-1.00,-1.00,1,-1.000,-1.00,-1.00,-1.00,-1.00,-1.00,32.60,64.00
1,1st scan,1214,1,forward,127,140,2755,0,1096,1904,-1.00,2755.00,1,-1.000,-1.00,-1.00,-1065.74,1414.29,2110.45,32.60,64.00
1,1st scan,1215,1,forward,128,140,2820,0,1224,1872,-1.00,2820.00,1,-1.000,-1.00,-1.00,-1115.99,1428.40,2160.25,32.60,64.00
1,1st scan,1216,1,forward,129,140,2809,0,1280,1896,-1.00,2809.00,1,-1.000,-1.00,-1.00,-1136.29,1403.21,2151.82,32.60,64.00
1,1st scan,1217,1,forward,130,140,-1,2,640,1928,-1.00,-1.00,1,-1.000,-1.00,-1.00,-1.00,-1.00,-1.00,32.60,64.00
1,1st scan,1218,1,forward,131,140,2823,0,1200,1864,-1.00,2823.00,1,-1.000,-1.00,-1.00,-1190.48,1369.49,2162.54,32.60,64.00
1,1st scan,1219,1,forward,132,140,2843,0,1176,1896,-1.00,2843.00,1,-1.000,-1.00,-1.00,-1222.80,1358.06,2177.86,32.60,64.00
1,1st scan,1220,1,forward,133,140,2825,0,1040,1848,-1.00,2825.00,1,-1.000,-1.00,-1.00,-1238.42,1328.05,2164.08,32.60,64.00
1,1st scan,1221,1,forward,134,140,-1,2,984,1856,-1.00,-1.00,1,-1.000,-1.00,-1.00,-1.00,-1.00,-1.00,32.60,64.00
1,1st scan,1222,1,forward,135,140,2817,0,1424,1816,-1.00,2817.00,1,-1.000,-1.00,-1.00,-1280.38,1280.38,2157.95,32.60,64.00
1,1st scan,1223,1,forward,136,140,2799,0,1856,1768,-1.00,2799.00,1,-1.000,-1.00,-1.00,-1294.21,1249.80,2144.16,32.60,64.00
1,1st scan,1224,1,forward,137,140,-1,2,264,1904,-1.00,-1.00,1,-1.000,-1.00,-1.00,-1.00,-1.00,-1.00,32.60,64.00
1,1st scan,1225,1,forward,138,140,-1,2,696,1856,-1.00,-1.00,1,-1.000,-1.00,-1.00,-1.00,-1.00,-1.00,32.60,64.00
1,1st scan,1226,1,forward,139,140,2710,0,1544,1752,-1.00,2710.00,1,-1.000,-1.00,-1.00,-1314.67,1142.82,2075.98,32.60,64.00
1,1st scan,1227,1,forward,140,140,-1,2,888,1840,-1.00,-1.00,1,-1.000,-1.00,-1.00,-1.00,-1.00,-1.00,32.60,64.00
1,1st scan,1228,1,forward,141,140,2667,0,2248,1720,-1.00,2667.00,1,-1.000,-1.00,-1.00,-1332.27,1078.85,2043.04,32.60,64.00
1,1st scan,1229,1,forward,142,140,2541,0,1824,1744,-1.00,2541.00,1,-1.000,-1.00,-1.00,-1287.08,1005.57,1946.52,32.60,64.00
1,1st scan,1230,1,forward,143,140,2534,0,1776,1744,-1.00,2534.00,1,-1.000,-1.00,-1.00,-1300.84,980.25,1941.16,32.60,64.00
1,1st scan,1231,1,forward,144,140,2483,0,1264,1784,-1.00,2483.00,1,-1.000,-1.00,-1.00,-1291.22,938.13,1902.09,32.60,64.00
1,1st scan,1232,1,forward,145,140,2565,0,1928,1776,-1.00,2565.00,1,-1.000,-1.00,-1.00,-1350.58,945.68,1964.90,32.60,64.00
1,1st scan,1233,1,forward,146,140,2499,0,2696,1656,-1.00,2499.00,1,-1.000,-1.00,-1.00,-1331.70,898.25,1914.35,32.60,64.00
1,1st scan,1234,1,forward,147,140,2482,0,1664,1768,-1.00,2482.00,1,-1.000,-1.00,-1.00,-1338.01,868.92,1901.32,32.60,64.00
1,1st scan,1235,1,forward,148,140,2510,0,2432,1696,-1.00,2510.00,1,-1.000,-1.00,-1.00,-1368.24,854.97,1922.77,32.60,64.00
1,1st scan,1236,1,forward,149,140,-1,2,904,1824,-1.00,-1.00,1,-1.000,-1.00,-1.00,-1.00,-1.00,-1.00,32.60,64.00
1,1st scan,1237,1,forward,150,140,2297,0,1448,1784,-1.00,2297.00,1,-1.000,-1.00,-1.00,-1278.67,738.24,1759.60,32.60,64.00
1,1st scan,1238,1,forward,151,140,2319,0,2152,1728,-1.00,2319.00,1,-1.000,-1.00,-1.00,-1303.73,722.67,1776.46,32.60,64.00
1,1st scan,1239,1,forward,152,140,2350,0,2952,1664,-1.00,2350.00,1,-1.000,-1.00,-1.00,-1333.74,709.16,1800.20,32.60,64.00
1,1st scan,1240,1,forward,153,140,2400,0,2480,1728,-1.00,2400.00,1,-1.000,-1.00,-1.00,-1374.55,700.37,1838.51,32.60,64.00
1,1st scan,1241,1,forward,154,140,2302,0,2432,1704,-1.00,2302.00,1,-1.000,-1.00,-1.00,-1329.94,648.66,1763.43,32.60,64.00
1,1st scan,1242,1,forward,155,140,2281,0,1904,1752,-1.00,2281.00,1,-1.000,-1.00,-1.00,-1328.83,619.64,1747.35,32.60,64.00
1,1st scan,1243,1,forward,156,140,2264,0,2104,1728,-1.00,2264.00,1,-1.000,-1.00,-1.00,-1329.46,591.91,1734.32,32.60,64.00
1,1st scan,1244,1,forward,157,140,2257,0,1176,1816,-1.00,2257.00,1,-1.000,-1.00,-1.00,-1335.44,566.86,1728.96,32.60,64.00
1,1st scan,1245,1,forward,158,140,2212,0,2048,1728,-1.00,2212.00,1,-1.000,-1.00,-1.00,-1318.31,532.63,1694.49,32.60,64.00
1,1st scan,1246,1,forward,159,140,2222,0,2104,1728,-1.00,2222.00,1,-1.000,-1.00,-1.00,-1333.41,511.85,1702.15,32.60,64.00
1,1st scan,1247,1,forward,160,140,2187,0,3320,1656,-1.00,2187.00,1,-1.000,-1.00,-1.00,-1321.00,480.80,1675.34,32.60,64.00
1,1st scan,1248,1,forward,161,140,2197,0,2320,1720,-1.00,2197.00,1,-1.000,-1.00,-1.00,-1335.27,459.77,1683.00,32.60,64.00
1,1st scan,1249,1,forward,162,140,2205,0,3496,1624,-1.00,2205.00,1,-1.000,-1.00,-1.00,-1347.98,437.98,1689.13,32.60,64.00
1,1st scan,1250,1,forward,163,140,2168,0,2688,1712,-1.00,2168.00,1,-1.000,-1.00,-1.00,-1332.67,407.44,1660.78,32.60,64.00
1,1st scan,1251,1,forward,164,140,2167,0,2688,1688,-1.00,2167.00,1,-1.000,-1.00,-1.00,-1338.96,383.94,1660.02,32.60,64.00
1,1st scan,1252,1,forward,165,140,2166,0,2872,1712,-1.00,2166.00,1,-1.000,-1.00,-1.00,-1344.84,360.35,1659.25,32.60,64.00
1,1st scan,1253,1,forward,166,140,2157,0,2600,1736,-1.00,2157.00,1,-1.000,-1.00,-1.00,-1345.31,335.42,1652.36,32.60,64.00
1,1st scan,1254,1,forward,167,140,2123,0,3120,1696,-1.00,2123.00,1,-1.000,-1.00,-1.00,-1329.66,306.98,1626.31,32.60,64.00
1,1st scan,1255,1,forward,168,140,2111,0,2744,1728,-1.00,2111.00,1,-1.000,-1.00,-1.00,-1327.27,282.12,1617.12,32.60,64.00
1,1st scan,1256,1,forward,169,140,2102,0,4120,1592,-1.00,2102.00,1,-1.000,-1.00,-1.00,-1326.32,257.81,1610.23,32.60,64.00
1,1st scan,1257,1,forward,170,140,2111,0,2120,1768,-1.00,2111.00,1,-1.000,-1.00,-1.00,-1336.31,235.63,1617.12,32.60,64.00
1,1st scan,1258,1,forward,171,140,2076,0,3288,1688,-1.00,2076.00,1,-1.000,-1.00,-1.00,-1318.00,208.75,1590.31,32.60,64.00
1,1st scan,1259,1,forward,172,140,2100,0,4072,1584,-1.00,2100.00,1,-1.000,-1.00,-1.00,-1336.72,187.86,1608.69,32.60,64.00
1,1st scan,1260,1,forward,173,140,2101,0,3112,1648,-1.00,2101.00,1,-1.000,-1.00,-1.00,-1340.43,164.58,1609.46,32.60,64.00
1,1st scan,1261,1,forward,174,140,2126,0,3184,1688,-1.00,2126.00,1,-1.000,-1.00,-1.00,-1359.08,142.85,1628.61,32.60,64.00
1,1st scan,1262,1,forward,175,140,2086,0,3360,1608,-1.00,2086.00,1,-1.000,-1.00,-1.00,-1335.75,116.86,1597.97,32.60,64.00
1,1st scan,1263,1,forward,176,140,2053,0,3552,1632,-1.00,2053.00,1,-1.000,-1.00,-1.00,-1316.43,92.05,1572.69,32.60,64.00
1,1st scan,1264,1,forward,177,140,2069,0,2624,1704,-1.00,2069.00,1,-1.000,-1.00,-1.00,-1328.10,69.60,1584.95,32.60,64.00
1,1st scan,1265,1,forward,178,140,2059,0,1976,1744,-1.00,2059.00,1,-1.000,-1.00,-1.00,-1322.69,46.19,1577.29,32.60,64.00
1,1st scan,1266,1,forward,179,140,2074,0,3016,1680,-1.00,2074.00,1,-1.000,-1.00,-1.00,-1332.94,23.27,1588.78,32.60,64.00
1,1st scan,1267,1,forward,180,140,2051,0,3856,1616,-1.00,2051.00,1,-1.000,-1.00,-1.00,-1318.36,-0.00,1571.16,32.60,64.00
1,1st scan,1268,1,backward,180,135,2109,0,3008,1688,-1.00,2109.00,0,-1.000,-1.00,-1.00,-1491.29,-0.00,1491.29,31.50,64.00
1,1st scan,1269,1,backward,179,135,2104,0,2720,1696,-1.00,2104.00,0,-1.000,-1.00,-1.00,-1487.53,25.96,1487.75,31.50,64.00
1,1st scan,1270,1,backward,178,135,2095,0,2376,1736,-1.00,2095.00,1,-1.000,-1.00,-1.00,-1480.49,51.70,1481.39,31.50,64.00
1,1st scan,1271,1,backward,177,135,2133,0,2784,1688,-1.00,2133.00,1,-1.000,-1.00,-1.00,-1506.19,78.94,1508.26,31.50,64.00
1,1st scan,1272,1,backward,176,135,2118,0,3272,1640,-1.00,2118.00,1,-1.000,-1.00,-1.00,-1494.00,104.47,1497.65,31.50,64.00
1,1st scan,1273,1,backward,175,135,2118,0,2368,1720,-1.00,2118.00,1,-1.000,-1.00,-1.00,-1491.95,130.53,1497.65,31.50,64.00
1,1st scan,1274,1,backward,174,135,2119,0,2712,1704,-1.00,2119.00,1,-1.000,-1.00,-1.00,-1490.15,156.62,1498.36,31.50,64.00
1,1st scan,1275,1,backward,173,135,2127,0,3152,1680,-1.00,2127.00,1,-1.000,-1.00,-1.00,-1492.81,183.29,1504.02,31.50,64.00
1,1st scan,1276,1,backward,172,135,2153,0,3360,1640,-1.00,2153.00,1,-1.000,-1.00,-1.00,-1507.58,211.88,1522.40,31.50,64.00
1,1st scan,1277,1,backward,171,135,2161,0,3112,1664,-1.00,2161.00,1,-1.000,-1.00,-1.00,-1509.24,239.04,1528.06,31.50,64.00
1,1st scan,1278,1,backward,170,135,2142,0,3112,1664,-1.00,2142.00,1,-1.000,-1.00,-1.00,-1491.61,263.01,1514.62,31.50,64.00
1,1st scan,1279,1,backward,169,135,2165,0,2104,1752,-1.00,2165.00,1,-1.000,-1.00,-1.00,-1502.76,292.11,1530.89,31.50,64.00
1,1st scan,1280,1,backward,168,135,2187,0,2872,1688,-1.00,2187.00,1,-1.000,-1.00,-1.00,-1512.65,321.52,1546.44,31.50,64.00
1,1st scan,1281,1,backward,167,135,2183,0,2824,1720,-1.00,2183.00,1,-1.000,-1.00,-1.00,-1504.05,347.24,1543.61,31.50,64.00
1,1st scan,1282,1,backward,166,135,2159,0,2696,1696,-1.00,2159.00,1,-1.000,-1.00,-1.00,-1481.30,369.33,1526.64,31.50,64.00
1,1st scan,1283,1,backward,165,135,2212,0,2560,1720,-1.00,2212.00,1,-1.000,-1.00,-1.00,-1510.82,404.82,1564.12,31.50,64.00
1,1st scan,1284,1,backward,164,135,2194,0,1992,1792,-1.00,2194.00,1,-1.000,-1.00,-1.00,-1491.29,427.62,1551.39,31.50,64.00
1,1st scan,1285,1,backward,163,135,2223,0,2976,1704,-1.00,2223.00,1,-1.000,-1.00,-1.00,-1503.21,459.58,1571.90,31.50,64.00
1,1st scan,1286,1,backward,162,135,2221,0,3704,1616,-1.00,2221.00,1,-1.000,-1.00,-1.00,-1493.62,485.31,1570.48,31.50,64.00
1,1st scan,1287,1,backward,161,135,2241,0,2016,1776,-1.00,2241.00,1,-1.000,-1.00,-1.00,-1498.29,515.90,1584.63,31.50,64.00
1,1st scan,1288,1,backward,160,135,2265,0,2632,1712,-1.00,2265.00,1,-1.000,-1.00,-1.00,-1505.01,547.78,1601.60,31.50,64.00
1,1st scan,1289,1,backward,159,135,2311,0,2304,1728,-1.00,2311.00,1,-1.000,-1.00,-1.00,-1525.59,585.62,1634.12,31.50,64.00
1,1st scan,1290,1,backward,158,135,2253,0,2456,1736,-1.00,2253.00,1,-1.000,-1.00,-1.00,-1477.11,596.79,1593.11,31.50,64.00
1,1st scan,1291,1,backward,157,135,2296,0,1960,1736,-1.00,2296.00,1,-1.000,-1.00,-1.00,-1494.46,634.36,1623.52,31.50,64.00
1,1st scan,1292,1,backward,156,135,2288,0,2880,1672,-1.00,2288.00,1,-1.000,-1.00,-1.00,-1477.99,658.04,1617.86,31.50,64.00
1,1st scan,1293,1,backward,155,135,2352,0,1752,1760,-1.00,2352.00,1,-1.000,-1.00,-1.00,-1507.29,702.86,1663.12,31.50,64.00
1,1st scan,1294,1,backward,154,135,-1,2,936,1824,-1.00,-1.00,1,-1.000,-1.00,-1.00,-1.00,-1.00,-1.00,31.50,64.00
1,1st scan,1295,1,backward,153,135,2378,0,2672,1688,-1.00,2378.00,1,-1.000,-1.00,-1.00,-1498.23,763.39,1681.50,31.50,64.00
1,1st scan,1296,1,backward,152,135,2404,0,2592,1680,-1.00,2404.00,1,-1.000,-1.00,-1.00,-1500.91,798.05,1699.88,31.50,64.00
1,1st scan,1297,1,backward,151,135,2429,0,1928,1720,-1.00,2429.00,1,-1.000,-1.00,-1.00,-1502.21,832.69,1717.56,31.50,64.00
1,1st scan,1298,1,backward,150,135,2313,0,1432,1808,-1.00,2313.00,1,-1.000,-1.00,-1.00,-1416.42,817.77,1635.54,31.50,64.00
1,1st scan,1299,1,backward,149,135,-1,2,976,1808,-1.00,-1.00,1,-1.000,-1.00,-1.00,-1.00,-1.00,-1.00,31.50,64.00
1,1st scan,1300,1,backward,148,135,2553,0,2016,1728,-1.00,2553.00,1,-1.000,-1.00,-1.00,-1530.93,956.63,1805.24,31.50,64.00
1,1st scan,1301,1,backward,147,135,2476,0,1856,1760,-1.00,2476.00,1,-1.000,-1.00,-1.00,-1468.34,953.55,1750.80,31.50,64.00
1,1st scan,1302,1,backward,146,135,2533,0,2040,1728,-1.00,2533.00,1,-1.000,-1.00,-1.00,-1484.89,1001.57,1791.10,31.50,64.00
1,1st scan,1303,1,backward,145,135,2496,0,1840,1704,-1.00,2496.00,1,-1.000,-1.00,-1.00,-1445.75,1012.33,1764.94,31.50,64.00
1,1st scan,1304,1,backward,144,135,2559,0,1280,1760,-1.00,2559.00,1,-1.000,-1.00,-1.00,-1463.91,1063.59,1809.49,31.50,64.00
1,1st scan,1305,1,backward,143,135,2566,0,1160,1792,-1.00,2566.00,1,-1.000,-1.00,-1.00,-1449.07,1091.95,1814.44,31.50,64.00
1,1st scan,1306,1,backward,142,135,2708,0,1264,1776,-1.00,2708.00,1,-1.000,-1.00,-1.00,-1508.92,1178.90,1914.85,31.50,64.00
1,1st scan,1307,1,backward,141,135,2612,0,1768,1760,-1.00,2612.00,1,-1.000,-1.00,-1.00,-1435.36,1162.33,1846.96,31.50,64.00
1,1st scan,1308,1,backward,140,135,2776,0,1416,1760,-1.00,2776.00,1,-1.000,-1.00,-1.00,-1503.69,1261.75,1962.93,31.50,64.00
1,1st scan,1309,1,backward,139,135,-1,2,432,1864,-1.00,-1.00,1,-1.000,-1.00,-1.00,-1.00,-1.00,-1.00,31.50,64.00
1,1st scan,1310,1,backward,138,135,-1,2,696,1832,-1.00,-1.00,1,-1.000,-1.00,-1.00,-1.00,-1.00,-1.00,31.50,64.00
1,1st scan,1311,1,backward,137,135,2874,0,1224,1792,-1.00,2874.00,1,-1.000,-1.00,-1.00,-1486.28,1385.97,2032.22,31.50,64.00
1,1st scan,1312,1,backward,136,135,2849,0,1280,1784,-1.00,2849.00,1,-1.000,-1.00,-1.00,-1449.14,1399.42,2014.55,31.50,64.00
1,1st scan,1313,1,backward,135,135,2755,0,1600,1752,-1.00,2755.00,1,-1.000,-1.00,-1.00,-1377.50,1377.50,1948.08,31.50,64.00
1,1st scan,1314,1,backward,134,135,2794,0,1744,1752,-1.00,2794.00,1,-1.000,-1.00,-1.00,-1372.41,1421.17,1975.66,31.50,64.00
1,1st scan,1315,1,backward,133,135,2927,0,1376,1800,-1.00,2927.00,1,-1.000,-1.00,-1.00,-1411.53,1513.68,2069.70,31.50,64.00
1,1st scan,1316,1,backward,132,135,2921,0,1880,1784,-1.00,2921.00,1,-1.000,-1.00,-1.00,-1382.06,1534.94,2065.46,31.50,64.00
1,1st scan,1317,1,backward,131,135,-1,2,1024,1896,-1.00,-1.00,1,-1.000,-1.00,-1.00,-1.00,-1.00,-1.00,31.50,64.00
1,1st scan,1318,1,backward,130,135,-1,2,576,1912,-1.00,-1.00,1,-1.000,-1.00,-1.00,-1.00,-1.00,-1.00,31.50,64.00
1,1st scan,1319,1,backward,129,135,-1,7,1344,1856,-1.00,-1.00,1,-1.000,-1.00,-1.00,-1.00,-1.00,-1.00,31.50,64.00
1,1st scan,1320,1,backward,128,135,-1,2,416,1920,-1.00,-1.00,1,-1.000,-1.00,-1.00,-1.00,-1.00,-1.00,31.50,64.00
1,1st scan,1321,1,backward,127,135,-1,2,496,1928,-1.00,-1.00,1,-1.000,-1.00,-1.00,-1.00,-1.00,-1.00,31.50,64.00
1,1st scan,1322,1,backward,126,135,-1,2,936,1920,-1.00,-1.00,1,-1.000,-1.00,-1.00,-1.00,-1.00,-1.00,31.50,64.00
1,1st scan,1323,1,backward,125,135,2822,0,1792,1816,-1.00,2822.00,1,-1.000,-1.00,-1.00,-1144.55,1634.58,1995.46,31.50,64.00
1,1st scan,1324,1,backward,124,135,-1,2,376,1944,-1.00,-1.00,1,-1.000,-1.00,-1.00,-1.00,-1.00,-1.00,31.50,64.00
1,1st scan,1325,1,backward,123,135,-1,2,920,1960,-1.00,-1.00,1,-1.000,-1.00,-1.00,-1.00,-1.00,-1.00,31.50,64.00
1,1st scan,1326,1,backward,122,135,2731,0,1744,1864,-1.00,2731.00,1,-1.000,-1.00,-1.00,-1023.33,1637.67,1931.11,31.50,64.00
1,1st scan,1327,1,backward,121,135,-1,2,864,1944,-1.00,-1.00,1,-1.000,-1.00,-1.00,-1.00,-1.00,-1.00,31.50,64.00
1,1st scan,1328,1,backward,120,135,2827,0,1048,1920,-1.00,2827.00,1,-1.000,-1.00,-1.00,-999.50,1731.18,1998.99,31.50,64.00
1,1st scan,1329,1,backward,119,135,2727,0,1400,1952,-1.00,2727.00,1,-1.000,-1.00,-1.00,-934.85,1686.51,1928.28,31.50,64.00
1,1st scan,1330,1,backward,118,135,2748,0,1784,1888,-1.00,2748.00,1,-1.000,-1.00,-1.00,-912.24,1715.68,1943.13,31.50,64.00
1,1st scan,1331,1,backward,117,135,2612,0,1512,1944,-1.00,2612.00,1,-1.000,-1.00,-1.00,-838.50,1645.66,1846.96,31.50,64.00
1,1st scan,1332,1,backward,116,135,2690,0,1144,1952,-1.00,2690.00,1,-1.000,-1.00,-1.00,-833.83,1709.61,1902.12,31.50,64.00
1,1st scan,1333,1,backward,115,135,2667,0,1288,1984,-1.00,2667.00,1,-1.000,-1.00,-1.00,-797.00,1709.16,1885.85,31.50,64.00
1,1st scan,1334,1,backward,114,135,2666,0,1240,1992,-1.00,2666.00,1,-1.000,-1.00,-1.00,-766.76,1722.17,1885.15,31.50,64.00
1,1st scan,1335,1,backward,113,135,2646,0,1456,2000,-1.00,2646.00,1,-1.000,-1.00,-1.00,-731.06,1722.27,1871.00,31.50,64.00
1,1st scan,1336,1,backward,112,135,2589,0,1752,2000,-1.00,2589.00,1,-1.000,-1.00,-1.00,-685.79,1697.40,1830.70,31.50,64.00
1,1st scan,1337,1,backward,111,135,2538,0,1608,2016,-1.00,2538.00,1,-1.000,-1.00,-1.00,-643.14,1675.44,1794.64,31.50,64.00
1,1st scan,1338,1,backward,110,135,2486,0,2328,1968,-1.00,2486.00,1,-1.000,-1.00,-1.00,-601.23,1651.86,1757.87,31.50,64.00
1,1st scan,1339,1,backward,109,135,2615,0,1032,2056,-1.00,2615.00,1,-1.000,-1.00,-1.00,-602.00,1748.34,1849.08,31.50,64.00
1,1st scan,1340,1,backward,108,135,2576,0,2112,2000,-1.00,2576.00,1,-1.000,-1.00,-1.00,-562.88,1732.36,1821.51,31.50,64.00
1,1st scan,1341,1,backward,107,135,2539,0,1952,1992,-1.00,2539.00,1,-1.000,-1.00,-1.00,-524.91,1716.90,1795.34,31.50,64.00
1,1st scan,1342,1,backward,106,135,2495,0,2472,1968,-1.00,2495.00,1,-1.000,-1.00,-1.00,-486.29,1695.89,1764.23,31.50,64.00
1,1st scan,1343,1,backward,105,135,2555,0,1616,2048,-1.00,2555.00,1,-1.000,-1.00,-1.00,-467.60,1745.10,1806.66,31.50,64.00
1,1st scan,1344,1,backward,104,135,2480,0,1592,2080,-1.00,2480.00,1,-1.000,-1.00,-1.00,-424.24,1701.53,1753.62,31.50,64.00
1,1st scan,1345,1,backward,103,135,2589,0,1760,2024,-1.00,2589.00,1,-1.000,-1.00,-1.00,-411.82,1783.78,1830.70,31.50,64.00
1,1st scan,1346,1,backward,102,135,2491,0,1904,2056,-1.00,2491.00,1,-1.000,-1.00,-1.00,-366.22,1722.91,1761.40,31.50,64.00
1,1st scan,1347,1,backward,101,135,2431,0,2288,2008,-1.00,2431.00,1,-1.000,-1.00,-1.00,-328.00,1687.39,1718.98,31.50,64.00
1,1st scan,1348,1,backward,100,135,2433,0,2136,2024,-1.00,2433.00,1,-1.000,-1.00,-1.00,-298.74,1694.25,1720.39,31.50,64.00
1,1st scan,1349,1,backward,99,135,2408,0,1664,2096,-1.00,2408.00,1,-1.000,-1.00,-1.00,-266.36,1681.75,1702.71,31.50,64.00
1,1st scan,1350,1,backward,98,135,2430,0,1264,2128,-1.00,2430.00,1,-1.000,-1.00,-1.00,-239.14,1701.55,1718.27,31.50,64.00
1,1st scan,1351,1,backward,97,135,2452,0,1544,2112,-1.00,2452.00,1,-1.000,-1.00,-1.00,-211.30,1720.90,1733.83,31.50,64.00
1,1st scan,1352,1,backward,96,135,2469,0,2416,2024,-1.00,2469.00,1,-1.000,-1.00,-1.00,-182.49,1736.28,1745.85,31.50,64.00
1,1st scan,1353,1,backward,95,135,2412,0,1560,2128,-1.00,2412.00,1,-1.000,-1.00,-1.00,-148.65,1699.05,1705.54,31.50,64.00
1,1st scan,1354,1,backward,94,135,2376,0,1648,2080,-1.00,2376.00,1,-1.000,-1.00,-1.00,-117.20,1675.99,1680.09,31.50,64.00
1,1st scan,1355,1,backward,93,135,2382,0,2504,2032,-1.00,2382.00,1,-1.000,-1.00,-1.00,-88.15,1682.02,1684.33,31.50,64.00
1,1st scan,1356,1,backward,92,135,2381,0,2456,2056,-1.00,2381.00,1,-1.000,-1.00,-1.00,-58.76,1682.60,1683.62,31.50,64.00
1,1st scan,1357,1,backward,91,135,2397,0,2456,2040,-1.00,2397.00,1,-1.000,-1.00,-1.00,-29.58,1694.68,1694.94,31.50,64.00
1,1st scan,1358,1,backward,90,135,2401,0,2584,2008,-1.00,2401.00,1,-1.000,-1.00,-1.00,-0.00,1697.76,1697.76,31.50,64.00
1,1st scan,1359,1,backward,89,135,2427,0,1512,2136,-1.00,2427.00,1,-1.000,-1.00,-1.00,29.95,1715.89,1716.15,31.50,64.00
1,1st scan,1360,1,backward,88,135,2381,0,1904,2072,-1.00,2381.00,1,-1.000,-1.00,-1.00,58.76,1682.60,1683.62,31.50,64.00
1,1st scan,1361,1,backward,87,135,2405,0,1600,2096,-1.00,2405.00,1,-1.000,-1.00,-1.00,89.00,1698.26,1700.59,31.50,64.00
1,1st scan,1362,1,backward,86,135,2406,0,2000,2096,-1.00,2406.00,1,-1.000,-1.00,-1.00,118.68,1697.15,1701.30,31.50,64.00
1,1st scan,1363,1,backward,85,135,2408,0,1408,2120,-1.00,2408.00,1,-1.000,-1.00,-1.00,148.40,1696.23,1702.71,31.50,64.00
1,1st scan,1364,1,backward,84,135,2386,0,1744,2120,-1.00,2386.00,1,-1.000,-1.00,-1.00,176.36,1677.91,1687.16,31.50,64.00
1,1st scan,1365,1,backward,83,135,2352,0,1936,2080,-1.00,2352.00,1,-1.000,-1.00,-1.00,202.68,1650.72,1663.12,31.50,64.00
1,1st scan,1366,1,backward,82,135,2434,0,2416,2032,-1.00,2434.00,1,-1.000,-1.00,-1.00,239.53,1704.35,1721.10,31.50,64.00
1,1st scan,1367,1,backward,81,135,2415,0,2536,2048,-1.00,2415.00,1,-1.000,-1.00,-1.00,267.14,1686.64,1707.66,31.50,64.00
1,1st scan,1368,1,backward,80,135,2432,0,2016,2088,-1.00,2432.00,1,-1.000,-1.00,-1.00,298.62,1693.56,1719.68,31.50,64.00
1,1st scan,1369,1,backward,79,135,-1,2,832,2152,-1.00,-1.00,1,-1.000,-1.00,-1.00,-1.00,-1.00,-1.00,31.50,64.00
1,1st scan,1370,1,backward,78,135,2409,0,2400,2008,-1.00,2409.00,1,-1.000,-1.00,-1.00,354.16,1666.20,1703.42,31.50,64.00
1,1st scan,1371,1,backward,77,135,-1,2,704,2184,-1.00,-1.00,1,-1.000,-1.00,-1.00,-1.00,-1.00,-1.00,31.50,64.00
1,1st scan,1372,1,backward,76,135,-1,2,792,2200,-1.00,-1.00,1,-1.000,-1.00,-1.00,-1.00,-1.00,-1.00,31.50,64.00
1,1st scan,1373,1,backward,75,135,2381,0,2128,2056,-1.00,2381.00,1,-1.000,-1.00,-1.00,435.75,1626.25,1683.62,31.50,64.00
1,1st scan,1374,1,backward,74,135,-1,2,632,2168,-1.00,-1.00,1,-1.000,-1.00,-1.00,-1.00,-1.00,-1.00,31.50,64.00
1,1st scan,1375,1,backward,73,135,2448,0,2312,2080,-1.00,2448.00,1,-1.000,-1.00,-1.00,506.09,1655.36,1731.00,31.50,64.00
1,1st scan,1376,1,backward,72,135,2432,0,1968,2072,-1.00,2432.00,1,-1.000,-1.00,-1.00,531.41,1635.52,1719.68,31.50,64.00
1,1st scan,1377,1,backward,71,135,2464,0,2128,2088,-1.00,2464.00,1,-1.000,-1.00,-1.00,567.24,1647.39,1742.31,31.50,64.00
1,1st scan,1378,1,backward,70,135,2434,0,1416,2104,-1.00,2434.00,1,-1.000,-1.00,-1.00,588.65,1617.30,1721.10,31.50,64.00
1,1st scan,1379,1,backward,69,135,2471,0,2360,2056,-1.00,2471.00,1,-1.000,-1.00,-1.00,626.16,1631.21,1747.26,31.50,64.00
1,1st scan,1380,1,backward,68,135,2506,0,2096,2080,-1.00,2506.00,1,-1.000,-1.00,-1.00,663.81,1642.98,1772.01,31.50,64.00
1,1st scan,1381,1,backward,67,135,-1,2,824,2184,-1.00,-1.00,1,-1.000,-1.00,-1.00,-1.00,-1.00,-1.00,31.50,64.00
1,1st scan,1382,1,backward,66,135,-1,2,968,2160,-1.00,-1.00,1,-1.000,-1.00,-1.00,-1.00,-1.00,-1.00,31.50,64.00
1,1st scan,1383,1,backward,65,135,2484,0,1664,2096,-1.00,2484.00,1,-1.000,-1.00,-1.00,742.31,1591.89,1756.45,31.50,64.00
1,1st scan,1384,1,backward,64,135,2504,0,1096,2176,-1.00,2504.00,1,-1.000,-1.00,-1.00,776.18,1591.40,1770.60,31.50,64.00
1,1st scan,1385,1,backward,63,135,2521,0,1736,2096,-1.00,2521.00,1,-1.000,-1.00,-1.00,809.29,1588.32,1782.62,31.50,64.00
1,1st scan,1386,1,backward,62,135,2492,0,1936,2064,-1.00,2492.00,1,-1.000,-1.00,-1.00,827.26,1555.85,1762.11,31.50,64.00
1,1st scan,1387,1,backward,61,135,2504,0,2528,2032,-1.00,2504.00,1,-1.000,-1.00,-1.00,858.40,1548.60,1770.60,31.50,64.00
1,1st scan,1388,1,backward,60,135,2532,0,1744,2088,-1.00,2532.00,1,-1.000,-1.00,-1.00,895.20,1550.53,1790.39,31.50,64.00
1,1st scan,1389,1,backward,59,135,2581,0,1776,2096,-1.00,2581.00,1,-1.000,-1.00,-1.00,939.97,1564.37,1825.04,31.50,64.00
1,1st scan,1390,1,backward,58,135,2593,0,1504,2128,-1.00,2593.00,1,-1.000,-1.00,-1.00,971.62,1554.92,1833.53,31.50,64.00
1,1st scan,1391,1,backward,57,135,2677,0,2296,2032,-1.00,2677.00,1,-1.000,-1.00,-1.00,1030.96,1587.54,1892.92,31.50,64.00
1,1st scan,1392,1,backward,56,135,2560,0,2584,2056,-1.00,2560.00,1,-1.000,-1.00,-1.00,1012.25,1500.72,1810.19,31.50,64.00
1,1st scan,1393,1,backward,55,135,-1,2,112,2272,-1.00,-1.00,1,-1.000,-1.00,-1.00,-1.00,-1.00,-1.00,31.50,64.00
1,1st scan,1394,1,backward,54,135,-1,2,760,2184,-1.00,-1.00,1,-1.000,-1.00,-1.00,-1.00,-1.00,-1.00,31.50,64.00
1,1st scan,1395,1,backward,53,135,2650,0,1360,2144,-1.00,2650.00,1,-1.000,-1.00,-1.00,1127.70,1496.51,1873.83,31.50,64.00
1,1st scan,1396,1,backward,52,135,-1,2,696,2192,-1.00,-1.00,1,-1.000,-1.00,-1.00,-1.00,-1.00,-1.00,31.50,64.00
1,1st scan,1397,1,backward,51,135,2640,0,1792,2096,-1.00,2640.00,1,-1.000,-1.00,-1.00,1174.79,1450.75,1866.76,31.50,64.00
1,1st scan,1398,1,backward,50,135,-1,2,872,2200,-1.00,-1.00,1,-1.000,-1.00,-1.00,-1.00,-1.00,-1.00,31.50,64.00
1,1st scan,1399,1,backward,49,135,-1,2,840,2160,-1.00,-1.00,1,-1.000,-1.00,-1.00,-1.00,-1.00,-1.00,31.50,64.00
1,1st scan,1400,1,backward,48,135,2713,0,1240,2152,-1.00,2713.00,1,-1.000,-1.00,-1.00,1283.65,1425.63,1918.38,31.50,64.00
1,1st scan,1401,1,backward,47,135,2765,0,1496,2128,-1.00,2765.00,1,-1.000,-1.00,-1.00,1333.41,1429.91,1955.15,31.50,64.00
1,1st scan,1402,1,backward,46,135,-1,7,1800,2096,-1.00,-1.00,1,-1.000,-1.00,-1.00,-1.00,-1.00,-1.00,31.50,64.00
1,1st scan,1403,1,backward,45,135,-1,7,1928,2120,-1.00,-1.00,1,-1.000,-1.00,-1.00,-1.00,-1.00,-1.00,31.50,64.00
1,1st scan,1404,1,backward,44,135,-1,2,984,2208,-1.00,-1.00,1,-1.000,-1.00,-1.00,-1.00,-1.00,-1.00,31.50,64.00
1,1st scan,1405,1,backward,43,135,-1,2,840,2184,-1.00,-1.00,1,-1.000,-1.00,-1.00,-1.00,-1.00,-1.00,31.50,64.00
1,1st scan,1406,1,backward,42,135,2873,0,1896,2096,-1.00,2873.00,1,-1.000,-1.00,-1.00,1509.71,1359.35,2031.52,31.50,64.00
1,1st scan,1407,1,backward,41,135,3079,0,1376,2176,-1.00,3079.00,1,-1.000,-1.00,-1.00,1643.14,1428.36,2177.18,31.50,64.00
1,1st scan,1408,1,backward,40,135,-1,2,0,2272,-1.00,-1.00,1,-1.000,-1.00,-1.00,-1.00,-1.00,-1.00,31.50,64.00
1,1st scan,1409,1,backward,39,135,2816,0,1440,2144,-1.00,2816.00,1,-1.000,-1.00,-1.00,1547.46,1253.11,1991.21,31.50,64.00
1,1st scan,1410,1,backward,38,135,-1,2,992,2192,-1.00,-1.00,1,-1.000,-1.00,-1.00,-1.00,-1.00,-1.00,31.50,64.00
1,1st scan,1411,1,backward,37,135,3107,0,1512,2184,-1.00,3107.00,1,-1.000,-1.00,-1.00,1754.59,1322.18,2196.98,31.50,64.00
1,1st scan,1412,1,backward,36,135,-1,2,840,2248,-1.00,-1.00,1,-1.000,-1.00,-1.00,-1.00,-1.00,-1.00,31.50,64.00
1,1st scan,1413,1,backward,35,135,-1,2,808,2224,-1.00,-1.00,1,-1.000,-1.00,-1.00,-1.00,-1.00,-1.00,31.50,64.00
1,1st scan,1414,1,backward,34,135,2945,0,1752,2208,-1.00,2945.00,1,-1.000,-1.00,-1.00,1726.41,1164.48,2082.43,31.50,64.00
1,1st scan,1415,1,backward,33,135,-1,7,1040,2224,-1.00,-1.00,1,-1.000,-1.00,-1.00,-1.00,-1.00,-1.00,31.50,64.00
1,1st scan,1416,1,backward,32,135,2748,0,1960,2176,-1.00,2748.00,1,-1.000,-1.00,-1.00,1647.87,1029.70,1943.13,31.50,64.00
1,1st scan,1417,1,backward,31,135,-1,7,1080,2264,-1.00,-1.00,1,-1.000,-1.00,-1.00,-1.00,-1.00,-1.00,31.50,64.00
1,1st scan,1418,1,backward,30,135,-1,2,0,2352,-1.00,-1.00,1,-1.000,-1.00,-1.00,-1.00,-1.00,-1.00,31.50,64.00
1,1st scan,1419,1,backward,29,135,-1,2,0,2336,-1.00,-1.00,1,-1.000,-1.00,-1.00,-1.00,-1.00,-1.00,31.50,64.00
1,1st scan,1420,1,backward,28,135,-1,7,1368,2280,-1.00,-1.00,1,-1.000,-1.00,-1.00,-1.00,-1.00,-1.00,31.50,64.00
1,1st scan,1421,1,backward,27,135,-1,7,1744,2232,-1.00,-1.00,1,-1.000,-1.00,-1.00,-1.00,-1.00,-1.00,31.50,64.00
1,1st scan,1422,1,backward,26,135,2698,0,1184,2272,-1.00,2698.00,1,-1.000,-1.00,-1.00,1714.70,836.31,1907.77,31.50,64.00
1,1st scan,1423,1,backward,25,135,-1,7,1184,2272,-1.00,-1.00,1,-1.000,-1.00,-1.00,-1.00,-1.00,-1.00,31.50,64.00
1,1st scan,1424,1,backward,24,135,-1,2,360,2376,-1.00,-1.00,1,-1.000,-1.00,-1.00,-1.00,-1.00,-1.00,31.50,64.00
1,1st scan,1425,1,backward,23,135,-1,2,720,2336,-1.00,-1.00,1,-1.000,-1.00,-1.00,-1.00,-1.00,-1.00,31.50,64.00
1,1st scan,1426,1,backward,22,135,-1,2,784,2312,-1.00,-1.00,1,-1.000,-1.00,-1.00,-1.00,-1.00,-1.00,31.50,64.00
1,1st scan,1427,1,backward,21,135,-1,2,728,2400,-1.00,-1.00,1,-1.000,-1.00,-1.00,-1.00,-1.00,-1.00,31.50,64.00
1,1st scan,1428,1,backward,20,135,-1,2,472,2400,-1.00,-1.00,1,-1.000,-1.00,-1.00,-1.00,-1.00,-1.00,31.50,64.00
1,1st scan,1429,1,backward,19,135,-1,2,960,2360,-1.00,-1.00,1,-1.000,-1.00,-1.00,-1.00,-1.00,-1.00,31.50,64.00
1,1st scan,1430,1,backward,18,135,-1,2,1000,2376,-1.00,-1.00,1,-1.000,-1.00,-1.00,-1.00,-1.00,-1.00,31.50,64.00
1,1st scan,1431,1,backward,17,135,-1,2,448,2440,-1.00,-1.00,1,-1.000,-1.00,-1.00,-1.00,-1.00,-1.00,31.50,64.00
1,1st scan,1432,1,backward,16,135,2302,0,2024,2312,-1.00,2302.00,1,-1.000,-1.00,-1.00,1564.70,448.67,1627.76,31.50,64.00
1,1st scan,1433,1,backward,15,135,-1,2,0,2504,-1.00,-1.00,1,-1.000,-1.00,-1.00,-1.00,-1.00,-1.00,31.50,64.00
1,1st scan,1434,1,backward,14,135,-1,2,1016,2360,-1.00,-1.00,1,-1.000,-1.00,-1.00,-1.00,-1.00,-1.00,31.50,64.00
1,1st scan,1435,1,backward,13,135,-1,2,560,2424,-1.00,-1.00,1,-1.000,-1.00,-1.00,-1.00,-1.00,-1.00,31.50,64.00
1,1st scan,1436,1,backward,12,135,-1,2,552,2408,-1.00,-1.00,1,-1.000,-1.00,-1.00,-1.00,-1.00,-1.00,31.50,64.00
1,1st scan,1437,1,backward,11,135,-1,7,1728,2344,-1.00,-1.00,1,-1.000,-1.00,-1.00,-1.00,-1.00,-1.00,31.50,64.00
1,1st scan,1438,1,backward,10,135,2378,0,1672,2400,-1.00,2378.00,1,-1.000,-1.00,-1.00,1655.95,291.99,1681.50,31.50,64.00
1,1st scan,1439,1,backward,9,135,2440,0,1632,2352,-1.00,2440.00,1,-1.000,-1.00,-1.00,1704.10,269.90,1725.34,31.50,64.00
1,1st scan,1440,1,backward,8,135,2363,0,1040,2416,-1.00,2363.00,1,-1.000,-1.00,-1.00,1654.63,232.54,1670.89,31.50,64.00
1,1st scan,1441,1,backward,7,135,2389,0,1600,2400,-1.00,2389.00,1,-1.000,-1.00,-1.00,1676.69,205.87,1689.28,31.50,64.00
1,1st scan,1442,1,backward,6,135,2368,0,1792,2400,-1.00,2368.00,1,-1.000,-1.00,-1.00,1665.26,175.03,1674.43,31.50,64.00
1,1st scan,1443,1,backward,5,135,2053,0,2160,2344,-1.00,2053.00,1,-1.000,-1.00,-1.00,1446.17,126.52,1451.69,31.50,64.00
1,1st scan,1444,1,backward,4,135,2148,0,2464,2328,-1.00,2148.00,1,-1.000,-1.00,-1.00,1515.17,105.95,1518.87,31.50,64.00
1,1st scan,1445,1,backward,3,135,-1,2,952,2464,-1.00,-1.00,1,-1.000,-1.00,-1.00,-1.00,-1.00,-1.00,31.50,64.00
1,1st scan,1446,1,backward,2,135,2206,0,1376,2384,-1.00,2206.00,1,-1.000,-1.00,-1.00,1558.93,54.44,1559.88,31.50,64.00
1,1st scan,1447,1,backward,1,135,-1,2,912,2472,-1.00,-1.00,1,-1.000,-1.00,-1.00,-1.00,-1.00,-1.00,31.50,64.00
1,1st scan,1448,1,backward,0,135,-1,2,1008,2448,-1.00,-1.00,1,-1.000,-1.00,-1.00,-1.00,-1.00,-1.00,31.50,64.00
1,1st scan,1449,1,forward,0,130,2422,0,2048,2264,-1.00,2422.00,1,-1.000,-1.00,-1.00,1855.36,0.00,1556.83,32.40,63.00
1,1st scan,1450,1,forward,1,130,-1,2,752,2336,-1.00,-1.00,0,-1.000,-1.00,-1.00,-1.00,-1.00,-1.00,32.40,63.00
1,1st scan,1451,1,forward,2,130,2347,0,1200,2320,-1.00,2347.00,1,-1.000,-1.00,-1.00,1796.81,62.75,1508.62,32.40,63.00
1,1st scan,1452,1,forward,3,130,-1,2,880,2392,-1.00,-1.00,1,-1.000,-1.00,-1.00,-1.00,-1.00,-1.00,32.40,63.00
1,1st scan,1453,1,forward,4,130,-1,2,432,2416,-1.00,-1.00,1,-1.000,-1.00,-1.00,-1.00,-1.00,-1.00,32.40,63.00
1,1st scan,1454,1,forward,5,130,2335,0,1464,2328,-1.00,2335.00,1,-1.000,-1.00,-1.00,1781.91,155.90,1500.91,32.40,63.00
1,1st scan,1455,1,forward,6,130,2177,0,1568,2336,-1.00,2177.00,1,-1.000,-1.00,-1.00,1658.54,174.32,1399.35,32.40,63.00
1,1st scan,1456,1,forward,7,130,2374,0,1224,2352,-1.00,2374.00,1,-1.000,-1.00,-1.00,1805.03,221.63,1525.98,32.40,63.00
1,1st scan,1457,1,forward,8,130,-1,2,464,2384,-1.00,-1.00,1,-1.000,-1.00,-1.00,-1.00,-1.00,-1.00,32.40,63.00
1,1st scan,1458,1,forward,9,130,-1,7,1128,2344,-1.00,-1.00,1,-1.000,-1.00,-1.00,-1.00,-1.00,-1.00,32.40,63.00
1,1st scan,1459,1,forward,10,130,-1,2,264,2400,-1.00,-1.00,1,-1.000,-1.00,-1.00,-1.00,-1.00,-1.00,32.40,63.00
1,1st scan,1460,1,forward,11,130,-1,2,240,2408,-1.00,-1.00,1,-1.000,-1.00,-1.00,-1.00,-1.00,-1.00,32.40,63.00
1,1st scan,1461,1,forward,12,130,-1,7,1160,2296,-1.00,-1.00,1,-1.000,-1.00,-1.00,-1.00,-1.00,-1.00,32.40,63.00
1,1st scan,1462,1,forward,13,130,-1,7,1840,2256,-1.00,-1.00,1,-1.000,-1.00,-1.00,-1.00,-1.00,-1.00,32.40,63.00
1,1st scan,1463,1,forward,14,130,-1,2,224,2376,-1.00,-1.00,1,-1.000,-1.00,-1.00,-1.00,-1.00,-1.00,32.40,63.00
1,1st scan,1464,1,forward,15,130,-1,7,1632,2272,-1.00,-1.00,1,-1.000,-1.00,-1.00,-1.00,-1.00,-1.00,32.40,63.00
1,1st scan,1465,1,forward,16,130,-1,2,320,2392,-1.00,-1.00,1,-1.000,-1.00,-1.00,-1.00,-1.00,-1.00,32.40,63.00
1,1st scan,1466,1,forward,17,130,-1,2,0,2424,-1.00,-1.00,1,-1.000,-1.00,-1.00,-1.00,-1.00,-1.00,32.40,63.00
1,1st scan,1467,1,forward,18,130,-1,2,744,2304,-1.00,-1.00,1,-1.000,-1.00,-1.00,-1.00,-1.00,-1.00,32.40,63.00
1,1st scan,1468,1,forward,19,130,-1,2,792,2288,-1.00,-1.00,1,-1.000,-1.00,-1.00,-1.00,-1.00,-1.00,32.40,63.00
1,1st scan,1469,1,forward,20,130,-1,2,856,2296,-1.00,-1.00,1,-1.000,-1.00,-1.00,-1.00,-1.00,-1.00,32.40,63.00
1,1st scan,1470,1,forward,21,130,-1,2,544,2288,-1.00,-1.00,1,-1.000,-1.00,-1.00,-1.00,-1.00,-1.00,32.40,63.00
1,1st scan,1471,1,forward,22,130,-1,2,800,2280,-1.00,-1.00,1,-1.000,-1.00,-1.00,-1.00,-1.00,-1.00,32.40,63.00
1,1st scan,1472,1,forward,23,130,-1,7,1584,2208,-1.00,-1.00,1,-1.000,-1.00,-1.00,-1.00,-1.00,-1.00,32.40,63.00
1,1st scan,1473,1,forward,24,130,-1,2,800,2264,-1.00,-1.00,1,-1.000,-1.00,-1.00,-1.00,-1.00,-1.00,32.40,63.00
1,1st scan,1474,1,forward,25,130,-1,7,1856,2152,-1.00,-1.00,1,-1.000,-1.00,-1.00,-1.00,-1.00,-1.00,32.40,63.00
1,1st scan,1475,1,forward,26,130,-1,2,584,2272,-1.00,-1.00,1,-1.000,-1.00,-1.00,-1.00,-1.00,-1.00,32.40,63.00
1,1st scan,1476,1,forward,27,130,-1,2,144,2288,-1.00,-1.00,1,-1.000,-1.00,-1.00,-1.00,-1.00,-1.00,32.40,63.00
1,1st scan,1477,1,forward,28,130,-1,2,208,2272,-1.00,-1.00,1,-1.000,-1.00,-1.00,-1.00,-1.00,-1.00,32.40,63.00
1,1st scan,1478,1,forward,29,130,-1,2,576,2200,-1.00,-1.00,1,-1.000,-1.00,-1.00,-1.00,-1.00,-1.00,32.40,63.00
1,1st scan,1479,1,forward,30,130,-1,2,776,2248,-1.00,-1.00,1,-1.000,-1.00,-1.00,-1.00,-1.00,-1.00,32.40,63.00
1,1st scan,1480,1,forward,31,130,-1,2,384,2264,-1.00,-1.00,1,-1.000,-1.00,-1.00,-1.00,-1.00,-1.00,32.40,63.00
1,1st scan,1481,1,forward,32,130,-1,2,688,2240,-1.00,-1.00,1,-1.000,-1.00,-1.00,-1.00,-1.00,-1.00,32.40,63.00
1,1st scan,1482,1,forward,33,130,-1,2,960,2192,-1.00,-1.00,1,-1.000,-1.00,-1.00,-1.00,-1.00,-1.00,32.40,63.00
1,1st scan,1483,1,forward,34,130,-1,2,864,2216,-1.00,-1.00,1,-1.000,-1.00,-1.00,-1.00,-1.00,-1.00,32.40,63.00
1,1st scan,1484,1,forward,35,130,-1,2,984,2184,-1.00,-1.00,1,-1.000,-1.00,-1.00,-1.00,-1.00,-1.00,32.40,63.00
1,1st scan,1485,1,forward,36,130,-1,2,816,2192,-1.00,-1.00,1,-1.000,-1.00,-1.00,-1.00,-1.00,-1.00,32.40,63.00
1,1st scan,1486,1,forward,37,130,-1,7,1384,2152,-1.00,-1.00,1,-1.000,-1.00,-1.00,-1.00,-1.00,-1.00,32.40,63.00
1,1st scan,1487,1,forward,38,130,3310,0,1728,2144,-1.00,3310.00,1,-1.000,-1.00,-1.00,1998.09,1561.08,2127.63,32.40,63.00
1,1st scan,1488,1,forward,39,130,-1,7,1152,2128,-1.00,-1.00,1,-1.000,-1.00,-1.00,-1.00,-1.00,-1.00,32.40,63.00
1,1st scan,1489,1,forward,40,130,3089,0,1328,2144,-1.00,3089.00,1,-1.000,-1.00,-1.00,1812.70,1521.04,1985.57,32.40,63.00
1,1st scan,1490,1,forward,41,130,-1,2,352,2184,-1.00,-1.00,1,-1.000,-1.00,-1.00,-1.00,-1.00,-1.00,32.40,63.00
1,1st scan,1491,1,forward,42,130,-1,2,368,2192,-1.00,-1.00,1,-1.000,-1.00,-1.00,-1.00,-1.00,-1.00,32.40,63.00
1,1st scan,1492,1,forward,43,130,-1,7,1400,2120,-1.00,-1.00,1,-1.000,-1.00,-1.00,-1.00,-1.00,-1.00,32.40,63.00
1,1st scan,1493,1,forward,44,130,-1,2,312,2192,-1.00,-1.00,1,-1.000,-1.00,-1.00,-1.00,-1.00,-1.00,32.40,63.00
1,1st scan,1494,1,forward,45,130,-1,7,1504,2080,-1.00,-1.00,1,-1.000,-1.00,-1.00,-1.00,-1.00,-1.00,32.40,63.00
1,1st scan,1495,1,forward,46,130,2862,0,1208,2136,-1.00,2862.00,1,-1.000,-1.00,-1.00,1522.98,1577.09,1839.66,32.40,63.00
1,1st scan,1496,1,forward,47,130,-1,2,512,2160,-1.00,-1.00,1,-1.000,-1.00,-1.00,-1.00,-1.00,-1.00,32.40,63.00
1,1st scan,1497,1,forward,48,130,2726,0,1072,2152,-1.00,2726.00,1,-1.000,-1.00,-1.00,1397.30,1551.86,1752.24,32.40,63.00
1,1st scan,1498,1,forward,49,130,-1,2,920,2144,-1.00,-1.00,1,-1.000,-1.00,-1.00,-1.00,-1.00,-1.00,32.40,63.00
1,1st scan,1499,1,forward,50,130,-1,2,896,2144,-1.00,-1.00,1,-1.000,-1.00,-1.00,-1.00,-1.00,-1.00,32.40,63.00
1,1st scan,1500,1,forward,51,130,2728,0,2328,2016,-1.00,2728.00,1,-1.000,-1.00,-1.00,1315.13,1624.06,1753.52,32.40,63.00
1,1st scan,1501,1,forward,52,130,2714,0,2080,2032,-1.00,2714.00,1,-1.000,-1.00,-1.00,1279.99,1638.31,1744.53,32.40,63.00
1,1st scan,1502,1,forward,53,130,2717,0,1048,2112,-1.00,2717.00,1,-1.000,-1.00,-1.00,1252.58,1662.23,1746.45,32.40,63.00
1,1st scan,1503,1,forward,54,130,2642,0,1248,2104,-1.00,2642.00,1,-1.000,-1.00,-1.00,1189.61,1637.36,1698.24,32.40,63.00
1,1st scan,1504,1,forward,55,130,-1,2,768,2144,-1.00,-1.00,1,-1.000,-1.00,-1.00,-1.00,-1.00,-1.00,32.40,63.00
1,1st scan,1505,1,forward,56,130,-1,2,760,2144,-1.00,-1.00,1,-1.000,-1.00,-1.00,-1.00,-1.00,-1.00,32.40,63.00
1,1st scan,1506,1,forward,57,130,-1,2,768,2128,-1.00,-1.00,1,-1.000,-1.00,-1.00,-1.00,-1.00,-1.00,32.40,63.00
1,1st scan,1507,1,forward,58,130,2612,0,1544,2072,-1.00,2612.00,1,-1.000,-1.00,-1.00,1060.32,1696.87,1678.96,32.40,63.00
1,1st scan,1508,1,forward,59,130,2661,0,1648,2072,-1.00,2661.00,1,-1.000,-1.00,-1.00,1049.88,1747.29,1710.46,32.40,63.00
1,1st scan,1509,1,forward,60,130,-1,2,856,2120,-1.00,-1.00,1,-1.000,-1.00,-1.00,-1.00,-1.00,-1.00,32.40,63.00
1,1st scan,1510,1,forward,61,130,-1,2,608,2168,-1.00,-1.00,1,-1.000,-1.00,-1.00,-1.00,-1.00,-1.00,32.40,63.00
1,1st scan,1511,1,forward,62,130,2544,0,2448,1976,-1.00,2544.00,1,-1.000,-1.00,-1.00,914.91,1720.70,1635.25,32.40,63.00
1,1st scan,1512,1,forward,63,130,-1,2,992,2112,-1.00,-1.00,1,-1.000,-1.00,-1.00,-1.00,-1.00,-1.00,32.40,63.00
1,1st scan,1513,1,forward,64,130,-1,2,760,2136,-1.00,-1.00,1,-1.000,-1.00,-1.00,-1.00,-1.00,-1.00,32.40,63.00
1,1st scan,1514,1,forward,65,130,2557,0,2032,2056,-1.00,2557.00,1,-1.000,-1.00,-1.00,827.81,1775.25,1643.61,32.40,63.00
1,1st scan,1515,1,forward,66,130,2578,0,2320,2032,-1.00,2578.00,1,-1.000,-1.00,-1.00,803.25,1804.13,1657.11,32.40,63.00
1,1st scan,1516,1,forward,67,130,2504,0,2136,2064,-1.00,2504.00,1,-1.000,-1.00,-1.00,749.49,1765.69,1609.54,32.40,63.00
1,1st scan,1517,1,forward,68,130,2606,0,1680,2072,-1.00,2606.00,1,-1.000,-1.00,-1.00,747.83,1850.95,1675.10,32.40,63.00
1,1st scan,1518,1,forward,69,130,2497,0,2400,2016,-1.00,2497.00,1,-1.000,-1.00,-1.00,685.49,1785.76,1605.04,32.40,63.00
1,1st scan,1519,1,forward,70,130,2536,0,1920,2064,-1.00,2536.00,1,-1.000,-1.00,-1.00,664.44,1825.53,1630.11,32.40,63.00
1,1st scan,1520,1,forward,71,130,2571,0,1536,2056,-1.00,2571.00,1,-1.000,-1.00,-1.00,641.21,1862.20,1652.61,32.40,63.00
1,1st scan,1521,1,forward,72,130,2521,0,1184,2120,-1.00,2521.00,1,-1.000,-1.00,-1.00,596.77,1836.68,1620.47,32.40,63.00
1,1st scan,1522,1,forward,73,130,2466,0,1784,2072,-1.00,2466.00,1,-1.000,-1.00,-1.00,552.31,1806.52,1585.11,32.40,63.00
1,1st scan,1523,1,forward,74,130,2488,0,1752,2096,-1.00,2488.00,1,-1.000,-1.00,-1.00,525.34,1832.09,1599.26,32.40,63.00
1,1st scan,1524,1,forward,75,130,2585,0,1256,2096,-1.00,2585.00,1,-1.000,-1.00,-1.00,512.52,1912.75,1661.61,32.40,63.00
1,1st scan,1525,1,forward,76,130,2550,0,2048,2048,-1.00,2550.00,1,-1.000,-1.00,-1.00,472.57,1895.39,1639.11,32.40,63.00
1,1st scan,1526,1,forward,77,130,2544,0,1664,2080,-1.00,2544.00,1,-1.000,-1.00,-1.00,438.39,1898.87,1635.25,32.40,63.00
1,1st scan,1527,1,forward,78,130,2589,0,2056,2048,-1.00,2589.00,1,-1.000,-1.00,-1.00,412.35,1939.95,1664.18,32.40,63.00
1,1st scan,1528,1,forward,79,130,2563,0,1560,2080,-1.00,2563.00,1,-1.000,-1.00,-1.00,374.63,1927.30,1647.46,32.40,63.00
1,1st scan,1529,1,forward,80,130,-1,2,960,2088,-1.00,-1.00,1,-1.000,-1.00,-1.00,-1.00,-1.00,-1.00,32.40,63.00
1,1st scan,1530,1,forward,81,130,-1,2,880,2112,-1.00,-1.00,1,-1.000,-1.00,-1.00,-1.00,-1.00,-1.00,32.40,63.00
1,1st scan,1531,1,forward,82,130,2534,0,1664,2048,-1.00,2534.00,1,-1.000,-1.00,-1.00,270.16,1922.27,1628.82,32.40,63.00
1,1st scan,1532,1,forward,83,130,2611,0,1776,2056,-1.00,2611.00,1,-1.000,-1.00,-1.00,243.76,1985.23,1678.32,32.40,63.00
1,1st scan,1533,1,forward,84,130,2569,0,2120,2016,-1.00,2569.00,1,-1.000,-1.00,-1.00,205.71,1957.19,1651.32,32.40,63.00
1,1st scan,1534,1,forward,85,130,-1,2,280,2144,-1.00,-1.00,1,-1.000,-1.00,-1.00,-1.00,-1.00,-1.00,32.40,63.00
1,1st scan,1535,1,forward,86,130,2586,0,1688,2040,-1.00,2586.00,1,-1.000,-1.00,-1.00,138.19,1976.17,1662.25,32.40,63.00
1,1st scan,1536,1,forward,87,130,-1,2,760,2128,-1.00,-1.00,1,-1.000,-1.00,-1.00,-1.00,-1.00,-1.00,32.40,63.00
1,1st scan,1537,1,forward,88,130,2607,0,2656,1912,-1.00,2607.00,1,-1.000,-1.00,-1.00,69.70,1995.86,1675.75,32.40,63.00
1,1st scan,1538,1,forward,89,130,2653,0,1344,2016,-1.00,2653.00,1,-1.000,-1.00,-1.00,35.47,2032.01,1705.32,32.40,63.00
1,1st scan,1539,1,forward,90,130,2697,0,1240,2056,-1.00,2697.00,1,-1.000,-1.00,-1.00,-0.00,2066.02,1733.60,32.40,63.00
1,1st scan,1540,1,forward,91,130,-1,2,232,2152,-1.00,-1.00,1,-1.000,-1.00,-1.00,-1.00,-1.00,-1.00,32.40,63.00
1,1st scan,1541,1,forward,92,130,2647,0,1168,2040,-1.00,2647.00,1,-1.000,-1.00,-1.00,-70.77,2026.48,1701.46,32.40,63.00
1,1st scan,1542,1,forward,93,130,-1,2,968,2080,-1.00,-1.00,1,-1.000,-1.00,-1.00,-1.00,-1.00,-1.00,32.40,63.00
1,1st scan,1543,1,forward,94,130,-1,2,752,2088,-1.00,-1.00,1,-1.000,-1.00,-1.00,-1.00,-1.00,-1.00,32.40,63.00
1,1st scan,1544,1,forward,95,130,-1,2,1024,2064,-1.00,-1.00,1,-1.000,-1.00,-1.00,-1.00,-1.00,-1.00,32.40,63.00
1,1st scan,1545,1,forward,96,130,2723,0,1520,1952,-1.00,2723.00,1,-1.000,-1.00,-1.00,-218.04,2074.51,1750.31,32.40,63.00
1,1st scan,1546,1,forward,97,130,2805,0,1064,2008,-1.00,2805.00,1,-1.000,-1.00,-1.00,-261.87,2132.74,1803.02,32.40,63.00
1,1st scan,1547,1,forward,98,130,2680,0,2048,1928,-1.00,2680.00,1,-1.000,-1.00,-1.00,-285.72,2033.02,1722.67,32.40,63.00
1,1st scan,1548,1,forward,99,130,-1,2,736,2024,-1.00,-1.00,1,-1.000,-1.00,-1.00,-1.00,-1.00,-1.00,32.40,63.00
1,1st scan,1549,1,forward,100,130,-1,2,512,1992,-1.00,-1.00,1,-1.000,-1.00,-1.00,-1.00,-1.00,-1.00,32.40,63.00
1,1st scan,1550,1,forward,101,130,-1,7,1304,1952,-1.00,-1.00,1,-1.000,-1.00,-1.00,-1.00,-1.00,-1.00,32.40,63.00
1,1st scan,1551,1,forward,102,130,2880,0,2312,1848,-1.00,2880.00,1,-1.000,-1.00,-1.00,-458.70,2158.00,1851.23,32.40,63.00
1,1st scan,1552,1,forward,103,130,-1,2,1016,1928,-1.00,-1.00,1,-1.000,-1.00,-1.00,-1.00,-1.00,-1.00,32.40,63.00
1,1st scan,1553,1,forward,104,130,-1,7,1336,1944,-1.00,-1.00,1,-1.000,-1.00,-1.00,-1.00,-1.00,-1.00,32.40,63.00
1,1st scan,1554,1,forward,105,130,-1,2,896,1936,-1.00,-1.00,1,-1.000,-1.00,-1.00,-1.00,-1.00,-1.00,32.40,63.00
1,1st scan,1555,1,forward,106,130,3123,0,1584,1896,-1.00,3123.00,1,-1.000,-1.00,-1.00,-659.42,2299.68,2007.43,32.40,63.00
1,1st scan,1556,1,forward,107,130,3020,0,1512,1848,-1.00,3020.00,1,-1.000,-1.00,-1.00,-676.39,2212.37,1941.22,32.40,63.00
1,1st scan,1557,1,forward,108,130,-1,2,416,1960,-1.00,-1.00,1,-1.000,-1.00,-1.00,-1.00,-1.00,-1.00,32.40,63.00
1,1st scan,1558,1,forward,109,130,-1,2,1000,1888,-1.00,-1.00,1,-1.000,-1.00,-1.00,-1.00,-1.00,-1.00,32.40,63.00
1,1st scan,1559,1,forward,110,130,-1,2,1000,1872,-1.00,-1.00,1,-1.000,-1.00,-1.00,-1.00,-1.00,-1.00,32.40,63.00
1,1st scan,1560,1,forward,111,130,-1,2,352,1912,-1.00,-1.00,1,-1.000,-1.00,-1.00,-1.00,-1.00,-1.00,32.40,63.00
1,1st scan,1561,1,forward,112,130,-1,2,872,1920,-1.00,-1.00,1,-1.000,-1.00,-1.00,-1.00,-1.00,-1.00,32.40,63.00
1,1st scan,1562,1,forward,113,130,-1,7,1504,1848,-1.00,-1.00,1,-1.000,-1.00,-1.00,-1.00,-1.00,-1.00,32.40,63.00
1,1st scan,1563,1,forward,114,130,3249,0,2200,1752,-1.00,3249.00,1,-1.000,-1.00,-1.00,-1012.32,2273.70,2088.42,32.40,63.00
1,1st scan,1564,1,forward,115,130,-1,2,8,1960,-1.00,-1.00,1,-1.000,-1.00,-1.00,-1.00,-1.00,-1.00,32.40,63.00
1,1st scan,1565,1,forward,116,130,-1,7,1208,1824,-1.00,-1.00,1,-1.000,-1.00,-1.00,-1.00,-1.00,-1.00,32.40,63.00
1,1st scan,1566,1,forward,117,130,-1,7,1568,1816,-1.00,-1.00,1,-1.000,-1.00,-1.00,-1.00,-1.00,-1.00,32.40,63.00
1,1st scan,1567,1,forward,118,130,-1,2,864,1832,-1.00,-1.00,1,-1.000,-1.00,-1.00,-1.00,-1.00,-1.00,32.40,63.00
1,1st scan,1568,1,forward,119,130,-1,2,64,1904,-1.00,-1.00,1,-1.000,-1.00,-1.00,-1.00,-1.00,-1.00,32.40,63.00
1,1st scan,1569,1,forward,120,130,-1,2,744,1832,-1.00,-1.00,1,-1.000,-1.00,-1.00,-1.00,-1.00,-1.00,32.40,63.00
1,1st scan,1570,1,forward,121,130,-1,2,944,1808,-1.00,-1.00,1,-1.000,-1.00,-1.00,-1.00,-1.00,-1.00,32.40,63.00
1,1st scan,1571,1,forward,122,130,3185,0,1312,1816,-1.00,3185.00,1,-1.000,-1.00,-1.00,-1292.92,2069.11,2047.28,32.40,63.00
1,1st scan,1572,1,forward,123,130,3308,0,1432,1792,-1.00,3308.00,1,-1.000,-1.00,-1.00,-1380.16,2125.25,2126.34,32.40,63.00
1,1st scan,1573,1,forward,124,130,-1,2,304,1896,-1.00,-1.00,1,-1.000,-1.00,-1.00,-1.00,-1.00,-1.00,32.40,63.00
1,1st scan,1574,1,forward,125,130,3097,0,2144,1728,-1.00,3097.00,1,-1.000,-1.00,-1.00,-1360.78,1943.39,1990.71,32.40,63.00
1,1st scan,1575,1,forward,126,130,-1,7,2048,1712,-1.00,-1.00,1,-1.000,-1.00,-1.00,-1.00,-1.00,-1.00,32.40,63.00
1,1st scan,1576,1,forward,127,130,-1,2,944,1808,-1.00,-1.00,1,-1.000,-1.00,-1.00,-1.00,-1.00,-1.00,32.40,63.00
1,1st scan,1577,1,forward,128,130,2957,0,1320,1776,-1.00,2957.00,1,-1.000,-1.00,-1.00,-1394.59,1785.00,1900.72,32.40,63.00
1,1st scan,1578,1,forward,129,130,-1,2,608,1824,-1.00,-1.00,1,-1.000,-1.00,-1.00,-1.00,-1.00,-1.00,32.40,63.00
1,1st scan,1579,1,forward,130,130,-1,7,1080,1800,-1.00,-1.00,1,-1.000,-1.00,-1.00,-1.00,-1.00,-1.00,32.40,63.00
1,1st scan,1580,1,forward,131,130,-1,2,1024,1768,-1.00,-1.00,1,-1.000,-1.00,-1.00,-1.00,-1.00,-1.00,32.40,63.00
1,1st scan,1581,1,forward,132,130,-1,2,560,1832,-1.00,-1.00,1,-1.000,-1.00,-1.00,-1.00,-1.00,-1.00,32.40,63.00
1,1st scan,1582,1,forward,133,130,2617,0,1672,1720,-1.00,2617.00,1,-1.000,-1.00,-1.00,-1367.23,1466.17,1682.18,32.40,63.00
1,1st scan,1583,1,forward,134,130,-1,2,840,1784,-1.00,-1.00,1,-1.000,-1.00,-1.00,-1.00,-1.00,-1.00,32.40,63.00
1,1st scan,1584,1,forward,135,130,-1,7,1680,1760,-1.00,-1.00,1,-1.000,-1.00,-1.00,-1.00,-1.00,-1.00,32.40,63.00
1,1st scan,1585,1,forward,136,130,2557,0,1176,1768,-1.00,2557.00,1,-1.000,-1.00,-1.00,-1409.03,1360.68,1643.61,32.40,63.00
1,1st scan,1586,1,forward,137,130,-1,2,552,1848,-1.00,-1.00,1,-1.000,-1.00,-1.00,-1.00,-1.00,-1.00,32.40,63.00
1,1st scan,1587,1,forward,138,130,-1,2,832,1816,-1.00,-1.00,1,-1.000,-1.00,-1.00,-1.00,-1.00,-1.00,32.40,63.00
1,1st scan,1588,1,forward,139,130,2507,0,1304,1760,-1.00,2507.00,1,-1.000,-1.00,-1.00,-1449.40,1259.94,1611.47,32.40,63.00
1,1st scan,1589,1,forward,140,130,2615,0,1520,1752,-1.00,2615.00,1,-1.000,-1.00,-1.00,-1534.55,1287.64,1680.89,32.40,63.00
1,1st scan,1590,1,forward,141,130,-1,2,1008,1768,-1.00,-1.00,1,-1.000,-1.00,-1.00,-1.00,-1.00,-1.00,32.40,63.00
1,1st scan,1591,1,forward,142,130,2492,0,1888,1736,-1.00,2492.00,1,-1.000,-1.00,-1.00,-1504.30,1175.29,1601.83,32.40,63.00
1,1st scan,1592,1,forward,143,130,2435,0,1992,1712,-1.00,2435.00,1,-1.000,-1.00,-1.00,-1489.71,1122.58,1565.19,32.40,63.00
1,1st scan,1593,1,forward,144,130,2441,0,2320,1680,-1.00,2441.00,1,-1.000,-1.00,-1.00,-1512.79,1099.11,1569.04,32.40,63.00
1,1st scan,1594,1,forward,145,130,2389,0,2600,1672,-1.00,2389.00,1,-1.000,-1.00,-1.00,-1499.11,1049.69,1535.62,32.40,63.00
1,1st scan,1595,1,forward,146,130,-1,2,1016,1800,-1.00,-1.00,1,-1.000,-1.00,-1.00,-1.00,-1.00,-1.00,32.40,63.00
1,1st scan,1596,1,forward,147,130,2416,0,1560,1760,-1.00,2416.00,1,-1.000,-1.00,-1.00,-1552.18,1008.00,1552.97,32.40,63.00
1,1st scan,1597,1,forward,148,130,2419,0,1896,1688,-1.00,2419.00,1,-1.000,-1.00,-1.00,-1571.49,981.97,1554.90,32.40,63.00
1,1st scan,1598,1,forward,149,130,2409,0,2248,1688,-1.00,2409.00,1,-1.000,-1.00,-1.00,-1581.82,950.45,1548.48,32.40,63.00
1,1st scan,1599,1,forward,150,130,2351,0,1800,1744,-1.00,2351.00,1,-1.000,-1.00,-1.00,-1559.69,900.49,1511.19,32.40,63.00
1,1st scan,1600,1,forward,151,130,2373,0,1192,1840,-1.00,2373.00,1,-1.000,-1.00,-1.00,-1589.90,881.30,1525.33,32.40,63.00
1,1st scan,1601,1,forward,152,130,2372,0,2440,1696,-1.00,2372.00,1,-1.000,-1.00,-1.00,-1604.37,853.06,1524.69,32.40,63.00
1,1st scan,1602,1,forward,153,130,2346,0,2080,1688,-1.00,2346.00,1,-1.000,-1.00,-1.00,-1601.26,815.88,1507.98,32.40,63.00
1,1st scan,1603,1,forward,154,130,2342,0,2776,1656,-1.00,2342.00,1,-1.000,-1.00,-1.00,-1612.51,786.47,1505.41,32.40,63.00
1,1st scan,1604,1,forward,155,130,2345,0,2552,1712,-1.00,2345.00,1,-1.000,-1.00,-1.00,-1628.07,759.18,1507.34,32.40,63.00
1,1st scan,1605,1,forward,156,130,2304,0,2944,1656,-1.00,2304.00,1,-1.000,-1.00,-1.00,-1612.38,717.88,1480.98,32.40,63.00
1,1st scan,1606,1,forward,157,130,2342,0,1928,1760,-1.00,2342.00,1,-1.000,-1.00,-1.00,-1651.46,701.00,1505.41,32.40,63.00
1,1st scan,1607,1,forward,158,130,2285,0,2160,1712,-1.00,2285.00,1,-1.000,-1.00,-1.00,-1622.95,655.72,1468.77,32.40,63.00
1,1st scan,1608,1,forward,159,130,2274,0,1656,1776,-1.00,2274.00,1,-1.000,-1.00,-1.00,-1626.28,624.27,1461.70,32.40,63.00
1,1st scan,1609,1,forward,160,130,2281,0,2728,1688,-1.00,2281.00,1,-1.000,-1.00,-1.00,-1641.97,597.63,1466.20,32.40,63.00
1,1st scan,1610,1,forward,161,130,2249,0,3024,1648,-1.00,2249.00,1,-1.000,-1.00,-1.00,-1628.97,560.90,1445.63,32.40,63.00
1,1st scan,1611,1,forward,162,130,2316,0,2784,1656,-1.00,2316.00,1,-1.000,-1.00,-1.00,-1687.33,548.25,1488.70,32.40,63.00
1,1st scan,1612,1,forward,163,130,2269,0,2528,1696,-1.00,2269.00,1,-1.000,-1.00,-1.00,-1662.21,508.19,1458.48,32.40,63.00
1,1st scan,1613,1,forward,164,130,2233,0,2064,1728,-1.00,2233.00,1,-1.000,-1.00,-1.00,-1644.31,471.50,1435.34,32.40,63.00
1,1st scan,1614,1,forward,165,130,2251,0,2464,1712,-1.00,2251.00,1,-1.000,-1.00,-1.00,-1665.61,446.30,1446.91,32.40,63.00
1,1st scan,1615,1,forward,166,130,2264,0,2848,1664,-1.00,2264.00,1,-1.000,-1.00,-1.00,-1682.81,419.57,1455.27,32.40,63.00
1,1st scan,1616,1,forward,167,130,2304,0,2344,1728,-1.00,2304.00,1,-1.000,-1.00,-1.00,-1719.73,397.03,1480.98,32.40,63.00
1,1st scan,1617,1,forward,168,130,2253,0,2064,1728,-1.00,2253.00,1,-1.000,-1.00,-1.00,-1688.18,358.83,1448.20,32.40,63.00
1,1st scan,1618,1,forward,169,130,2220,0,2320,1712,-1.00,2220.00,1,-1.000,-1.00,-1.00,-1669.37,324.49,1426.99,32.40,63.00
1,1st scan,1619,1,forward,170,130,2266,0,1880,1744,-1.00,2266.00,1,-1.000,-1.00,-1.00,-1709.49,301.43,1456.56,32.40,63.00
1,1st scan,1620,1,forward,171,130,2250,0,3152,1632,-1.00,2250.00,1,-1.000,-1.00,-1.00,-1702.38,269.63,1446.27,32.40,63.00
1,1st scan,1621,1,forward,172,130,2243,0,2648,1680,-1.00,2243.00,1,-1.000,-1.00,-1.00,-1701.52,239.13,1441.77,32.40,63.00
1,1st scan,1622,1,forward,173,130,2233,0,2832,1656,-1.00,2233.00,1,-1.000,-1.00,-1.00,-1697.83,208.47,1435.34,32.40,63.00
1,1st scan,1623,1,forward,174,130,2233,0,3192,1608,-1.00,2233.00,1,-1.000,-1.00,-1.00,-1701.21,178.80,1435.34,32.40,63.00
1,1st scan,1624,1,forward,175,130,2231,0,1856,1720,-1.00,2231.00,1,-1.000,-1.00,-1.00,-1702.54,148.95,1434.06,32.40,63.00
1,1st scan,1625,1,forward,176,130,2210,0,2424,1680,-1.00,2210.00,1,-1.000,-1.00,-1.00,-1688.83,118.09,1420.56,32.40,63.00
1,1st scan,1626,1,forward,177,130,2258,0,3664,1584,-1.00,2258.00,1,-1.000,-1.00,-1.00,-1727.36,90.53,1451.41,32.40,63.00
1,1st scan,1627,1,forward,178,130,2253,0,2480,1696,-1.00,2253.00,1,-1.000,-1.00,-1.00,-1724.85,60.23,1448.20,32.40,63.00
1,1st scan,1628,1,forward,179,130,2236,0,2680,1656,-1.00,2236.00,1,-1.000,-1.00,-1.00,-1712.61,29.89,1437.27,32.40,63.00
1,1st scan,1629,1,forward,180,130,2197,0,2264,1680,-1.00,2197.00,1,-1.000,-1.00,-1.00,-1683.00,-0.00,1412.20,32.40,63.00
1,1st scan,1630,1,backward,180,125,2375,0,2160,1672,-1.00,2375.00,0,-1.000,-1.00,-1.00,-1945.49,-0.00,1362.24,33.50,63.00
1,1st scan,1631,1,backward,179,125,2402,0,1520,1720,-1.00,2402.00,0,-1.000,-1.00,-1.00,-1967.30,34.34,1377.73,33.50,63.00
1,1st scan,1632,1,backward,178,125,2376,0,2488,1656,-1.00,2376.00,1,-1.000,-1.00,-1.00,-1945.12,67.92,1362.82,33.50,63.00
1,1st scan,1633,1,backward,177,125,2344,0,1464,1736,-1.00,2344.00,1,-1.000,-1.00,-1.00,-1917.46,100.49,1344.46,33.50,63.00
1,1st scan,1634,1,backward,176,125,2318,0,1456,1736,-1.00,2318.00,1,-1.000,-1.00,-1.00,-1894.17,132.45,1329.55,33.50,63.00
1,1st scan,1635,1,backward,175,125,2392,0,2600,1648,-1.00,2392.00,1,-1.000,-1.00,-1.00,-1951.96,170.77,1371.99,33.50,63.00
1,1st scan,1636,1,backward,174,125,2399,0,2040,1688,-1.00,2399.00,1,-1.000,-1.00,-1.00,-1954.38,205.41,1376.01,33.50,63.00
1,1st scan,1637,1,backward,173,125,2355,0,2248,1672,-1.00,2355.00,1,-1.000,-1.00,-1.00,-1914.72,235.10,1350.77,33.50,63.00
1,1st scan,1638,1,backward,172,125,2379,0,1352,1752,-1.00,2379.00,1,-1.000,-1.00,-1.00,-1929.80,271.22,1364.54,33.50,63.00
1,1st scan,1639,1,backward,171,125,2404,0,1488,1704,-1.00,2404.00,1,-1.000,-1.00,-1.00,-1945.00,308.06,1378.88,33.50,63.00
1,1st scan,1640,1,backward,170,125,2388,0,1904,1704,-1.00,2388.00,1,-1.000,-1.00,-1.00,-1926.42,339.68,1369.70,33.50,63.00
1,1st scan,1641,1,backward,169,125,-1,2,904,1784,-1.00,-1.00,1,-1.000,-1.00,-1.00,-1.00,-1.00,-1.00,33.50,63.00
1,1st scan,1642,1,backward,168,125,2440,0,1984,1680,-1.00,2440.00,1,-1.000,-1.00,-1.00,-1955.05,415.56,1399.53,33.50,63.00
1,1st scan,1643,1,backward,167,125,2391,0,2112,1664,-1.00,2391.00,1,-1.000,-1.00,-1.00,-1908.39,440.59,1371.42,33.50,63.00
1,1st scan,1644,1,backward,166,125,-1,2,648,1800,-1.00,-1.00,1,-1.000,-1.00,-1.00,-1.00,-1.00,-1.00,33.50,63.00
1,1st scan,1645,1,backward,165,125,2388,0,2008,1696,-1.00,2388.00,1,-1.000,-1.00,-1.00,-1889.48,506.29,1369.70,33.50,63.00
1,1st scan,1646,1,backward,164,125,2449,0,2048,1704,-1.00,2449.00,1,-1.000,-1.00,-1.00,-1928.39,552.96,1404.69,33.50,63.00
1,1st scan,1647,1,backward,163,125,2457,0,1576,1736,-1.00,2457.00,1,-1.000,-1.00,-1.00,-1924.71,588.44,1409.28,33.50,63.00
1,1st scan,1648,1,backward,162,125,2443,0,1656,1720,-1.00,2443.00,1,-1.000,-1.00,-1.00,-1903.24,618.40,1401.25,33.50,63.00
1,1st scan,1649,1,backward,161,125,-1,2,848,1768,-1.00,-1.00,1,-1.000,-1.00,-1.00,-1.00,-1.00,-1.00,33.50,63.00
1,1st scan,1650,1,backward,160,125,2452,0,2000,1696,-1.00,2452.00,1,-1.000,-1.00,-1.00,-1887.43,686.97,1406.41,33.50,63.00
1,1st scan,1651,1,backward,159,125,-1,2,968,1792,-1.00,-1.00,1,-1.000,-1.00,-1.00,-1.00,-1.00,-1.00,33.50,63.00
1,1st scan,1652,1,backward,158,125,2484,0,2192,1680,-1.00,2484.00,1,-1.000,-1.00,-1.00,-1886.61,762.24,1424.76,33.50,63.00
1,1st scan,1653,1,backward,157,125,2503,0,1840,1696,-1.00,2503.00,1,-1.000,-1.00,-1.00,-1887.35,801.13,1435.66,33.50,63.00
1,1st scan,1654,1,backward,156,125,-1,2,736,1768,-1.00,-1.00,1,-1.000,-1.00,-1.00,-1.00,-1.00,-1.00,33.50,63.00
1,1st scan,1655,1,backward,155,125,-1,2,624,1784,-1.00,-1.00,1,-1.000,-1.00,-1.00,-1.00,-1.00,-1.00,33.50,63.00
1,1st scan,1656,1,backward,154,125,2615,0,2408,1640,-1.00,2615.00,1,-1.000,-1.00,-1.00,-1925.29,939.03,1499.90,33.50,63.00
1,1st scan,1657,1,backward,153,125,2593,0,1032,1744,-1.00,2593.00,1,-1.000,-1.00,-1.00,-1892.55,964.30,1487.28,33.50,63.00
1,1st scan,1658,1,backward,152,125,2528,0,1744,1744,-1.00,2528.00,1,-1.000,-1.00,-1.00,-1828.42,972.19,1450.00,33.50,63.00
1,1st scan,1659,1,backward,151,125,2561,0,1288,1728,-1.00,2561.00,1,-1.000,-1.00,-1.00,-1834.82,1017.06,1468.93,33.50,63.00
1,1st scan,1660,1,backward,150,125,2562,0,1176,1760,-1.00,2562.00,1,-1.000,-1.00,-1.00,-1817.50,1049.33,1469.50,33.50,63.00
1,1st scan,1661,1,backward,149,125,2684,0,1512,1704,-1.00,2684.00,1,-1.000,-1.00,-1.00,-1884.57,1132.36,1539.48,33.50,63.00
1,1st scan,1662,1,backward,148,125,2791,0,1704,1720,-1.00,2791.00,1,-1.000,-1.00,-1.00,-1938.85,1211.53,1600.85,33.50,63.00
1,1st scan,1663,1,backward,147,125,-1,2,792,1760,-1.00,-1.00,1,-1.000,-1.00,-1.00,-1.00,-1.00,-1.00,33.50,63.00
1,1st scan,1664,1,backward,146,125,2692,0,1856,1696,-1.00,2692.00,1,-1.000,-1.00,-1.00,-1828.16,1233.11,1544.07,33.50,63.00
1,1st scan,1665,1,backward,145,125,-1,2,312,1824,-1.00,-1.00,1,-1.000,-1.00,-1.00,-1.00,-1.00,-1.00,33.50,63.00
1,1st scan,1666,1,backward,144,125,-1,2,1016,1792,-1.00,-1.00,1,-1.000,-1.00,-1.00,-1.00,-1.00,-1.00,33.50,63.00
1,1st scan,1667,1,backward,143,125,2668,0,1320,1736,-1.00,2668.00,1,-1.000,-1.00,-1.00,-1745.42,1315.27,1530.30,33.50,63.00
1,1st scan,1668,1,backward,142,125,-1,7,1624,1712,-1.00,-1.00,1,-1.000,-1.00,-1.00,-1.00,-1.00,-1.00,33.50,63.00
1,1st scan,1669,1,backward,141,125,2898,0,1600,1720,-1.00,2898.00,1,-1.000,-1.00,-1.00,-1844.87,1493.95,1662.22,33.50,63.00
1,1st scan,1670,1,backward,140,125,-1,7,1856,1680,-1.00,-1.00,1,-1.000,-1.00,-1.00,-1.00,-1.00,-1.00,33.50,63.00
1,1st scan,1671,1,backward,139,125,3055,0,1312,1744,-1.00,3055.00,1,-1.000,-1.00,-1.00,-1888.67,1641.79,1752.28,33.50,63.00
1,1st scan,1672,1,backward,138,125,-1,2,912,1728,-1.00,-1.00,1,-1.000,-1.00,-1.00,-1.00,-1.00,-1.00,33.50,63.00
1,1st scan,1673,1,backward,137,125,2975,0,1352,1712,-1.00,2975.00,1,-1.000,-1.00,-1.00,-1782.29,1662.01,1706.39,33.50,63.00
1,1st scan,1674,1,backward,136,125,-1,2,720,1760,-1.00,-1.00,1,-1.000,-1.00,-1.00,-1.00,-1.00,-1.00,33.50,63.00
1,1st scan,1675,1,backward,135,125,-1,2,832,1776,-1.00,-1.00,1,-1.000,-1.00,-1.00,-1.00,-1.00,-1.00,33.50,63.00
1,1st scan,1676,1,backward,134,125,3408,0,2352,1656,-1.00,3408.00,1,-1.000,-1.00,-1.00,-1939.26,2008.16,1954.75,33.50,63.00
1,1st scan,1677,1,backward,133,125,-1,2,960,1760,-1.00,-1.00,1,-1.000,-1.00,-1.00,-1.00,-1.00,-1.00,33.50,63.00
1,1st scan,1678,1,backward,132,125,-1,2,272,1824,-1.00,-1.00,1,-1.000,-1.00,-1.00,-1.00,-1.00,-1.00,33.50,63.00
1,1st scan,1679,1,backward,131,125,-1,7,2000,1704,-1.00,-1.00,1,-1.000,-1.00,-1.00,-1.00,-1.00,-1.00,33.50,63.00
1,1st scan,1680,1,backward,130,125,-1,2,776,1808,-1.00,-1.00,1,-1.000,-1.00,-1.00,-1.00,-1.00,-1.00,33.50,63.00
1,1st scan,1681,1,backward,129,125,-1,2,272,1840,-1.00,-1.00,1,-1.000,-1.00,-1.00,-1.00,-1.00,-1.00,33.50,63.00
1,1st scan,1682,1,backward,128,125,3507,0,1728,1752,-1.00,3507.00,1,-1.000,-1.00,-1.00,-1768.65,2263.77,2011.53,33.50,63.00
1,1st scan,1683,1,backward,127,125,-1,2,584,1840,-1.00,-1.00,1,-1.000,-1.00,-1.00,-1.00,-1.00,-1.00,33.50,63.00
1,1st scan,1684,1,backward,126,125,-1,7,1152,1792,-1.00,-1.00,1,-1.000,-1.00,-1.00,-1.00,-1.00,-1.00,33.50,63.00
1,1st scan,1685,1,backward,125,125,-1,2,968,1840,-1.00,-1.00,1,-1.000,-1.00,-1.00,-1.00,-1.00,-1.00,33.50,63.00
1,1st scan,1686,1,backward,124,125,-1,2,672,1808,-1.00,-1.00,1,-1.000,-1.00,-1.00,-1.00,-1.00,-1.00,33.50,63.00
1,1st scan,1687,1,backward,123,125,-1,2,200,1864,-1.00,-1.00,1,-1.000,-1.00,-1.00,-1.00,-1.00,-1.00,33.50,63.00
1,1st scan,1688,1,backward,122,125,-1,7,1536,1784,-1.00,-1.00,1,-1.000,-1.00,-1.00,-1.00,-1.00,-1.00,33.50,63.00
1,1st scan,1689,1,backward,121,125,-1,2,960,1824,-1.00,-1.00,1,-1.000,-1.00,-1.00,-1.00,-1.00,-1.00,33.50,63.00
1,1st scan,1690,1,backward,120,125,-1,7,1400,1800,-1.00,-1.00,1,-1.000,-1.00,-1.00,-1.00,-1.00,-1.00,33.50,63.00
1,1st scan,1691,1,backward,119,125,-1,2,384,1920,-1.00,-1.00,1,-1.000,-1.00,-1.00,-1.00,-1.00,-1.00,33.50,63.00
1,1st scan,1692,1,backward,118,125,-1,2,888,1832,-1.00,-1.00,1,-1.000,-1.00,-1.00,-1.00,-1.00,-1.00,33.50,63.00
1,1st scan,1693,1,backward,117,125,-1,2,656,1880,-1.00,-1.00,1,-1.000,-1.00,-1.00,-1.00,-1.00,-1.00,33.50,63.00
1,1st scan,1694,1,backward,116,125,-1,2,936,1832,-1.00,-1.00,1,-1.000,-1.00,-1.00,-1.00,-1.00,-1.00,33.50,63.00
1,1st scan,1695,1,backward,115,125,3579,0,1352,1832,-1.00,3579.00,1,-1.000,-1.00,-1.00,-1239.01,2657.06,2052.83,33.50,63.00
1,1st scan,1696,1,backward,114,125,-1,7,1472,1816,-1.00,-1.00,1,-1.000,-1.00,-1.00,-1.00,-1.00,-1.00,33.50,63.00
1,1st scan,1697,1,backward,113,125,-1,2,544,1880,-1.00,-1.00,1,-1.000,-1.00,-1.00,-1.00,-1.00,-1.00,33.50,63.00
1,1st scan,1698,1,backward,112,125,3488,0,1224,1864,-1.00,3488.00,1,-1.000,-1.00,-1.00,-1070.33,2649.15,2000.63,33.50,63.00
1,1st scan,1699,1,backward,111,125,3365,0,1752,1824,-1.00,3365.00,1,-1.000,-1.00,-1.00,-987.82,2573.36,1930.08,33.50,63.00
1,1st scan,1700,1,backward,110,125,-1,2,664,1920,-1.00,-1.00,1,-1.000,-1.00,-1.00,-1.00,-1.00,-1.00,33.50,63.00
1,1st scan,1701,1,backward,109,125,3351,0,1488,1856,-1.00,3351.00,1,-1.000,-1.00,-1.00,-893.68,2595.43,1922.05,33.50,63.00
1,1st scan,1702,1,backward,108,125,-1,2,800,1888,-1.00,-1.00,1,-1.000,-1.00,-1.00,-1.00,-1.00,-1.00,33.50,63.00
1,1st scan,1703,1,backward,107,125,-1,7,1520,1872,-1.00,-1.00,1,-1.000,-1.00,-1.00,-1.00,-1.00,-1.00,33.50,63.00
1,1st scan,1704,1,backward,106,125,-1,7,2072,1864,-1.00,-1.00,1,-1.000,-1.00,-1.00,-1.00,-1.00,-1.00,33.50,63.00
1,1st scan,1705,1,backward,105,125,-1,2,920,1960,-1.00,-1.00,1,-1.000,-1.00,-1.00,-1.00,-1.00,-1.00,33.50,63.00
1,1st scan,1706,1,backward,104,125,-1,2,736,1944,-1.00,-1.00,1,-1.000,-1.00,-1.00,-1.00,-1.00,-1.00,33.50,63.00
1,1st scan,1707,1,backward,103,125,-1,2,944,1936,-1.00,-1.00,1,-1.000,-1.00,-1.00,-1.00,-1.00,-1.00,33.50,63.00
1,1st scan,1708,1,backward,102,125,-1,7,1568,1912,-1.00,-1.00,1,-1.000,-1.00,-1.00,-1.00,-1.00,-1.00,33.50,63.00
1,1st scan,1709,1,backward,101,125,-1,7,1864,1888,-1.00,-1.00,1,-1.000,-1.00,-1.00,-1.00,-1.00,-1.00,33.50,63.00
1,1st scan,1710,1,backward,100,125,-1,2,0,2032,-1.00,-1.00,1,-1.000,-1.00,-1.00,-1.00,-1.00,-1.00,33.50,63.00
1,1st scan,1711,1,backward,99,125,2941,0,1080,1952,-1.00,2941.00,1,-1.000,-1.00,-1.00,-376.87,2379.47,1686.89,33.50,63.00
1,1st scan,1712,1,backward,98,125,-1,7,1216,1952,-1.00,-1.00,1,-1.000,-1.00,-1.00,-1.00,-1.00,-1.00,33.50,63.00
1,1st scan,1713,1,backward,97,125,-1,7,1664,1920,-1.00,-1.00,1,-1.000,-1.00,-1.00,-1.00,-1.00,-1.00,33.50,63.00
1,1st scan,1714,1,backward,96,125,2918,0,1232,1960,-1.00,2918.00,1,-1.000,-1.00,-1.00,-249.85,2377.19,1673.70,33.50,63.00
1,1st scan,1715,1,backward,95,125,-1,2,776,2040,-1.00,-1.00,1,-1.000,-1.00,-1.00,-1.00,-1.00,-1.00,33.50,63.00
1,1st scan,1716,1,backward,94,125,-1,2,256,2080,-1.00,-1.00,1,-1.000,-1.00,-1.00,-1.00,-1.00,-1.00,33.50,63.00
1,1st scan,1717,1,backward,93,125,2915,0,1728,1952,-1.00,2915.00,1,-1.000,-1.00,-1.00,-124.97,2384.56,1671.98,33.50,63.00
1,1st scan,1718,1,backward,92,125,-1,7,1416,1960,-1.00,-1.00,1,-1.000,-1.00,-1.00,-1.00,-1.00,-1.00,33.50,63.00
1,1st scan,1719,1,backward,91,125,-1,7,1896,1936,-1.00,-1.00,1,-1.000,-1.00,-1.00,-1.00,-1.00,-1.00,33.50,63.00
1,1st scan,1720,1,backward,90,125,-1,7,1640,1968,-1.00,-1.00,1,-1.000,-1.00,-1.00,-1.00,-1.00,-1.00,33.50,63.00
1,1st scan,1721,1,backward,89,125,-1,2,992,2040,-1.00,-1.00,1,-1.000,-1.00,-1.00,-1.00,-1.00,-1.00,33.50,63.00
1,1st scan,1722,1,backward,88,125,2881,0,2384,1912,-1.00,2881.00,1,-1.000,-1.00,-1.00,82.36,2358.54,1652.47,33.50,63.00
1,1st scan,1723,1,backward,87,125,2848,0,1568,1984,-1.00,2848.00,1,-1.000,-1.00,-1.00,122.10,2329.75,1633.55,33.50,63.00
1,1st scan,1724,1,backward,86,125,-1,2,616,2072,-1.00,-1.00,1,-1.000,-1.00,-1.00,-1.00,-1.00,-1.00,33.50,63.00
1,1st scan,1725,1,backward,85,125,2874,0,1704,1984,-1.00,2874.00,1,-1.000,-1.00,-1.00,205.19,2345.28,1648.46,33.50,63.00
1,1st scan,1726,1,backward,84,125,2815,0,2088,1944,-1.00,2815.00,1,-1.000,-1.00,-1.00,241.03,2293.28,1614.62,33.50,63.00
1,1st scan,1727,1,backward,83,125,2914,0,1320,2024,-1.00,2914.00,1,-1.000,-1.00,-1.00,290.90,2369.22,1671.40,33.50,63.00
1,1st scan,1728,1,backward,82,125,2827,0,1176,2008,-1.00,2827.00,1,-1.000,-1.00,-1.00,322.29,2293.21,1621.50,33.50,63.00
1,1st scan,1729,1,backward,81,125,-1,2,552,2080,-1.00,-1.00,1,-1.000,-1.00,-1.00,-1.00,-1.00,-1.00,33.50,63.00
1,1st scan,1730,1,backward,80,125,-1,2,680,2056,-1.00,-1.00,1,-1.000,-1.00,-1.00,-1.00,-1.00,-1.00,33.50,63.00
1,1st scan,1731,1,backward,79,125,-1,2,960,2048,-1.00,-1.00,1,-1.000,-1.00,-1.00,-1.00,-1.00,-1.00,33.50,63.00
1,1st scan,1732,1,backward,78,125,-1,2,784,2080,-1.00,-1.00,1,-1.000,-1.00,-1.00,-1.00,-1.00,-1.00,33.50,63.00
1,1st scan,1733,1,backward,77,125,2770,0,1480,2032,-1.00,2770.00,1,-1.000,-1.00,-1.00,510.43,2210.90,1588.81,33.50,63.00
1,1st scan,1734,1,backward,76,125,-1,2,992,2064,-1.00,-1.00,1,-1.000,-1.00,-1.00,-1.00,-1.00,-1.00,33.50,63.00
1,1st scan,1735,1,backward,75,125,2905,0,1512,2032,-1.00,2905.00,1,-1.000,-1.00,-1.00,615.90,2298.55,1666.24,33.50,63.00
1,1st scan,1736,1,backward,74,125,2776,0,1992,1976,-1.00,2776.00,1,-1.000,-1.00,-1.00,626.79,2185.88,1592.25,33.50,63.00
1,1st scan,1737,1,backward,73,125,-1,2,304,2120,-1.00,-1.00,1,-1.000,-1.00,-1.00,-1.00,-1.00,-1.00,33.50,63.00
1,1st scan,1738,1,backward,72,125,-1,2,960,2072,-1.00,-1.00,1,-1.000,-1.00,-1.00,-1.00,-1.00,-1.00,33.50,63.00
1,1st scan,1739,1,backward,71,125,-1,2,728,2088,-1.00,-1.00,1,-1.000,-1.00,-1.00,-1.00,-1.00,-1.00,33.50,63.00
1,1st scan,1740,1,backward,70,125,-1,2,968,2072,-1.00,-1.00,1,-1.000,-1.00,-1.00,-1.00,-1.00,-1.00,33.50,63.00
1,1st scan,1741,1,backward,69,125,3009,0,2192,1968,-1.00,3009.00,1,-1.000,-1.00,-1.00,883.32,2301.12,1725.89,33.50,63.00
1,1st scan,1742,1,backward,68,125,2869,0,1336,2064,-1.00,2869.00,1,-1.000,-1.00,-1.00,880.38,2179.02,1645.59,33.50,63.00
1,1st scan,1743,1,backward,67,125,2983,0,1368,2048,-1.00,2983.00,1,-1.000,-1.00,-1.00,954.76,2249.28,1710.98,33.50,63.00
1,1st scan,1744,1,backward,66,125,-1,2,984,2104,-1.00,-1.00,1,-1.000,-1.00,-1.00,-1.00,-1.00,-1.00,33.50,63.00
1,1st scan,1745,1,backward,65,125,-1,2,1024,2048,-1.00,-1.00,1,-1.000,-1.00,-1.00,-1.00,-1.00,-1.00,33.50,63.00
1,1st scan,1746,1,backward,64,125,2947,0,2864,1928,-1.00,2947.00,1,-1.000,-1.00,-1.00,1058.25,2169.73,1690.33,33.50,63.00
1,1st scan,1747,1,backward,63,125,2804,0,1928,1992,-1.00,2804.00,1,-1.000,-1.00,-1.00,1042.77,2046.55,1608.31,33.50,63.00
1,1st scan,1748,1,backward,62,125,-1,2,800,2112,-1.00,-1.00,1,-1.000,-1.00,-1.00,-1.00,-1.00,-1.00,33.50,63.00
1,1st scan,1749,1,backward,61,125,-1,2,328,2112,-1.00,-1.00,1,-1.000,-1.00,-1.00,-1.00,-1.00,-1.00,33.50,63.00
1,1st scan,1750,1,backward,60,125,-1,2,976,2088,-1.00,-1.00,1,-1.000,-1.00,-1.00,-1.00,-1.00,-1.00,33.50,63.00
1,1st scan,1751,1,backward,59,125,-1,2,0,2184,-1.00,-1.00,1,-1.000,-1.00,-1.00,-1.00,-1.00,-1.00,33.50,63.00
1,1st scan,1752,1,backward,58,125,-1,2,912,2112,-1.00,-1.00,1,-1.000,-1.00,-1.00,-1.00,-1.00,-1.00,33.50,63.00
1,1st scan,1753,1,backward,57,125,2770,0,2072,2000,-1.00,2770.00,1,-1.000,-1.00,-1.00,1235.81,1902.99,1588.81,33.50,63.00
1,1st scan,1754,1,backward,56,125,-1,2,104,2128,-1.00,-1.00,1,-1.000,-1.00,-1.00,-1.00,-1.00,-1.00,33.50,63.00
1,1st scan,1755,1,backward,55,125,2808,0,1160,2096,-1.00,2808.00,1,-1.000,-1.00,-1.00,1319.33,1884.20,1610.60,33.50,63.00
1,1st scan,1756,1,backward,54,125,-1,7,1920,2008,-1.00,-1.00,1,-1.000,-1.00,-1.00,-1.00,-1.00,-1.00,33.50,63.00
1,1st scan,1757,1,backward,53,125,-1,7,1592,2040,-1.00,-1.00,1,-1.000,-1.00,-1.00,-1.00,-1.00,-1.00,33.50,63.00
1,1st scan,1758,1,backward,52,125,-1,7,1336,2064,-1.00,-1.00,1,-1.000,-1.00,-1.00,-1.00,-1.00,-1.00,33.50,63.00
1,1st scan,1759,1,backward,51,125,3089,0,1080,2072,-1.00,3089.00,1,-1.000,-1.00,-1.00,1592.41,1966.46,1771.78,33.50,63.00
1,1st scan,1760,1,backward,50,125,-1,2,928,2064,-1.00,-1.00,1,-1.000,-1.00,-1.00,-1.00,-1.00,-1.00,33.50,63.00
1,1st scan,1761,1,backward,49,125,-1,2,152,2136,-1.00,-1.00,1,-1.000,-1.00,-1.00,-1.00,-1.00,-1.00,33.50,63.00
1,1st scan,1762,1,backward,48,125,-1,7,1424,2072,-1.00,-1.00,1,-1.000,-1.00,-1.00,-1.00,-1.00,-1.00,33.50,63.00
1,1st scan,1763,1,backward,47,125,-1,2,920,2072,-1.00,-1.00,1,-1.000,-1.00,-1.00,-1.00,-1.00,-1.00,33.50,63.00
1,1st scan,1764,1,backward,46,125,-1,7,1800,2024,-1.00,-1.00,1,-1.000,-1.00,-1.00,-1.00,-1.00,-1.00,33.50,63.00
1,1st scan,1765,1,backward,45,125,-1,2,992,2080,-1.00,-1.00,1,-1.000,-1.00,-1.00,-1.00,-1.00,-1.00,33.50,63.00
1,1st scan,1766,1,backward,44,125,-1,2,360,2160,-1.00,-1.00,1,-1.000,-1.00,-1.00,-1.00,-1.00,-1.00,33.50,63.00
1,1st scan,1767,1,backward,43,125,-1,2,400,2168,-1.00,-1.00,1,-1.000,-1.00,-1.00,-1.00,-1.00,-1.00,33.50,63.00
1,1st scan,1768,1,backward,42,125,-1,2,912,2112,-1.00,-1.00,1,-1.000,-1.00,-1.00,-1.00,-1.00,-1.00,33.50,63.00
1,1st scan,1769,1,backward,41,125,-1,2,616,2152,-1.00,-1.00,1,-1.000,-1.00,-1.00,-1.00,-1.00,-1.00,33.50,63.00
1,1st scan,1770,1,backward,40,125,3554,0,2056,2040,-1.00,3554.00,1,-1.000,-1.00,-1.00,2230.16,1871.33,2038.49,33.50,63.00
1,1st scan,1771,1,backward,39,125,-1,2,664,2128,-1.00,-1.00,1,-1.000,-1.00,-1.00,-1.00,-1.00,-1.00,33.50,63.00
1,1st scan,1772,1,backward,38,125,3292,0,1424,2088,-1.00,3292.00,1,-1.000,-1.00,-1.00,2124.99,1660.22,1888.21,33.50,63.00
1,1st scan,1773,1,backward,37,125,-1,2,832,2104,-1.00,-1.00,1,-1.000,-1.00,-1.00,-1.00,-1.00,-1.00,33.50,63.00
1,1st scan,1774,1,backward,36,125,3325,0,1512,2104,-1.00,3325.00,1,-1.000,-1.00,-1.00,2203.50,1600.94,1907.14,33.50,63.00
1,1st scan,1775,1,backward,35,125,-1,7,1472,2112,-1.00,-1.00,1,-1.000,-1.00,-1.00,-1.00,-1.00,-1.00,33.50,63.00
1,1st scan,1776,1,backward,34,125,-1,7,1040,2160,-1.00,-1.00,1,-1.000,-1.00,-1.00,-1.00,-1.00,-1.00,33.50,63.00
1,1st scan,1777,1,backward,33,125,-1,7,1432,2072,-1.00,-1.00,1,-1.000,-1.00,-1.00,-1.00,-1.00,-1.00,33.50,63.00
1,1st scan,1778,1,backward,32,125,-1,2,280,2200,-1.00,-1.00,1,-1.000,-1.00,-1.00,-1.00,-1.00,-1.00,33.50,63.00
1,1st scan,1779,1,backward,31,125,-1,7,1576,2112,-1.00,-1.00,1,-1.000,-1.00,-1.00,-1.00,-1.00,-1.00,33.50,63.00
1,1st scan,1780,1,backward,30,125,-1,2,480,2144,-1.00,-1.00,1,-1.000,-1.00,-1.00,-1.00,-1.00,-1.00,33.50,63.00
1,1st scan,1781,1,backward,29,125,-1,7,1808,2088,-1.00,-1.00,1,-1.000,-1.00,-1.00,-1.00,-1.00,-1.00,33.50,63.00
1,1st scan,1782,1,backward,28,125,3682,0,1592,2120,-1.00,3682.00,1,-1.000,-1.00,-1.00,2663.07,1415.98,2111.91,33.50,63.00
1,1st scan,1783,1,backward,27,125,-1,2,584,2168,-1.00,-1.00,1,-1.000,-1.00,-1.00,-1.00,-1.00,-1.00,33.50,63.00
1,1st scan,1784,1,backward,26,125,-1,2,0,2240,-1.00,-1.00,1,-1.000,-1.00,-1.00,-1.00,-1.00,-1.00,33.50,63.00
1,1st scan,1785,1,backward,25,125,-1,7,1680,2096,-1.00,-1.00,1,-1.000,-1.00,-1.00,-1.00,-1.00,-1.00,33.50,63.00
1,1st scan,1786,1,backward,24,125,-1,2,504,2144,-1.00,-1.00,1,-1.000,-1.00,-1.00,-1.00,-1.00,-1.00,33.50,63.00
1,1st scan,1787,1,backward,23,125,-1,7,1600,2072,-1.00,-1.00,1,-1.000,-1.00,-1.00,-1.00,-1.00,-1.00,33.50,63.00
1,1st scan,1788,1,backward,22,125,-1,2,680,2128,-1.00,-1.00,1,-1.000,-1.00,-1.00,-1.00,-1.00,-1.00,33.50,63.00
1,1st scan,1789,1,backward,21,125,-1,7,2032,2000,-1.00,-1.00,1,-1.000,-1.00,-1.00,-1.00,-1.00,-1.00,33.50,63.00
1,1st scan,1790,1,backward,20,125,-1,2,568,2152,-1.00,-1.00,1,-1.000,-1.00,-1.00,-1.00,-1.00,-1.00,33.50,63.00
1,1st scan,1791,1,backward,19,125,-1,2,816,2128,-1.00,-1.00,1,-1.000,-1.00,-1.00,-1.00,-1.00,-1.00,33.50,63.00
1,1st scan,1792,1,backward,18,125,-1,2,424,2128,-1.00,-1.00,1,-1.000,-1.00,-1.00,-1.00,-1.00,-1.00,33.50,63.00
1,1st scan,1793,1,backward,17,125,-1,2,576,2136,-1.00,-1.00,1,-1.000,-1.00,-1.00,-1.00,-1.00,-1.00,33.50,63.00
1,1st scan,1794,1,backward,16,125,-1,7,2448,2016,-1.00,-1.00,1,-1.000,-1.00,-1.00,-1.00,-1.00,-1.00,33.50,63.00
1,1st scan,1795,1,backward,15,125,-1,2,88,2192,-1.00,-1.00,1,-1.000,-1.00,-1.00,-1.00,-1.00,-1.00,33.50,63.00
1,1st scan,1796,1,backward,14,125,-1,2,696,2160,-1.00,-1.00,1,-1.000,-1.00,-1.00,-1.00,-1.00,-1.00,33.50,63.00
1,1st scan,1797,1,backward,13,125,-1,7,1512,2096,-1.00,-1.00,1,-1.000,-1.00,-1.00,-1.00,-1.00,-1.00,33.50,63.00
1,1st scan,1798,1,backward,12,125,-1,2,0,2240,-1.00,-1.00,1,-1.000,-1.00,-1.00,-1.00,-1.00,-1.00,33.50,63.00
1,1st scan,1799,1,backward,11,125,-1,2,848,2176,-1.00,-1.00,1,-1.000,-1.00,-1.00,-1.00,-1.00,-1.00,33.50,63.00
1,1st scan,1800,1,backward,10,125,-1,2,1016,2152,-1.00,-1.00,1,-1.000,-1.00,-1.00,-1.00,-1.00,-1.00,33.50,63.00
1,1st scan,1801,1,backward,9,125,-1,7,1216,2144,-1.00,-1.00,1,-1.000,-1.00,-1.00,-1.00,-1.00,-1.00,33.50,63.00
1,1st scan,1802,1,backward,8,125,-1,2,336,2216,-1.00,-1.00,1,-1.000,-1.00,-1.00,-1.00,-1.00,-1.00,33.50,63.00
1,1st scan,1803,1,backward,7,125,-1,2,0,2224,-1.00,-1.00,1,-1.000,-1.00,-1.00,-1.00,-1.00,-1.00,33.50,63.00
1,1st scan,1804,1,backward,6,125,-1,2,488,2224,-1.00,-1.00,1,-1.000,-1.00,-1.00,-1.00,-1.00,-1.00,33.50,63.00
1,1st scan,1805,1,backward,5,125,-1,2,848,2184,-1.00,-1.00,1,-1.000,-1.00,-1.00,-1.00,-1.00,-1.00,33.50,63.00
1,1st scan,1806,1,backward,4,125,-1,2,792,2208,-1.00,-1.00,1,-1.000,-1.00,-1.00,-1.00,-1.00,-1.00,33.50,63.00
1,1st scan,1807,1,backward,3,125,-1,2,744,2208,-1.00,-1.00,1,-1.000,-1.00,-1.00,-1.00,-1.00,-1.00,33.50,63.00
1,1st scan,1808,1,backward,2,125,-1,2,536,2240,-1.00,-1.00,1,-1.000,-1.00,-1.00,-1.00,-1.00,-1.00,33.50,63.00
1,1st scan,1809,1,backward,1,125,-1,2,400,2256,-1.00,-1.00,1,-1.000,-1.00,-1.00,-1.00,-1.00,-1.00,33.50,63.00
1,1st scan,1810,1,backward,0,125,-1,2,504,2192,-1.00,-1.00,1,-1.000,-1.00,-1.00,-1.00,-1.00,-1.00,33.50,63.00
1,1st scan,1811,1,forward,0,120,-1,7,1800,2064,-1.00,-1.00,1,-1.000,-1.00,-1.00,-1.00,-1.00,-1.00,32.10,63.00
1,1st scan,1812,1,forward,1,120,-1,2,488,2192,-1.00,-1.00,1,-1.000,-1.00,-1.00,-1.00,-1.00,-1.00,32.10,63.00
1,1st scan,1813,1,forward,2,120,-1,7,1344,2128,-1.00,-1.00,1,-1.000,-1.00,-1.00,-1.00,-1.00,-1.00,32.10,63.00
1,1st scan,1814,1,forward,3,120,-1,2,800,2184,-1.00,-1.00,1,-1.000,-1.00,-1.00,-1.00,-1.00,-1.00,32.10,63.00
1,1st scan,1815,1,forward,4,120,-1,7,1048,2160,-1.00,-1.00,1,-1.000,-1.00,-1.00,-1.00,-1.00,-1.00,32.10,63.00
1,1st scan,1816,1,forward,5,120,-1,7,1624,2128,-1.00,-1.00,1,-1.000,-1.00,-1.00,-1.00,-1.00,-1.00,32.10,63.00
1,1st scan,1817,1,forward,6,120,-1,7,1968,2048,-1.00,-1.00,1,-1.000,-1.00,-1.00,-1.00,-1.00,-1.00,32.10,63.00
1,1st scan,1818,1,forward,7,120,-1,7,1400,2056,-1.00,-1.00,1,-1.000,-1.00,-1.00,-1.00,-1.00,-1.00,32.10,63.00
1,1st scan,1819,1,forward,8,120,-1,2,880,2112,-1.00,-1.00,1,-1.000,-1.00,-1.00,-1.00,-1.00,-1.00,32.10,63.00
1,1st scan,1820,1,forward,9,120,-1,7,1624,2040,-1.00,-1.00,1,-1.000,-1.00,-1.00,-1.00,-1.00,-1.00,32.10,63.00
1,1st scan,1821,1,forward,10,120,-1,2,872,2104,-1.00,-1.00,1,-1.000,-1.00,-1.00,-1.00,-1.00,-1.00,32.10,63.00
1,1st scan,1822,1,forward,11,120,-1,2,936,2120,-1.00,-1.00,1,-1.000,-1.00,-1.00,-1.00,-1.00,-1.00,32.10,63.00
1,1st scan,1823,1,forward,12,120,-1,2,408,2120,-1.00,-1.00,1,-1.000,-1.00,-1.00,-1.00,-1.00,-1.00,32.10,63.00
1,1st scan,1824,1,forward,13,120,-1,2,344,2144,-1.00,-1.00,1,-1.000,-1.00,-1.00,-1.00,-1.00,-1.00,32.10,63.00
1,1st scan,1825,1,forward,14,120,-1,7,1280,2064,-1.00,-1.00,1,-1.000,-1.00,-1.00,-1.00,-1.00,-1.00,32.10,63.00
1,1st scan,1826,1,forward,15,120,-1,7,1248,2072,-1.00,-1.00,1,-1.000,-1.00,-1.00,-1.00,-1.00,-1.00,32.10,63.00
1,1st scan,1827,1,forward,16,120,-1,7,1712,2032,-1.00,-1.00,1,-1.000,-1.00,-1.00,-1.00,-1.00,-1.00,32.10,63.00
1,1st scan,1828,1,forward,17,120,-1,7,1144,2072,-1.00,-1.00,1,-1.000,-1.00,-1.00,-1.00,-1.00,-1.00,32.10,63.00
1,1st scan,1829,1,forward,18,120,-1,2,688,2112,-1.00,-1.00,1,-1.000,-1.00,-1.00,-1.00,-1.00,-1.00,32.10,63.00
1,1st scan,1830,1,forward,19,120,-1,2,864,2048,-1.00,-1.00,1,-1.000,-1.00,-1.00,-1.00,-1.00,-1.00,32.10,63.00
1,1st scan,1831,1,forward,20,120,-1,7,1944,2016,-1.00,-1.00,1,-1.000,-1.00,-1.00,-1.00,-1.00,-1.00,32.10,63.00
1,1st scan,1832,1,forward,21,120,-1,2,704,2064,-1.00,-1.00,1,-1.000,-1.00,-1.00,-1.00,-1.00,-1.00,32.10,63.00
1,1st scan,1833,1,forward,22,120,-1,2,960,2048,-1.00,-1.00,1,-1.000,-1.00,-1.00,-1.00,-1.00,-1.00,32.10,63.00
1,1st scan,1834,1,forward,23,120,-1,2,1000,2032,-1.00,-1.00,1,-1.000,-1.00,-1.00,-1.00,-1.00,-1.00,32.10,63.00
1,1st scan,1835,1,forward,24,120,-1,2,464,2080,-1.00,-1.00,1,-1.000,-1.00,-1.00,-1.00,-1.00,-1.00,32.10,63.00
1,1st scan,1836,1,forward,25,120,-1,2,752,2064,-1.00,-1.00,1,-1.000,-1.00,-1.00,-1.00,-1.00,-1.00,32.10,63.00
1,1st scan,1837,1,forward,26,120,3524,0,1528,2016,-1.00,3524.00,1,-1.000,-1.00,-1.00,2743.01,1337.85,1762.00,32.10,63.00
1,1st scan,1838,1,forward,27,120,-1,7,1840,1984,-1.00,-1.00,1,-1.000,-1.00,-1.00,-1.00,-1.00,-1.00,32.10,63.00
1,1st scan,1839,1,forward,28,120,-1,2,352,2080,-1.00,-1.00,1,-1.000,-1.00,-1.00,-1.00,-1.00,-1.00,32.10,63.00
1,1st scan,1840,1,forward,29,120,-1,7,1232,2048,-1.00,-1.00,1,-1.000,-1.00,-1.00,-1.00,-1.00,-1.00,32.10,63.00
1,1st scan,1841,1,forward,30,120,3395,0,1584,2016,-1.00,3395.00,1,-1.000,-1.00,-1.00,2546.25,1470.08,1697.50,32.10,63.00
1,1st scan,1842,1,forward,31,120,-1,2,928,2064,-1.00,-1.00,1,-1.000,-1.00,-1.00,-1.00,-1.00,-1.00,32.10,63.00
1,1st scan,1843,1,forward,32,120,-1,2,56,2176,-1.00,-1.00,1,-1.000,-1.00,-1.00,-1.00,-1.00,-1.00,32.10,63.00
1,1st scan,1844,1,forward,33,120,-1,2,744,2136,-1.00,-1.00,1,-1.000,-1.00,-1.00,-1.00,-1.00,-1.00,32.10,63.00
1,1st scan,1845,1,forward,34,120,3297,0,1544,2024,-1.00,3297.00,1,-1.000,-1.00,-1.00,2367.14,1596.66,1648.50,32.10,63.00
1,1st scan,1846,1,forward,35,120,3256,0,2200,2008,-1.00,3256.00,1,-1.000,-1.00,-1.00,2309.83,1617.36,1628.00,32.10,63.00
1,1st scan,1847,1,forward,36,120,-1,7,1776,2040,-1.00,-1.00,1,-1.000,-1.00,-1.00,-1.00,-1.00,-1.00,32.10,63.00
1,1st scan,1848,1,forward,37,120,-1,2,672,2120,-1.00,-1.00,1,-1.000,-1.00,-1.00,-1.00,-1.00,-1.00,32.10,63.00
1,1st scan,1849,1,forward,38,120,-1,2,680,2112,-1.00,-1.00,1,-1.000,-1.00,-1.00,-1.00,-1.00,-1.00,32.10,63.00
1,1st scan,1850,1,forward,39,120,-1,2,832,2080,-1.00,-1.00,1,-1.000,-1.00,-1.00,-1.00,-1.00,-1.00,32.10,63.00
1,1st scan,1851,1,forward,40,120,-1,2,792,2168,-1.00,-1.00,1,-1.000,-1.00,-1.00,-1.00,-1.00,-1.00,32.10,63.00
1,1st scan,1852,1,forward,41,120,-1,2,432,2088,-1.00,-1.00,1,-1.000,-1.00,-1.00,-1.00,-1.00,-1.00,32.10,63.00
1,1st scan,1853,1,forward,42,120,3305,0,2544,1968,-1.00,3305.00,1,-1.000,-1.00,-1.00,2127.04,1915.20,1652.50,32.10,63.00
1,1st scan,1854,1,forward,43,120,-1,2,240,2144,-1.00,-1.00,1,-1.000,-1.00,-1.00,-1.00,-1.00,-1.00,32.10,63.00
1,1st scan,1855,1,forward,44,120,-1,2,792,2080,-1.00,-1.00,1,-1.000,-1.00,-1.00,-1.00,-1.00,-1.00,32.10,63.00
1,1st scan,1856,1,forward,45,120,-1,2,688,2120,-1.00,-1.00,1,-1.000,-1.00,-1.00,-1.00,-1.00,-1.00,32.10,63.00
1,1st scan,1857,1,forward,46,120,-1,7,1952,2008,-1.00,-1.00,1,-1.000,-1.00,-1.00,-1.00,-1.00,-1.00,32.10,63.00
1,1st scan,1858,1,forward,47,120,3167,0,1616,2048,-1.00,3167.00,1,-1.000,-1.00,-1.00,1870.52,2005.89,1583.50,32.10,63.00
1,1st scan,1859,1,forward,48,120,3043,0,1264,2016,-1.00,3043.00,1,-1.000,-1.00,-1.00,1763.37,1958.42,1521.50,32.10,63.00
1,1st scan,1860,1,forward,49,120,3195,0,1544,2056,-1.00,3195.00,1,-1.000,-1.00,-1.00,1815.28,2088.24,1597.50,32.10,63.00
1,1st scan,1861,1,forward,50,120,2884,0,1208,2072,-1.00,2884.00,1,-1.000,-1.00,-1.00,1605.44,1913.29,1442.00,32.10,63.00
1,1st scan,1862,1,forward,51,120,3142,0,1768,2040,-1.00,3142.00,1,-1.000,-1.00,-1.00,1712.41,2114.65,1571.00,32.10,63.00
1,1st scan,1863,1,forward,52,120,-1,2,952,2064,-1.00,-1.00,1,-1.000,-1.00,-1.00,-1.00,-1.00,-1.00,32.10,63.00
1,1st scan,1864,1,forward,53,120,-1,7,1624,2024,-1.00,-1.00,1,-1.000,-1.00,-1.00,-1.00,-1.00,-1.00,32.10,63.00
1,1st scan,1865,1,forward,54,120,-1,2,736,2064,-1.00,-1.00,1,-1.000,-1.00,-1.00,-1.00,-1.00,-1.00,32.10,63.00
1,1st scan,1866,1,forward,55,120,-1,2,952,2088,-1.00,-1.00,1,-1.000,-1.00,-1.00,-1.00,-1.00,-1.00,32.10,63.00
1,1st scan,1867,1,forward,56,120,2939,0,1864,2008,-1.00,2939.00,1,-1.000,-1.00,-1.00,1423.29,2110.11,1469.50,32.10,63.00
1,1st scan,1868,1,forward,57,120,2802,0,2120,1992,-1.00,2802.00,1,-1.000,-1.00,-1.00,1321.62,2035.12,1401.00,32.10,63.00
1,1st scan,1869,1,forward,58,120,-1,2,784,2088,-1.00,-1.00,1,-1.000,-1.00,-1.00,-1.00,-1.00,-1.00,32.10,63.00
1,1st scan,1870,1,forward,59,120,-1,2,1000,2104,-1.00,-1.00,1,-1.000,-1.00,-1.00,-1.00,-1.00,-1.00,32.10,63.00
1,1st scan,1871,1,forward,60,120,-1,2,584,2128,-1.00,-1.00,1,-1.000,-1.00,-1.00,-1.00,-1.00,-1.00,32.10,63.00
1,1st scan,1872,1,forward,61,120,-1,2,488,2112,-1.00,-1.00,1,-1.000,-1.00,-1.00,-1.00,-1.00,-1.00,32.10,63.00
1,1st scan,1873,1,forward,62,120,3059,0,1448,2032,-1.00,3059.00,1,-1.000,-1.00,-1.00,1243.71,2339.08,1529.50,32.10,63.00
1,1st scan,1874,1,forward,63,120,2981,0,1600,1984,-1.00,2981.00,1,-1.000,-1.00,-1.00,1172.03,2300.24,1490.50,32.10,63.00
1,1st scan,1875,1,forward,64,120,3128,0,1552,2032,-1.00,3128.00,1,-1.000,-1.00,-1.00,1187.52,2434.77,1564.00,32.10,63.00
1,1st scan,1876,1,forward,65,120,3010,0,1080,2048,-1.00,3010.00,1,-1.000,-1.00,-1.00,1101.65,2362.51,1505.00,32.10,63.00
1,1st scan,1877,1,forward,66,120,-1,7,1872,2024,-1.00,-1.00,1,-1.000,-1.00,-1.00,-1.00,-1.00,-1.00,32.10,63.00
1,1st scan,1878,1,forward,67,120,-1,7,1424,2008,-1.00,-1.00,1,-1.000,-1.00,-1.00,-1.00,-1.00,-1.00,32.10,63.00
1,1st scan,1879,1,forward,68,120,-1,7,1312,2032,-1.00,-1.00,1,-1.000,-1.00,-1.00,-1.00,-1.00,-1.00,32.10,63.00
1,1st scan,1880,1,forward,69,120,-1,2,656,2104,-1.00,-1.00,1,-1.000,-1.00,-1.00,-1.00,-1.00,-1.00,32.10,63.00
1,1st scan,1881,1,forward,70,120,-1,2,1000,2064,-1.00,-1.00,1,-1.000,-1.00,-1.00,-1.00,-1.00,-1.00,32.10,63.00
1,1st scan,1882,1,forward,71,120,-1,7,1696,1992,-1.00,-1.00,1,-1.000,-1.00,-1.00,-1.00,-1.00,-1.00,32.10,63.00
1,1st scan,1883,1,forward,72,120,-1,2,296,2112,-1.00,-1.00,1,-1.000,-1.00,-1.00,-1.00,-1.00,-1.00,32.10,63.00
1,1st scan,1884,1,forward,73,120,-1,2,632,2096,-1.00,-1.00,1,-1.000,-1.00,-1.00,-1.00,-1.00,-1.00,32.10,63.00
1,1st scan,1885,1,forward,74,120,-1,7,1192,2008,-1.00,-1.00,1,-1.000,-1.00,-1.00,-1.00,-1.00,-1.00,32.10,63.00
1,1st scan,1886,1,forward,75,120,-1,2,936,2032,-1.00,-1.00,1,-1.000,-1.00,-1.00,-1.00,-1.00,-1.00,32.10,63.00
1,1st scan,1887,1,forward,76,120,-1,2,912,2104,-1.00,-1.00,1,-1.000,-1.00,-1.00,-1.00,-1.00,-1.00,32.10,63.00
1,1st scan,1888,1,forward,77,120,-1,2,928,2056,-1.00,-1.00,1,-1.000,-1.00,-1.00,-1.00,-1.00,-1.00,32.10,63.00
1,1st scan,1889,1,forward,78,120,-1,2,888,2000,-1.00,-1.00,1,-1.000,-1.00,-1.00,-1.00,-1.00,-1.00,32.10,63.00
1,1st scan,1890,1,forward,79,120,-1,2,920,2056,-1.00,-1.00,1,-1.000,-1.00,-1.00,-1.00,-1.00,-1.00,32.10,63.00
1,1st scan,1891,1,forward,80,120,-1,2,824,2032,-1.00,-1.00,1,-1.000,-1.00,-1.00,-1.00,-1.00,-1.00,32.10,63.00
1,1st scan,1892,1,forward,81,120,-1,2,816,2072,-1.00,-1.00,1,-1.000,-1.00,-1.00,-1.00,-1.00,-1.00,32.10,63.00
1,1st scan,1893,1,forward,82,120,-1,2,368,2048,-1.00,-1.00,1,-1.000,-1.00,-1.00,-1.00,-1.00,-1.00,32.10,63.00
1,1st scan,1894,1,forward,83,120,-1,2,40,2080,-1.00,-1.00,1,-1.000,-1.00,-1.00,-1.00,-1.00,-1.00,32.10,63.00
1,1st scan,1895,1,forward,84,120,-1,2,976,2000,-1.00,-1.00,1,-1.000,-1.00,-1.00,-1.00,-1.00,-1.00,32.10,63.00
1,1st scan,1896,1,forward,85,120,3232,0,1432,1992,-1.00,3232.00,1,-1.000,-1.00,-1.00,243.95,2788.34,1616.00,32.10,63.00
1,1st scan,1897,1,forward,86,120,-1,2,704,2024,-1.00,-1.00,1,-1.000,-1.00,-1.00,-1.00,-1.00,-1.00,32.10,63.00
1,1st scan,1898,1,forward,87,120,-1,2,936,1992,-1.00,-1.00,1,-1.000,-1.00,-1.00,-1.00,-1.00,-1.00,32.10,63.00
1,1st scan,1899,1,forward,88,120,-1,7,1384,1968,-1.00,-1.00,1,-1.000,-1.00,-1.00,-1.00,-1.00,-1.00,32.10,63.00
1,1st scan,1900,1,forward,89,120,-1,2,136,2024,-1.00,-1.00,1,-1.000,-1.00,-1.00,-1.00,-1.00,-1.00,32.10,63.00
1,1st scan,1901,1,forward,90,120,-1,7,1496,1912,-1.00,-1.00,1,-1.000,-1.00,-1.00,-1.00,-1.00,-1.00,32.10,63.00
1,1st scan,1902,1,forward,91,120,-1,2,552,1976,-1.00,-1.00,1,-1.000,-1.00,-1.00,-1.00,-1.00,-1.00,32.10,63.00
1,1st scan,1903,1,forward,92,120,-1,2,688,1960,-1.00,-1.00,1,-1.000,-1.00,-1.00,-1.00,-1.00,-1.00,32.10,63.00
1,1st scan,1904,1,forward,93,120,-1,7,1640,1888,-1.00,-1.00,1,-1.000,-1.00,-1.00,-1.00,-1.00,-1.00,32.10,63.00
1,1st scan,1905,1,forward,94,120,-1,2,704,1968,-1.00,-1.00,1,-1.000,-1.00,-1.00,-1.00,-1.00,-1.00,32.10,63.00
1,1st scan,1906,1,forward,95,120,-1,7,1160,1928,-1.00,-1.00,1,-1.000,-1.00,-1.00,-1.00,-1.00,-1.00,32.10,63.00
1,1st scan,1907,1,forward,96,120,3293,0,2232,1824,-1.00,3293.00,1,-1.000,-1.00,-1.00,-298.10,2836.20,1646.50,32.10,63.00
1,1st scan,1908,1,forward,97,120,-1,2,768,1944,-1.00,-1.00,1,-1.000,-1.00,-1.00,-1.00,-1.00,-1.00,32.10,63.00
1,1st scan,1909,1,forward,98,120,3609,0,2224,1848,-1.00,3609.00,1,-1.000,-1.00,-1.00,-434.98,3095.07,1804.50,32.10,63.00
1,1st scan,1910,1,forward,99,120,-1,2,1008,1928,-1.00,-1.00,1,-1.000,-1.00,-1.00,-1.00,-1.00,-1.00,32.10,63.00
1,1st scan,1911,1,forward,100,120,-1,2,880,1920,-1.00,-1.00,1,-1.000,-1.00,-1.00,-1.00,-1.00,-1.00,32.10,63.00
1,1st scan,1912,1,forward,101,120,-1,7,1592,1872,-1.00,-1.00,1,-1.000,-1.00,-1.00,-1.00,-1.00,-1.00,32.10,63.00
1,1st scan,1913,1,forward,102,120,-1,2,240,1960,-1.00,-1.00,1,-1.000,-1.00,-1.00,-1.00,-1.00,-1.00,32.10,63.00
1,1st scan,1914,1,forward,103,120,3420,0,2064,1832,-1.00,3420.00,1,-1.000,-1.00,-1.00,-666.26,2885.90,1710.00,32.10,63.00
1,1st scan,1915,1,forward,104,120,3314,0,1328,1888,-1.00,3314.00,1,-1.000,-1.00,-1.00,-694.32,2784.76,1657.00,32.10,63.00
1,1st scan,1916,1,forward,105,120,-1,7,1832,1872,-1.00,-1.00,1,-1.000,-1.00,-1.00,-1.00,-1.00,-1.00,32.10,63.00
1,1st scan,1917,1,forward,106,120,-1,2,952,1888,-1.00,-1.00,1,-1.000,-1.00,-1.00,-1.00,-1.00,-1.00,32.10,63.00
1,1st scan,1918,1,forward,107,120,-1,2,176,1944,-1.00,-1.00,1,-1.000,-1.00,-1.00,-1.00,-1.00,-1.00,32.10,63.00
1,1st scan,1919,1,forward,108,120,-1,2,984,1864,-1.00,-1.00,1,-1.000,-1.00,-1.00,-1.00,-1.00,-1.00,32.10,63.00
1,1st scan,1920,1,forward,109,120,-1,7,1456,1840,-1.00,-1.00,1,-1.000,-1.00,-1.00,-1.00,-1.00,-1.00,32.10,63.00
1,1st scan,1921,1,forward,110,120,-1,2,0,1960,-1.00,-1.00,1,-1.000,-1.00,-1.00,-1.00,-1.00,-1.00,32.10,63.00
1,1st scan,1922,1,forward,111,120,-1,7,1800,1800,-1.00,-1.00,1,-1.000,-1.00,-1.00,-1.00,-1.00,-1.00,32.10,63.00
1,1st scan,1923,1,forward,112,120,-1,2,848,1896,-1.00,-1.00,1,-1.000,-1.00,-1.00,-1.00,-1.00,-1.00,32.10,63.00
1,1st scan,1924,1,forward,113,120,-1,7,1512,1784,-1.00,-1.00,1,-1.000,-1.00,-1.00,-1.00,-1.00,-1.00,32.10,63.00
1,1st scan,1925,1,forward,114,120,-1,2,656,1840,-1.00,-1.00,1,-1.000,-1.00,-1.00,-1.00,-1.00,-1.00,32.10,63.00
1,1st scan,1926,1,forward,115,120,3580,0,1264,1808,-1.00,3580.00,1,-1.000,-1.00,-1.00,-1310.27,2809.89,1790.00,32.10,63.00
1,1st scan,1927,1,forward,116,120,-1,7,2400,1712,-1.00,-1.00,1,-1.000,-1.00,-1.00,-1.00,-1.00,-1.00,32.10,63.00
1,1st scan,1928,1,forward,117,120,-1,7,1424,1808,-1.00,-1.00,1,-1.000,-1.00,-1.00,-1.00,-1.00,-1.00,32.10,63.00
1,1st scan,1929,1,forward,118,120,-1,2,984,1816,-1.00,-1.00,1,-1.000,-1.00,-1.00,-1.00,-1.00,-1.00,32.10,63.00
1,1st scan,1930,1,forward,119,120,-1,7,1440,1800,-1.00,-1.00,1,-1.000,-1.00,-1.00,-1.00,-1.00,-1.00,32.10,63.00
1,1st scan,1931,1,forward,120,120,-1,2,864,1840,-1.00,-1.00,1,-1.000,-1.00,-1.00,-1.00,-1.00,-1.00,32.10,63.00
1,1st scan,1932,1,forward,121,120,3546,0,1304,1808,-1.00,3546.00,1,-1.000,-1.00,-1.00,-1581.64,2632.30,1773.00,32.10,63.00
1,1st scan,1933,1,forward,122,120,-1,2,56,1888,-1.00,-1.00,1,-1.000,-1.00,-1.00,-1.00,-1.00,-1.00,32.10,63.00
1,1st scan,1934,1,forward,123,120,-1,7,1680,1784,-1.00,-1.00,1,-1.000,-1.00,-1.00,-1.00,-1.00,-1.00,32.10,63.00
1,1st scan,1935,1,forward,124,120,-1,2,872,1832,-1.00,-1.00,1,-1.000,-1.00,-1.00,-1.00,-1.00,-1.00,32.10,63.00
1,1st scan,1936,1,forward,125,120,-1,2,416,1848,-1.00,-1.00,1,-1.000,-1.00,-1.00,-1.00,-1.00,-1.00,32.10,63.00
1,1st scan,1937,1,forward,126,120,-1,2,728,1840,-1.00,-1.00,1,-1.000,-1.00,-1.00,-1.00,-1.00,-1.00,32.10,63.00
1,1st scan,1938,1,forward,127,120,-1,2,960,1832,-1.00,-1.00,1,-1.000,-1.00,-1.00,-1.00,-1.00,-1.00,32.10,63.00
1,1st scan,1939,1,forward,128,120,-1,2,888,1784,-1.00,-1.00,1,-1.000,-1.00,-1.00,-1.00,-1.00,-1.00,32.10,63.00
1,1st scan,1940,1,forward,129,120,-1,2,288,1848,-1.00,-1.00,1,-1.000,-1.00,-1.00,-1.00,-1.00,-1.00,32.10,63.00
1,1st scan,1941,1,forward,130,120,3502,0,1784,1712,-1.00,3502.00,1,-1.000,-1.00,-1.00,-1949.46,2323.28,1751.00,32.10,63.00
1,1st scan,1942,1,forward,131,120,-1,2,864,1776,-1.00,-1.00,1,-1.000,-1.00,-1.00,-1.00,-1.00,-1.00,32.10,63.00
1,1st scan,1943,1,forward,132,120,-1,2,528,1784,-1.00,-1.00,1,-1.000,-1.00,-1.00,-1.00,-1.00,-1.00,32.10,63.00
1,1st scan,1944,1,forward,133,120,3134,0,1744,1720,-1.00,3134.00,1,-1.000,-1.00,-1.00,-1851.03,1984.98,1567.00,32.10,63.00
1,1st scan,1945,1,forward,134,120,-1,2,776,1792,-1.00,-1.00,1,-1.000,-1.00,-1.00,-1.00,-1.00,-1.00,32.10,63.00
1,1st scan,1946,1,forward,135,120,-1,7,2136,1696,-1.00,-1.00,1,-1.000,-1.00,-1.00,-1.00,-1.00,-1.00,32.10,63.00
1,1st scan,1947,1,forward,136,120,-1,2,528,1792,-1.00,-1.00,1,-1.000,-1.00,-1.00,-1.00,-1.00,-1.00,32.10,63.00
1,1st scan,1948,1,forward,137,120,-1,2,0,1856,-1.00,-1.00,1,-1.000,-1.00,-1.00,-1.00,-1.00,-1.00,32.10,63.00
1,1st scan,1949,1,forward,138,120,3344,0,1432,1768,-1.00,3344.00,1,-1.000,-1.00,-1.00,-2152.14,1937.79,1672.00,32.10,63.00
1,1st scan,1950,1,forward,139,120,-1,2,368,1784,-1.00,-1.00,1,-1.000,-1.00,-1.00,-1.00,-1.00,-1.00,32.10,63.00
1,1st scan,1951,1,forward,140,120,-1,2,888,1792,-1.00,-1.00,1,-1.000,-1.00,-1.00,-1.00,-1.00,-1.00,32.10,63.00
1,1st scan,1952,1,forward,141,120,-1,2,792,1760,-1.00,-1.00,1,-1.000,-1.00,-1.00,-1.00,-1.00,-1.00,32.10,63.00
1,1st scan,1953,1,forward,142,120,-1,7,1600,1712,-1.00,-1.00,1,-1.000,-1.00,-1.00,-1.00,-1.00,-1.00,32.10,63.00
1,1st scan,1954,1,forward,143,120,2758,0,1512,1728,-1.00,2758.00,1,-1.000,-1.00,-1.00,-1907.54,1437.43,1379.00,32.10,63.00
1,1st scan,1955,1,forward,144,120,-1,7,1344,1768,-1.00,-1.00,1,-1.000,-1.00,-1.00,-1.00,-1.00,-1.00,32.10,63.00
1,1st scan,1956,1,forward,145,120,-1,7,1320,1712,-1.00,-1.00,1,-1.000,-1.00,-1.00,-1.00,-1.00,-1.00,32.10,63.00
1,1st scan,1957,1,forward,146,120,-1,2,808,1784,-1.00,-1.00,1,-1.000,-1.00,-1.00,-1.00,-1.00,-1.00,32.10,63.00
1,1st scan,1958,1,forward,147,120,2878,0,2016,1648,-1.00,2878.00,1,-1.000,-1.00,-1.00,-2090.32,1357.47,1439.00,32.10,63.00
1,1st scan,1959,1,forward,148,120,2836,0,1208,1712,-1.00,2836.00,1,-1.000,-1.00,-1.00,-2082.85,1301.51,1418.00,32.10,63.00
1,1st scan,1960,1,forward,149,120,2829,0,2512,1640,-1.00,2829.00,1,-1.000,-1.00,-1.00,-2100.05,1261.84,1414.50,32.10,63.00
1,1st scan,1961,1,forward,150,120,-1,7,2624,1624,-1.00,-1.00,1,-1.000,-1.00,-1.00,-1.00,-1.00,-1.00,32.10,63.00
1,1st scan,1962,1,forward,151,120,-1,7,1688,1704,-1.00,-1.00,1,-1.000,-1.00,-1.00,-1.00,-1.00,-1.00,32.10,63.00
1,1st scan,1963,1,forward,152,120,2721,0,1480,1704,-1.00,2721.00,1,-1.000,-1.00,-1.00,-2080.63,1106.29,1360.50,32.10,63.00
1,1st scan,1964,1,forward,153,120,-1,2,984,1728,-1.00,-1.00,1,-1.000,-1.00,-1.00,-1.00,-1.00,-1.00,32.10,63.00
1,1st scan,1965,1,forward,154,120,2783,0,1896,1664,-1.00,2783.00,1,-1.000,-1.00,-1.00,-2166.23,1056.54,1391.50,32.10,63.00
1,1st scan,1966,1,forward,155,120,2714,0,1360,1712,-1.00,2714.00,1,-1.000,-1.00,-1.00,-2130.18,993.32,1357.00,32.10,63.00
1,1st scan,1967,1,forward,156,120,-1,2,968,1776,-1.00,-1.00,1,-1.000,-1.00,-1.00,-1.00,-1.00,-1.00,32.10,63.00
1,1st scan,1968,1,forward,157,120,2719,0,1256,1720,-1.00,2719.00,1,-1.000,-1.00,-1.00,-2167.53,920.06,1359.50,32.10,63.00
1,1st scan,1969,1,forward,158,120,2575,0,2224,1640,-1.00,2575.00,1,-1.000,-1.00,-1.00,-2067.63,835.38,1287.50,32.10,63.00
1,1st scan,1970,1,forward,159,120,-1,2,568,1768,-1.00,-1.00,1,-1.000,-1.00,-1.00,-1.00,-1.00,-1.00,32.10,63.00
1,1st scan,1971,1,forward,160,120,2635,0,1672,1680,-1.00,2635.00,1,-1.000,-1.00,-1.00,-2144.36,780.48,1317.50,32.10,63.00
1,1st scan,1972,1,forward,161,120,2504,0,1224,1728,-1.00,2504.00,1,-1.000,-1.00,-1.00,-2050.38,706.00,1252.00,32.10,63.00
1,1st scan,1973,1,forward,162,120,2627,0,1672,1680,-1.00,2627.00,1,-1.000,-1.00,-1.00,-2163.70,703.03,1313.50,32.10,63.00
1,1st scan,1974,1,forward,163,120,2646,0,2160,1632,-1.00,2646.00,1,-1.000,-1.00,-1.00,-2191.38,669.97,1323.00,32.10,63.00
1,1st scan,1975,1,forward,164,120,2536,0,1272,1680,-1.00,2536.00,1,-1.000,-1.00,-1.00,-2111.16,605.37,1268.00,32.10,63.00
1,1st scan,1976,1,forward,165,120,2596,0,1272,1688,-1.00,2596.00,1,-1.000,-1.00,-1.00,-2171.60,581.88,1298.00,32.10,63.00
1,1st scan,1977,1,forward,166,120,2501,0,2120,1656,-1.00,2501.00,1,-1.000,-1.00,-1.00,-2101.59,523.99,1250.50,32.10,63.00
1,1st scan,1978,1,forward,167,120,2459,0,1728,1696,-1.00,2459.00,1,-1.000,-1.00,-1.00,-2074.98,479.05,1229.50,32.10,63.00
1,1st scan,1979,1,forward,168,120,2548,0,1752,1704,-1.00,2548.00,1,-1.000,-1.00,-1.00,-2158.41,458.78,1274.00,32.10,63.00
1,1st scan,1980,1,forward,169,120,2529,0,1112,1736,-1.00,2529.00,1,-1.000,-1.00,-1.00,-2149.94,417.91,1264.50,32.10,63.00
1,1st scan,1981,1,forward,170,120,-1,2,880,1760,-1.00,-1.00,1,-1.000,-1.00,-1.00,-1.00,-1.00,-1.00,32.10,63.00
1,1st scan,1982,1,forward,171,120,2633,0,1392,1712,-1.00,2633.00,1,-1.000,-1.00,-1.00,-2252.17,356.71,1316.50,32.10,63.00
1,1st scan,1983,1,forward,172,120,2485,0,1952,1688,-1.00,2485.00,1,-1.000,-1.00,-1.00,-2131.13,299.51,1242.50,32.10,63.00
1,1st scan,1984,1,forward,173,120,-1,2,824,1752,-1.00,-1.00,1,-1.000,-1.00,-1.00,-1.00,-1.00,-1.00,32.10,63.00
1,1st scan,1985,1,forward,174,120,2512,0,1904,1680,-1.00,2512.00,1,-1.000,-1.00,-1.00,-2163.54,227.40,1256.00,32.10,63.00
1,1st scan,1986,1,forward,175,120,2412,0,2032,1656,-1.00,2412.00,1,-1.000,-1.00,-1.00,-2080.90,182.06,1206.00,32.10,63.00
1,1st scan,1987,1,forward,176,120,2519,0,1720,1688,-1.00,2519.00,1,-1.000,-1.00,-1.00,-2176.20,152.18,1259.50,32.10,63.00
1,1st scan,1988,1,forward,177,120,2526,0,1432,1704,-1.00,2526.00,1,-1.000,-1.00,-1.00,-2184.58,114.49,1263.00,32.10,63.00
1,1st scan,1989,1,forward,178,120,-1,2,400,1808,-1.00,-1.00,1,-1.000,-1.00,-1.00,-1.00,-1.00,-1.00,32.10,63.00
1,1st scan,1990,1,forward,179,120,2432,0,2104,1648,-1.00,2432.00,1,-1.000,-1.00,-1.00,-2105.85,36.76,1216.00,32.10,63.00
1,1st scan,1991,1,forward,180,120,2483,0,1560,1672,-1.00,2483.00,1,-1.000,-1.00,-1.00,-2150.34,-0.00,1241.50,32.10,63.00
1,1st scan,1992,1,backward,180,115,-1,2,552,1728,-1.00,-1.00,0,-1.000,-1.00,-1.00,-1.00,-1.00,-1.00,31.80,62.00
1,1st scan,1993,1,backward,179,115,-1,2,472,1760,-1.00,-1.00,1,-1.000,-1.00,-1.00,-1.00,-1.00,-1.00,31.80,62.00
1,1st scan,1994,1,backward,178,115,2776,0,1832,1640,-1.00,2776.00,1,-1.000,-1.00,-1.00,-2514.38,87.80,1173.19,31.80,62.00
1,1st scan,1995,1,backward,177,115,2768,0,1968,1632,-1.00,2768.00,1,-1.000,-1.00,-1.00,-2505.22,131.29,1169.81,31.80,62.00
1,1st scan,1996,1,backward,176,115,-1,2,696,1744,-1.00,-1.00,1,-1.000,-1.00,-1.00,-1.00,-1.00,-1.00,31.80,62.00
1,1st scan,1997,1,backward,175,115,2848,0,1264,1688,-1.00,2848.00,1,-1.000,-1.00,-1.00,-2571.34,224.96,1203.62,31.80,62.00
1,1st scan,1998,1,backward,174,115,2863,0,2024,1640,-1.00,2863.00,1,-1.000,-1.00,-1.00,-2580.54,271.23,1209.96,31.80,62.00
1,1st scan,1999,1,backward,173,115,-1,2,776,1720,-1.00,-1.00,1,-1.000,-1.00,-1.00,-1.00,-1.00,-1.00,31.80,62.00
1,1st scan,2000,1,backward,172,115,2824,0,1600,1672,-1.00,2824.00,1,-1.000,-1.00,-1.00,-2534.51,356.20,1193.47,31.80,62.00
1,1st scan,2001,1,backward,171,115,-1,2,896,1712,-1.00,-1.00,1,-1.000,-1.00,-1.00,-1.00,-1.00,-1.00,31.80,62.00
1,1st scan,2002,1,backward,170,115,-1,2,624,1744,-1.00,-1.00,1,-1.000,-1.00,-1.00,-1.00,-1.00,-1.00,31.80,62.00
1,1st scan,2003,1,backward,169,115,-1,7,1560,1664,-1.00,-1.00,1,-1.000,-1.00,-1.00,-1.00,-1.00,-1.00,31.80,62.00
1,1st scan,2004,1,backward,168,115,3005,0,1480,1688,-1.00,3005.00,1,-1.000,-1.00,-1.00,-2663.94,566.24,1269.97,31.80,62.00
1,1st scan,2005,1,backward,167,115,3010,0,1520,1664,-1.00,3010.00,1,-1.000,-1.00,-1.00,-2658.07,613.66,1272.08,31.80,62.00
1,1st scan,2006,1,backward,166,115,-1,7,1448,1688,-1.00,-1.00,1,-1.000,-1.00,-1.00,-1.00,-1.00,-1.00,31.80,62.00
1,1st scan,2007,1,backward,165,115,3030,0,1624,1664,-1.00,3030.00,1,-1.000,-1.00,-1.00,-2652.54,710.75,1280.53,31.80,62.00
1,1st scan,2008,1,backward,164,115,3112,0,2000,1640,-1.00,3112.00,1,-1.000,-1.00,-1.00,-2711.17,777.42,1315.19,31.80,62.00
1,1st scan,2009,1,backward,163,115,-1,2,752,1728,-1.00,-1.00,1,-1.000,-1.00,-1.00,-1.00,-1.00,-1.00,31.80,62.00
1,1st scan,2010,1,backward,162,115,-1,2,968,1736,-1.00,-1.00,1,-1.000,-1.00,-1.00,-1.00,-1.00,-1.00,31.80,62.00
1,1st scan,2011,1,backward,161,115,3186,0,1448,1696,-1.00,3186.00,1,-1.000,-1.00,-1.00,-2730.18,940.08,1346.46,31.80,62.00
1,1st scan,2012,1,backward,160,115,-1,2,760,1744,-1.00,-1.00,1,-1.000,-1.00,-1.00,-1.00,-1.00,-1.00,31.80,62.00
1,1st scan,2013,1,backward,159,115,-1,7,1640,1672,-1.00,-1.00,1,-1.000,-1.00,-1.00,-1.00,-1.00,-1.00,31.80,62.00
1,1st scan,2014,1,backward,158,115,-1,2,376,1776,-1.00,-1.00,1,-1.000,-1.00,-1.00,-1.00,-1.00,-1.00,31.80,62.00
1,1st scan,2015,1,backward,157,115,-1,2,896,1760,-1.00,-1.00,1,-1.000,-1.00,-1.00,-1.00,-1.00,-1.00,31.80,62.00
1,1st scan,2016,1,backward,156,115,-1,7,1432,1696,-1.00,-1.00,1,-1.000,-1.00,-1.00,-1.00,-1.00,-1.00,31.80,62.00
1,1st scan,2017,1,backward,155,115,-1,2,872,1744,-1.00,-1.00,1,-1.000,-1.00,-1.00,-1.00,-1.00,-1.00,31.80,62.00
1,1st scan,2018,1,backward,154,115,-1,2,600,1776,-1.00,-1.00,1,-1.000,-1.00,-1.00,-1.00,-1.00,-1.00,31.80,62.00
1,1st scan,2019,1,backward,153,115,3141,0,1344,1696,-1.00,3141.00,1,-1.000,-1.00,-1.00,-2536.44,1292.38,1327.44,31.80,62.00
1,1st scan,2020,1,backward,152,115,-1,2,104,1800,-1.00,-1.00,1,-1.000,-1.00,-1.00,-1.00,-1.00,-1.00,31.80,62.00
1,1st scan,2021,1,backward,151,115,-1,7,1432,1696,-1.00,-1.00,1,-1.000,-1.00,-1.00,-1.00,-1.00,-1.00,31.80,62.00
1,1st scan,2022,1,backward,150,115,-1,2,1008,1736,-1.00,-1.00,1,-1.000,-1.00,-1.00,-1.00,-1.00,-1.00,31.80,62.00
1,1st scan,2023,1,backward,149,115,-1,2,744,1776,-1.00,-1.00,1,-1.000,-1.00,-1.00,-1.00,-1.00,-1.00,31.80,62.00
1,1st scan,2024,1,backward,148,115,-1,2,424,1792,-1.00,-1.00,1,-1.000,-1.00,-1.00,-1.00,-1.00,-1.00,31.80,62.00
1,1st scan,2025,1,backward,147,115,-1,2,856,1752,-1.00,-1.00,1,-1.000,-1.00,-1.00,-1.00,-1.00,-1.00,31.80,62.00
1,1st scan,2026,1,backward,146,115,3301,0,1896,1664,-1.00,3301.00,1,-1.000,-1.00,-1.00,-2480.25,1672.95,1395.06,31.80,62.00
1,1st scan,2027,1,backward,145,115,3418,0,1208,1744,-1.00,3418.00,1,-1.000,-1.00,-1.00,-2537.54,1776.80,1444.51,31.80,62.00
1,1st scan,2028,1,backward,144,115,-1,7,1776,1688,-1.00,-1.00,1,-1.000,-1.00,-1.00,-1.00,-1.00,-1.00,31.80,62.00
1,1st scan,2029,1,backward,143,115,-1,2,696,1808,-1.00,-1.00,1,-1.000,-1.00,-1.00,-1.00,-1.00,-1.00,31.80,62.00
1,1st scan,2030,1,backward,142,115,-1,2,736,1760,-1.00,-1.00,1,-1.000,-1.00,-1.00,-1.00,-1.00,-1.00,31.80,62.00
1,1st scan,2031,1,backward,141,115,3439,0,1352,1744,-1.00,3439.00,1,-1.000,-1.00,-1.00,-2422.20,1961.46,1453.38,31.80,62.00
1,1st scan,2032,1,backward,140,115,-1,7,1344,1736,-1.00,-1.00,1,-1.000,-1.00,-1.00,-1.00,-1.00,-1.00,31.80,62.00
1,1st scan,2033,1,backward,139,115,-1,2,544,1784,-1.00,-1.00,1,-1.000,-1.00,-1.00,-1.00,-1.00,-1.00,31.80,62.00
1,1st scan,2034,1,backward,138,115,-1,2,896,1816,-1.00,-1.00,1,-1.000,-1.00,-1.00,-1.00,-1.00,-1.00,31.80,62.00
1,1st scan,2035,1,backward,137,115,-1,2,976,1808,-1.00,-1.00,1,-1.000,-1.00,-1.00,-1.00,-1.00,-1.00,31.80,62.00
1,1st scan,2036,1,backward,136,115,-1,2,792,1824,-1.00,-1.00,1,-1.000,-1.00,-1.00,-1.00,-1.00,-1.00,31.80,62.00
1,1st scan,2037,1,backward,135,115,3470,0,1224,1760,-1.00,3470.00,1,-1.000,-1.00,-1.00,-2223.77,2223.77,1466.49,31.80,62.00
1,1st scan,2038,1,backward,134,115,-1,7,1576,1760,-1.00,-1.00,1,-1.000,-1.00,-1.00,-1.00,-1.00,-1.00,31.80,62.00
1,1st scan,2039,1,backward,133,115,3493,0,1168,1800,-1.00,3493.00,1,-1.000,-1.00,-1.00,-2159.02,2315.27,1476.21,31.80,62.00
1,1st scan,2040,1,backward,132,115,-1,2,920,1848,-1.00,-1.00,1,-1.000,-1.00,-1.00,-1.00,-1.00,-1.00,31.80,62.00
1,1st scan,2041,1,backward,131,115,-1,2,560,1872,-1.00,-1.00,1,-1.000,-1.00,-1.00,-1.00,-1.00,-1.00,31.80,62.00
1,1st scan,2042,1,backward,130,115,-1,7,1152,1832,-1.00,-1.00,1,-1.000,-1.00,-1.00,-1.00,-1.00,-1.00,31.80,62.00
1,1st scan,2043,1,backward,129,115,3374,0,1520,1832,-1.00,3374.00,1,-1.000,-1.00,-1.00,-1924.39,2376.42,1425.91,31.80,62.00
1,1st scan,2044,1,backward,128,115,-1,2,280,1904,-1.00,-1.00,1,-1.000,-1.00,-1.00,-1.00,-1.00,-1.00,31.80,62.00
1,1st scan,2045,1,backward,127,115,3489,0,1128,1872,-1.00,3489.00,1,-1.000,-1.00,-1.00,-1903.00,2525.37,1474.52,31.80,62.00
1,1st scan,2046,1,backward,126,115,-1,2,664,1904,-1.00,-1.00,1,-1.000,-1.00,-1.00,-1.00,-1.00,-1.00,31.80,62.00
1,1st scan,2047,1,backward,125,115,3470,0,1072,1880,-1.00,3470.00,1,-1.000,-1.00,-1.00,-1803.83,2576.14,1466.49,31.80,62.00
1,1st scan,2048,1,backward,124,115,3538,0,1704,1848,-1.00,3538.00,1,-1.000,-1.00,-1.00,-1793.06,2658.32,1495.22,31.80,62.00
1,1st scan,2049,1,backward,123,115,3492,0,1968,1808,-1.00,3492.00,1,-1.000,-1.00,-1.00,-1723.69,2654.25,1475.78,31.80,62.00
1,1st scan,2050,1,backward,122,115,3507,0,1880,1856,-1.00,3507.00,1,-1.000,-1.00,-1.00,-1684.31,2695.45,1482.12,31.80,62.00
1,1st scan,2051,1,backward,121,115,-1,2,1000,1928,-1.00,-1.00,1,-1.000,-1.00,-1.00,-1.00,-1.00,-1.00,31.80,62.00
1,1st scan,2052,1,backward,120,115,-1,2,680,1904,-1.00,-1.00,1,-1.000,-1.00,-1.00,-1.00,-1.00,-1.00,31.80,62.00
1,1st scan,2053,1,backward,119,115,-1,7,1032,1944,-1.00,-1.00,1,-1.000,-1.00,-1.00,-1.00,-1.00,-1.00,31.80,62.00
1,1st scan,2054,1,backward,118,115,3515,0,1856,1840,-1.00,3515.00,1,-1.000,-1.00,-1.00,-1495.58,2812.78,1485.50,31.80,62.00
1,1st scan,2055,1,backward,117,115,3295,0,1344,1912,-1.00,3295.00,1,-1.000,-1.00,-1.00,-1355.74,2660.80,1392.53,31.80,62.00
1,1st scan,2056,1,backward,116,115,-1,2,936,1960,-1.00,-1.00,1,-1.000,-1.00,-1.00,-1.00,-1.00,-1.00,31.80,62.00
1,1st scan,2057,1,backward,115,115,-1,7,1096,1928,-1.00,-1.00,1,-1.000,-1.00,-1.00,-1.00,-1.00,-1.00,31.80,62.00
1,1st scan,2058,1,backward,114,115,-1,2,984,1992,-1.00,-1.00,1,-1.000,-1.00,-1.00,-1.00,-1.00,-1.00,31.80,62.00
1,1st scan,2059,1,backward,113,115,3438,0,1144,1976,-1.00,3438.00,1,-1.000,-1.00,-1.00,-1217.47,2868.19,1452.96,31.80,62.00
1,1st scan,2060,1,backward,112,115,-1,2,240,1992,-1.00,-1.00,1,-1.000,-1.00,-1.00,-1.00,-1.00,-1.00,31.80,62.00
1,1st scan,2061,1,backward,111,115,3353,0,1872,1904,-1.00,3353.00,1,-1.000,-1.00,-1.00,-1089.03,2837.01,1417.04,31.80,62.00
1,1st scan,2062,1,backward,110,115,-1,2,1016,1984,-1.00,-1.00,1,-1.000,-1.00,-1.00,-1.00,-1.00,-1.00,31.80,62.00
1,1st scan,2063,1,backward,109,115,-1,2,848,1976,-1.00,-1.00,1,-1.000,-1.00,-1.00,-1.00,-1.00,-1.00,31.80,62.00
1,1st scan,2064,1,backward,108,115,3365,0,1928,1896,-1.00,3365.00,1,-1.000,-1.00,-1.00,-942.42,2900.46,1422.11,31.80,62.00
1,1st scan,2065,1,backward,107,115,3336,0,2128,1864,-1.00,3336.00,1,-1.000,-1.00,-1.00,-883.97,2891.33,1409.85,31.80,62.00
1,1st scan,2066,1,backward,106,115,-1,7,1720,1912,-1.00,-1.00,1,-1.000,-1.00,-1.00,-1.00,-1.00,-1.00,31.80,62.00
1,1st scan,2067,1,backward,105,115,3521,0,1304,1976,-1.00,3521.00,1,-1.000,-1.00,-1.00,-825.92,3082.38,1488.04,31.80,62.00
1,1st scan,2068,1,backward,104,115,-1,2,856,1976,-1.00,-1.00,1,-1.000,-1.00,-1.00,-1.00,-1.00,-1.00,31.80,62.00
1,1st scan,2069,1,backward,103,115,3324,0,1464,1960,-1.00,3324.00,1,-1.000,-1.00,-1.00,-677.68,2935.36,1404.78,31.80,62.00
1,1st scan,2070,1,backward,102,115,-1,2,1000,1992,-1.00,-1.00,1,-1.000,-1.00,-1.00,-1.00,-1.00,-1.00,31.80,62.00
1,1st scan,2071,1,backward,101,115,-1,7,1544,1952,-1.00,-1.00,1,-1.000,-1.00,-1.00,-1.00,-1.00,-1.00,31.80,62.00
1,1st scan,2072,1,backward,100,115,3317,0,1760,1944,-1.00,3317.00,1,-1.000,-1.00,-1.00,-522.03,2960.55,1401.82,31.80,62.00
1,1st scan,2073,1,backward,99,115,-1,7,1072,2032,-1.00,-1.00,1,-1.000,-1.00,-1.00,-1.00,-1.00,-1.00,31.80,62.00
1,1st scan,2074,1,backward,98,115,-1,2,952,2016,-1.00,-1.00,1,-1.000,-1.00,-1.00,-1.00,-1.00,-1.00,31.80,62.00
1,1st scan,2075,1,backward,97,115,3294,0,1888,1936,-1.00,3294.00,1,-1.000,-1.00,-1.00,-363.83,2963.13,1392.10,31.80,62.00
1,1st scan,2076,1,backward,96,115,3214,0,1440,1992,-1.00,3214.00,1,-1.000,-1.00,-1.00,-304.48,2896.92,1358.30,31.80,62.00
1,1st scan,2077,1,backward,95,115,-1,2,976,2000,-1.00,-1.00,1,-1.000,-1.00,-1.00,-1.00,-1.00,-1.00,31.80,62.00
1,1st scan,2078,1,backward,94,115,-1,2,560,2040,-1.00,-1.00,1,-1.000,-1.00,-1.00,-1.00,-1.00,-1.00,31.80,62.00
1,1st scan,2079,1,backward,93,115,-1,7,1792,1984,-1.00,-1.00,1,-1.000,-1.00,-1.00,-1.00,-1.00,-1.00,31.80,62.00
1,1st scan,2080,1,backward,92,115,3328,0,1632,2000,-1.00,3328.00,1,-1.000,-1.00,-1.00,-105.26,3014.35,1406.47,31.80,62.00
1,1st scan,2081,1,backward,91,115,-1,2,768,2048,-1.00,-1.00,1,-1.000,-1.00,-1.00,-1.00,-1.00,-1.00,31.80,62.00
1,1st scan,2082,1,backward,90,115,3287,0,1568,1984,-1.00,3287.00,1,-1.000,-1.00,-1.00,-0.00,2979.03,1389.15,31.80,62.00
1,1st scan,2083,1,backward,89,115,-1,2,800,2032,-1.00,-1.00,1,-1.000,-1.00,-1.00,-1.00,-1.00,-1.00,31.80,62.00
1,1st scan,2084,1,backward,88,115,3256,0,1536,1992,-1.00,3256.00,1,-1.000,-1.00,-1.00,102.99,2949.14,1376.05,31.80,62.00
1,1st scan,2085,1,backward,87,115,-1,2,576,2088,-1.00,-1.00,1,-1.000,-1.00,-1.00,-1.00,-1.00,-1.00,31.80,62.00
1,1st scan,2086,1,backward,86,115,-1,2,184,2104,-1.00,-1.00,1,-1.000,-1.00,-1.00,-1.00,-1.00,-1.00,31.80,62.00
1,1st scan,2087,1,backward,85,115,-1,7,2008,1960,-1.00,-1.00,1,-1.000,-1.00,-1.00,-1.00,-1.00,-1.00,31.80,62.00
1,1st scan,2088,1,backward,84,115,3319,0,2256,1936,-1.00,3319.00,1,-1.000,-1.00,-1.00,314.43,2991.56,1402.67,31.80,62.00
1,1st scan,2089,1,backward,83,115,-1,2,888,2072,-1.00,-1.00,1,-1.000,-1.00,-1.00,-1.00,-1.00,-1.00,31.80,62.00
1,1st scan,2090,1,backward,82,115,3198,0,1040,2080,-1.00,3198.00,1,-1.000,-1.00,-1.00,403.38,2870.17,1351.53,31.80,62.00
1,1st scan,2091,1,backward,81,115,-1,7,1296,2048,-1.00,-1.00,1,-1.000,-1.00,-1.00,-1.00,-1.00,-1.00,31.80,62.00
1,1st scan,2092,1,backward,80,115,3175,0,1776,1976,-1.00,3175.00,1,-1.000,-1.00,-1.00,499.68,2833.81,1341.81,31.80,62.00
1,1st scan,2093,1,backward,79,115,-1,2,424,2072,-1.00,-1.00,1,-1.000,-1.00,-1.00,-1.00,-1.00,-1.00,31.80,62.00
1,1st scan,2094,1,backward,78,115,3267,0,1936,1992,-1.00,3267.00,1,-1.000,-1.00,-1.00,615.61,2896.20,1380.69,31.80,62.00
1,1st scan,2095,1,backward,77,115,3282,0,1288,2048,-1.00,3282.00,1,-1.000,-1.00,-1.00,669.12,2898.27,1387.03,31.80,62.00
1,1st scan,2096,1,backward,76,115,-1,7,1608,2008,-1.00,-1.00,1,-1.000,-1.00,-1.00,-1.00,-1.00,-1.00,31.80,62.00
1,1st scan,2097,1,backward,75,115,-1,2,136,2128,-1.00,-1.00,1,-1.000,-1.00,-1.00,-1.00,-1.00,-1.00,31.80,62.00
1,1st scan,2098,1,backward,74,115,-1,7,2536,1952,-1.00,-1.00,1,-1.000,-1.00,-1.00,-1.00,-1.00,-1.00,31.80,62.00
1,1st scan,2099,1,backward,73,115,-1,2,368,2088,-1.00,-1.00,1,-1.000,-1.00,-1.00,-1.00,-1.00,-1.00,31.80,62.00
1,1st scan,2100,1,backward,72,115,3241,0,1048,2048,-1.00,3241.00,1,-1.000,-1.00,-1.00,907.69,2793.58,1369.71,31.80,62.00
1,1st scan,2101,1,backward,71,115,-1,2,320,2144,-1.00,-1.00,1,-1.000,-1.00,-1.00,-1.00,-1.00,-1.00,31.80,62.00
1,1st scan,2102,1,backward,70,115,3259,0,1952,1968,-1.00,3259.00,1,-1.000,-1.00,-1.00,1010.21,2775.53,1377.31,31.80,62.00
1,1st scan,2103,1,backward,69,115,3221,0,1352,2056,-1.00,3221.00,1,-1.000,-1.00,-1.00,1046.15,2725.32,1361.25,31.80,62.00
1,1st scan,2104,1,backward,68,115,3395,0,1336,2024,-1.00,3395.00,1,-1.000,-1.00,-1.00,1152.63,2852.87,1434.79,31.80,62.00
1,1st scan,2105,1,backward,67,115,-1,2,888,2072,-1.00,-1.00,1,-1.000,-1.00,-1.00,-1.00,-1.00,-1.00,31.80,62.00
1,1st scan,2106,1,backward,66,115,-1,2,760,2104,-1.00,-1.00,1,-1.000,-1.00,-1.00,-1.00,-1.00,-1.00,31.80,62.00
1,1st scan,2107,1,backward,65,115,3267,0,2152,1952,-1.00,3267.00,1,-1.000,-1.00,-1.00,1251.33,2683.49,1380.69,31.80,62.00
1,1st scan,2108,1,backward,64,115,-1,2,280,2120,-1.00,-1.00,1,-1.000,-1.00,-1.00,-1.00,-1.00,-1.00,31.80,62.00
1,1st scan,2109,1,backward,63,115,-1,2,936,2064,-1.00,-1.00,1,-1.000,-1.00,-1.00,-1.00,-1.00,-1.00,31.80,62.00
1,1st scan,2110,1,backward,62,115,-1,2,360,2072,-1.00,-1.00,1,-1.000,-1.00,-1.00,-1.00,-1.00,-1.00,31.80,62.00
1,1st scan,2111,1,backward,61,115,3318,0,1832,2016,-1.00,3318.00,1,-1.000,-1.00,-1.00,1457.89,2630.09,1402.25,31.80,62.00
1,1st scan,2112,1,backward,60,115,3266,0,1808,2016,-1.00,3266.00,1,-1.000,-1.00,-1.00,1480.00,2563.44,1380.27,31.80,62.00
1,1st scan,2113,1,backward,59,115,-1,2,640,2072,-1.00,-1.00,1,-1.000,-1.00,-1.00,-1.00,-1.00,-1.00,31.80,62.00
1,1st scan,2114,1,backward,58,115,3384,0,1752,2032,-1.00,3384.00,1,-1.000,-1.00,-1.00,1625.23,2600.92,1430.14,31.80,62.00
1,1st scan,2115,1,backward,57,115,3319,0,2016,2008,-1.00,3319.00,1,-1.000,-1.00,-1.00,1638.29,2522.75,1402.67,31.80,62.00
1,1st scan,2116,1,backward,56,115,3384,0,1704,2048,-1.00,3384.00,1,-1.000,-1.00,-1.00,1715.01,2542.61,1430.14,31.80,62.00
1,1st scan,2117,1,backward,55,115,3232,0,1120,2080,-1.00,3232.00,1,-1.000,-1.00,-1.00,1680.11,2399.45,1365.90,31.80,62.00
1,1st scan,2118,1,backward,54,115,-1,7,1800,1984,-1.00,-1.00,1,-1.000,-1.00,-1.00,-1.00,-1.00,-1.00,31.80,62.00
1,1st scan,2119,1,backward,53,115,-1,2,680,2072,-1.00,-1.00,1,-1.000,-1.00,-1.00,-1.00,-1.00,-1.00,31.80,62.00
1,1st scan,2120,1,backward,52,115,-1,2,624,2088,-1.00,-1.00,1,-1.000,-1.00,-1.00,-1.00,-1.00,-1.00,31.80,62.00
1,1st scan,2121,1,backward,51,115,-1,2,896,2048,-1.00,-1.00,1,-1.000,-1.00,-1.00,-1.00,-1.00,-1.00,31.80,62.00
1,1st scan,2122,1,backward,50,115,3433,0,1576,2040,-1.00,3433.00,1,-1.000,-1.00,-1.00,1999.94,2383.44,1450.85,31.80,62.00
1,1st scan,2123,1,backward,49,115,3166,0,1856,1984,-1.00,3166.00,1,-1.000,-1.00,-1.00,1882.48,2165.54,1338.01,31.80,62.00
1,1st scan,2124,1,backward,48,115,3350,0,1296,2048,-1.00,3350.00,1,-1.000,-1.00,-1.00,2031.57,2256.29,1415.77,31.80,62.00
1,1st scan,2125,1,backward,47,115,3401,0,2248,1984,-1.00,3401.00,1,-1.000,-1.00,-1.00,2102.16,2254.29,1437.32,31.80,62.00
1,1st scan,2126,1,backward,46,115,-1,7,1184,2064,-1.00,-1.00,1,-1.000,-1.00,-1.00,-1.00,-1.00,-1.00,31.80,62.00
1,1st scan,2127,1,backward,45,115,-1,2,1016,2064,-1.00,-1.00,1,-1.000,-1.00,-1.00,-1.00,-1.00,-1.00,31.80,62.00
1,1st scan,2128,1,backward,44,115,3624,0,1808,2024,-1.00,3624.00,1,-1.000,-1.00,-1.00,2362.64,2281.58,1531.57,31.80,62.00
1,1st scan,2129,1,backward,43,115,-1,7,1320,2088,-1.00,-1.00,1,-1.000,-1.00,-1.00,-1.00,-1.00,-1.00,31.80,62.00
1,1st scan,2130,1,backward,42,115,-1,7,1304,2048,-1.00,-1.00,1,-1.000,-1.00,-1.00,-1.00,-1.00,-1.00,31.80,62.00
1,1st scan,2131,1,backward,41,115,3343,0,1040,2088,-1.00,3343.00,1,-1.000,-1.00,-1.00,2286.61,1987.72,1412.81,31.80,62.00
1,1st scan,2132,1,backward,40,115,-1,2,720,2112,-1.00,-1.00,1,-1.000,-1.00,-1.00,-1.00,-1.00,-1.00,31.80,62.00
1,1st scan,2133,1,backward,39,115,3376,0,2024,2008,-1.00,3376.00,1,-1.000,-1.00,-1.00,2377.83,1925.53,1426.76,31.80,62.00
1,1st scan,2134,1,backward,38,115,-1,2,960,2096,-1.00,-1.00,1,-1.000,-1.00,-1.00,-1.00,-1.00,-1.00,31.80,62.00
1,1st scan,2135,1,backward,37,115,-1,7,1064,2088,-1.00,-1.00,1,-1.000,-1.00,-1.00,-1.00,-1.00,-1.00,31.80,62.00
1,1st scan,2136,1,backward,36,115,-1,2,480,2104,-1.00,-1.00,1,-1.000,-1.00,-1.00,-1.00,-1.00,-1.00,31.80,62.00
1,1st scan,2137,1,backward,35,115,-1,2,672,2080,-1.00,-1.00,1,-1.000,-1.00,-1.00,-1.00,-1.00,-1.00,31.80,62.00
1,1st scan,2138,1,backward,34,115,-1,2,1016,2112,-1.00,-1.00,1,-1.000,-1.00,-1.00,-1.00,-1.00,-1.00,31.80,62.00
1,1st scan,2139,1,backward,33,115,-1,2,608,2072,-1.00,-1.00,1,-1.000,-1.00,-1.00,-1.00,-1.00,-1.00,31.80,62.00
1,1st scan,2140,1,backward,32,115,-1,7,1056,2112,-1.00,-1.00,1,-1.000,-1.00,-1.00,-1.00,-1.00,-1.00,31.80,62.00
1,1st scan,2141,1,backward,31,115,3385,0,2208,2000,-1.00,3385.00,1,-1.000,-1.00,-1.00,2629.66,1580.06,1430.56,31.80,62.00
1,1st scan,2142,1,backward,30,115,-1,7,1320,2072,-1.00,-1.00,1,-1.000,-1.00,-1.00,-1.00,-1.00,-1.00,31.80,62.00
1,1st scan,2143,1,backward,29,115,-1,2,0,2136,-1.00,-1.00,1,-1.000,-1.00,-1.00,-1.00,-1.00,-1.00,31.80,62.00
1,1st scan,2144,1,backward,28,115,-1,7,1152,2064,-1.00,-1.00,1,-1.000,-1.00,-1.00,-1.00,-1.00,-1.00,31.80,62.00
1,1st scan,2145,1,backward,27,115,3491,0,1440,2040,-1.00,3491.00,1,-1.000,-1.00,-1.00,2819.07,1436.39,1475.36,31.80,62.00
1,1st scan,2146,1,backward,26,115,-1,7,1120,2064,-1.00,-1.00,1,-1.000,-1.00,-1.00,-1.00,-1.00,-1.00,31.80,62.00
1,1st scan,2147,1,backward,25,115,-1,7,1624,2032,-1.00,-1.00,1,-1.000,-1.00,-1.00,-1.00,-1.00,-1.00,31.80,62.00
1,1st scan,2148,1,backward,24,115,3507,0,1208,2048,-1.00,3507.00,1,-1.000,-1.00,-1.00,2903.63,1292.78,1482.12,31.80,62.00
1,1st scan,2149,1,backward,23,115,3516,0,2072,2040,-1.00,3516.00,1,-1.000,-1.00,-1.00,2933.26,1245.10,1485.93,31.80,62.00
1,1st scan,2150,1,backward,22,115,-1,7,1960,2008,-1.00,-1.00,1,-1.000,-1.00,-1.00,-1.00,-1.00,-1.00,31.80,62.00
1,1st scan,2151,1,backward,21,115,-1,2,280,2160,-1.00,-1.00,1,-1.000,-1.00,-1.00,-1.00,-1.00,-1.00,31.80,62.00
1,1st scan,2152,1,backward,20,115,-1,7,1424,2056,-1.00,-1.00,1,-1.000,-1.00,-1.00,-1.00,-1.00,-1.00,31.80,62.00
1,1st scan,2153,1,backward,19,115,-1,7,2256,1992,-1.00,-1.00,1,-1.000,-1.00,-1.00,-1.00,-1.00,-1.00,31.80,62.00
1,1st scan,2154,1,backward,18,115,-1,7,1136,2072,-1.00,-1.00,1,-1.000,-1.00,-1.00,-1.00,-1.00,-1.00,31.80,62.00
1,1st scan,2155,1,backward,17,115,3608,0,2232,1984,-1.00,3608.00,1,-1.000,-1.00,-1.00,3127.08,956.04,1524.81,31.80,62.00
1,1st scan,2156,1,backward,16,115,-1,2,512,2120,-1.00,-1.00,1,-1.000,-1.00,-1.00,-1.00,-1.00,-1.00,31.80,62.00
1,1st scan,2157,1,backward,15,115,-1,2,296,2144,-1.00,-1.00,1,-1.000,-1.00,-1.00,-1.00,-1.00,-1.00,31.80,62.00
1,1st scan,2158,1,backward,14,115,3419,0,1168,2088,-1.00,3419.00,1,-1.000,-1.00,-1.00,3006.62,749.64,1444.93,31.80,62.00
1,1st scan,2159,1,backward,13,115,-1,2,608,2112,-1.00,-1.00,1,-1.000,-1.00,-1.00,-1.00,-1.00,-1.00,31.80,62.00
1,1st scan,2160,1,backward,12,115,-1,2,1008,2112,-1.00,-1.00,1,-1.000,-1.00,-1.00,-1.00,-1.00,-1.00,31.80,62.00
1,1st scan,2161,1,backward,11,115,-1,7,1344,2088,-1.00,-1.00,1,-1.000,-1.00,-1.00,-1.00,-1.00,-1.00,31.80,62.00
1,1st scan,2162,1,backward,10,115,-1,2,888,2120,-1.00,-1.00,1,-1.000,-1.00,-1.00,-1.00,-1.00,-1.00,31.80,62.00
1,1st scan,2163,1,backward,9,115,3493,0,1072,2096,-1.00,3493.00,1,-1.000,-1.00,-1.00,3126.76,495.23,1476.21,31.80,62.00
1,1st scan,2164,1,backward,8,115,-1,7,1776,2048,-1.00,-1.00,1,-1.000,-1.00,-1.00,-1.00,-1.00,-1.00,31.80,62.00
1,1st scan,2165,1,backward,7,115,-1,2,0,2224,-1.00,-1.00,1,-1.000,-1.00,-1.00,-1.00,-1.00,-1.00,31.80,62.00
1,1st scan,2166,1,backward,6,115,-1,7,1856,2080,-1.00,-1.00,1,-1.000,-1.00,-1.00,-1.00,-1.00,-1.00,31.80,62.00
1,1st scan,2167,1,backward,5,115,-1,2,360,2168,-1.00,-1.00,1,-1.000,-1.00,-1.00,-1.00,-1.00,-1.00,31.80,62.00
1,1st scan,2168,1,backward,4,115,-1,2,784,2136,-1.00,-1.00,1,-1.000,-1.00,-1.00,-1.00,-1.00,-1.00,31.80,62.00
1,1st scan,2169,1,backward,3,115,-1,7,1728,2056,-1.00,-1.00,1,-1.000,-1.00,-1.00,-1.00,-1.00,-1.00,31.80,62.00
1,1st scan,2170,1,backward,2,115,-1,7,1544,2112,-1.00,-1.00,1,-1.000,-1.00,-1.00,-1.00,-1.00,-1.00,31.80,62.00
1,1st scan,2171,1,backward,1,115,-1,2,496,2160,-1.00,-1.00,1,-1.000,-1.00,-1.00,-1.00,-1.00,-1.00,31.80,62.00
1,1st scan,2172,1,backward,0,115,-1,2,912,2168,-1.00,-1.00,1,-1.000,-1.00,-1.00,-1.00,-1.00,-1.00,31.80,62.00
ets Jul 29 2019 12:21:46
rst:0x1 (POWERON_RESET),boot:0x17 (SPI_FAST_FLASH_BOOT)
configsip: 0, SPIWP:0xee
clk_drv:0x00,q_drv:0x00,d_drv:0x00,cs0_drv:0x00,hd_drv:0x00,wp_drv:0x00
mode:DIO, clock div:2
load:0x3fff0030,len:1184
load:0x40078000,len:13232
load:0x40080400,len:3028
entry 0x400805e4
E (3043) gpio: gpio_set_level(227): GPIO output gpio_num error
E (3054) gpio: gpio_set_level(227): GPIO output gpio_num error
INA219 FAILED! Continuing without power logging.
--- SYSTEM READY ---
Send a condition label via Serial to start a scan...
