session_id,condition_label,point_index,repeat_index,scan_direction,pan_deg,tilt_deg,tof_mm,range_status,signal_rate_kcps,ambient_rate_kcps,sigma_mm,corrected_mm,inference_us,ina_bus_V,ina_current_mA,ina_power_mW,x,y,z,env_temp_C,humidity_pct
CMD pan=0 tilt=170
1,unlabeled,1,1,forward,0,170,2188,0,3128,1728,-1.00,2188.00,0,-1.000,-1.00,-1.00,379.94,0.00,2154.76,31.40,67.00
1,unlabeled,2,2,forward,0,170,2147,0,2792,1784,-1.00,2147.00,0,-1.000,-1.00,-1.00,372.82,0.00,2114.38,31.40,67.00
1,unlabeled,3,3,forward,0,170,2165,0,2720,1824,-1.00,2165.00,0,-1.000,-1.00,-1.00,375.95,0.00,2132.11,31.40,67.00
1,unlabeled,4,4,forward,0,170,2148,0,3736,1760,-1.00,2148.00,0,-1.000,-1.00,-1.00,373.00,0.00,2115.37,31.40,67.00
1,unlabeled,5,5,forward,0,170,2199,0,2608,1824,-1.00,2199.00,0,-1.000,-1.00,-1.00,381.85,0.00,2165.59,31.40,67.00
CMD pan=1 tilt=170
1,unlabeled,6,1,forward,1,170,2200,0,3072,1800,-1.00,2200.00,1,-1.000,-1.00,-1.00,381.97,6.67,2166.58,31.40,67.00
1,unlabeled,7,2,forward,1,170,2190,0,2472,1864,-1.00,2190.00,0,-1.000,-1.00,-1.00,380.23,6.64,2156.73,31.40,67.00
1,unlabeled,8,3,forward,1,170,2215,0,2600,1872,-1.00,2215.00,0,-1.000,-1.00,-1.00,384.57,6.71,2181.35,31.40,67.00
1,unlabeled,9,4,forward,1,170,2182,0,3272,1784,-1.00,2182.00,0,-1.000,-1.00,-1.00,378.84,6.61,2148.85,31.40,67.00
1,unlabeled,10,5,forward,1,170,2182,0,3128,1824,-1.00,2182.00,0,-1.000,-1.00,-1.00,378.84,6.61,2148.85,31.40,67.00
CMD pan=2 tilt=170
1,unlabeled,11,1,forward,2,170,2161,0,3160,1808,-1.00,2161.00,1,-1.000,-1.00,-1.00,375.03,13.10,2128.17,31.40,67.00
1,unlabeled,12,2,forward,2,170,2162,0,2632,1872,-1.00,2162.00,0,-1.000,-1.00,-1.00,375.20,13.10,2129.15,31.40,67.00
1,unlabeled,13,3,forward,2,170,2145,0,3504,1792,-1.00,2145.00,0,-1.000,-1.00,-1.00,372.25,13.00,2112.41,31.40,67.00
1,unlabeled,14,4,forward,2,170,2129,0,4056,1784,-1.00,2129.00,0,-1.000,-1.00,-1.00,369.47,12.90,2096.66,31.40,67.00
1,unlabeled,15,5,forward,2,170,2134,0,3672,1792,-1.00,2134.00,0,-1.000,-1.00,-1.00,370.34,12.93,2101.58,31.40,67.00
CMD pan=3 tilt=170
1,unlabeled,16,1,forward,3,170,2125,0,3440,1792,-1.00,2125.00,1,-1.000,-1.00,-1.00,368.50,19.31,2092.72,31.40,67.00
1,unlabeled,17,2,forward,3,170,2144,0,2856,1840,-1.00,2144.00,0,-1.000,-1.00,-1.00,371.79,19.48,2111.43,31.40,67.00
1,unlabeled,18,3,forward,3,170,2145,0,4000,1744,-1.00,2145.00,0,-1.000,-1.00,-1.00,371.96,19.49,2112.41,31.40,67.00
1,unlabeled,19,4,forward,3,170,2150,0,3088,1832,-1.00,2150.00,0,-1.000,-1.00,-1.00,372.83,19.54,2117.34,31.40,67.00
1,unlabeled,20,5,forward,3,170,2147,0,2824,1840,-1.00,2147.00,0,-1.000,-1.00,-1.00,372.31,19.51,2114.38,31.40,67.00
CMD pan=4 tilt=170
1,unlabeled,21,1,forward,4,170,2133,0,3480,1784,-1.00,2133.00,1,-1.000,-1.00,-1.00,369.49,25.84,2100.59,31.40,67.00
1,unlabeled,22,2,forward,4,170,2130,0,2912,1840,-1.00,2130.00,0,-1.000,-1.00,-1.00,368.97,25.80,2097.64,31.40,67.00
1,unlabeled,23,3,forward,4,170,2148,0,2776,1856,-1.00,2148.00,0,-1.000,-1.00,-1.00,372.09,26.02,2115.37,31.40,67.00
1,unlabeled,24,4,forward,4,170,2155,0,2448,1872,-1.00,2155.00,0,-1.000,-1.00,-1.00,373.30,26.10,2122.26,31.40,67.00
1,unlabeled,25,5,forward,4,170,2139,0,3360,1800,-1.00,2139.00,0,-1.000,-1.00,-1.00,370.53,25.91,2106.50,31.40,67.00
CMD pan=5 tilt=170
1,unlabeled,26,1,forward,5,170,2155,0,2016,1912,-1.00,2155.00,1,-1.000,-1.00,-1.00,372.79,32.61,2122.26,31.40,67.00
1,unlabeled,27,2,forward,5,170,2157,0,3152,1816,-1.00,2157.00,0,-1.000,-1.00,-1.00,373.13,32.64,2124.23,31.40,67.00
1,unlabeled,28,3,forward,5,170,2130,0,3360,1816,-1.00,2130.00,0,-1.000,-1.00,-1.00,368.46,32.24,2097.64,31.40,67.00
1,unlabeled,29,4,forward,5,170,2121,0,3520,1848,-1.00,2121.00,0,-1.000,-1.00,-1.00,366.91,32.10,2088.78,31.40,67.00
1,unlabeled,30,5,forward,5,170,2128,0,3280,1784,-1.00,2128.00,0,-1.000,-1.00,-1.00,368.12,32.21,2095.67,31.40,67.00
CMD pan=6 tilt=170
1,unlabeled,31,1,forward,6,170,2142,0,3168,1696,-1.00,2142.00,1,-1.000,-1.00,-1.00,369.92,38.88,2109.46,31.40,67.00
1,unlabeled,32,2,forward,6,170,2257,0,3056,1672,-1.00,2257.00,0,-1.000,-1.00,-1.00,389.78,40.97,2222.71,31.40,67.00
1,unlabeled,33,3,forward,6,170,2386,0,2184,1712,-1.00,2386.00,0,-1.000,-1.00,-1.00,412.05,43.31,2349.75,31.40,67.00
1,unlabeled,34,4,forward,6,170,135,0,56768,1544,-1.00,135.00,0,-1.000,-1.00,-1.00,23.31,2.45,132.95,31.40,67.00
1,unlabeled,35,5,forward,6,170,100,0,19296,104,-1.00,100.00,0,-1.000,-1.00,-1.00,17.27,1.82,98.48,31.40,67.00
CMD pan=7 tilt=170
1,unlabeled,36,1,forward,7,170,126,0,18216,96,-1.00,126.00,1,-1.000,-1.00,-1.00,21.72,2.67,124.09,31.40,67.00
1,unlabeled,37,2,forward,7,170,130,0,18928,48,-1.00,130.00,0,-1.000,-1.00,-1.00,22.41,2.75,128.03,31.40,67.00
1,unlabeled,38,3,forward,7,170,119,0,11256,56,-1.00,119.00,0,-1.000,-1.00,-1.00,20.51,2.52,117.19,31.40,67.00
1,unlabeled,39,4,forward,7,170,87,0,16512,48,-1.00,87.00,0,-1.000,-1.00,-1.00,14.99,1.84,85.68,31.40,67.00
1,unlabeled,40,5,forward,7,170,66,0,19984,48,-1.00,66.00,0,-1.000,-1.00,-1.00,11.38,1.40,65.00,31.40,67.00
CMD pan=8 tilt=170
1,unlabeled,41,1,forward,8,170,65,0,12272,48,-1.00,65.00,1,-1.000,-1.00,-1.00,11.18,1.57,64.01,31.40,67.00
1,unlabeled,42,2,forward,8,170,94,0,16208,240,-1.00,94.00,0,-1.000,-1.00,-1.00,16.16,2.27,92.57,31.40,67.00
1,unlabeled,43,3,forward,8,170,80,0,23024,104,-1.00,80.00,0,-1.000,-1.00,-1.00,13.76,1.93,78.78,31.40,67.00
1,unlabeled,44,4,forward,8,170,75,0,13248,56,-1.00,75.00,0,-1.000,-1.00,-1.00,12.90,1.81,73.86,31.40,67.00
1,unlabeled,45,5,forward,8,170,86,0,12000,128,-1.00,86.00,0,-1.000,-1.00,-1.00,14.79,2.08,84.69,31.40,67.00
CMD pan=9 tilt=170
1,unlabeled,46,1,forward,9,170,127,0,17096,1224,-1.00,127.00,1,-1.000,-1.00,-1.00,21.78,3.45,125.07,31.40,67.00
1,unlabeled,47,2,forward,9,170,183,0,8808,1264,-1.00,183.00,0,-1.000,-1.00,-1.00,31.39,4.97,180.22,31.40,67.00
1,unlabeled,48,3,forward,9,170,122,0,20656,1168,-1.00,122.00,0,-1.000,-1.00,-1.00,20.92,3.31,120.15,31.40,67.00
1,unlabeled,49,4,forward,9,170,120,0,20880,760,-1.00,120.00,0,-1.000,-1.00,-1.00,20.58,3.26,118.18,31.40,67.00
1,unlabeled,50,5,forward,9,170,121,0,15104,656,-1.00,121.00,0,-1.000,-1.00,-1.00,20.75,3.29,119.16,31.40,67.00
CMD pan=10 tilt=170
1,unlabeled,51,1,forward,10,170,123,0,29456,864,-1.00,123.00,1,-1.000,-1.00,-1.00,21.03,3.71,121.13,31.40,67.00
1,unlabeled,52,2,forward,10,170,100,0,21376,136,-1.00,100.00,0,-1.000,-1.00,-1.00,17.10,3.02,98.48,31.40,67.00
1,unlabeled,53,3,forward,10,170,91,0,14912,56,-1.00,91.00,0,-1.000,-1.00,-1.00,15.56,2.74,89.62,31.40,67.00
1,unlabeled,54,4,forward,10,170,85,0,19616,48,-1.00,85.00,0,-1.000,-1.00,-1.00,14.54,2.56,83.71,31.40,67.00
1,unlabeled,55,5,forward,10,170,102,0,14904,48,-1.00,102.00,0,-1.000,-1.00,-1.00,17.44,3.08,100.45,31.40,67.00
CMD pan=11 tilt=170
1,unlabeled,56,1,forward,11,170,124,0,10912,48,-1.00,124.00,1,-1.000,-1.00,-1.00,21.14,4.11,122.12,31.40,67.00
1,unlabeled,57,2,forward,11,170,140,0,20760,56,-1.00,140.00,0,-1.000,-1.00,-1.00,23.86,4.64,137.87,31.40,67.00
1,unlabeled,58,3,forward,11,170,126,0,20024,64,-1.00,126.00,0,-1.000,-1.00,-1.00,21.48,4.17,124.09,31.40,67.00
1,unlabeled,59,4,forward,11,170,117,0,19256,96,-1.00,117.00,0,-1.000,-1.00,-1.00,19.94,3.88,115.22,31.40,67.00
1,unlabeled,60,5,forward,11,170,108,0,17960,112,-1.00,108.00,0,-1.000,-1.00,-1.00,18.41,3.58,106.36,31.40,67.00
CMD pan=12 tilt=170
1,unlabeled,61,1,forward,12,170,113,0,13864,144,-1.00,113.00,1,-1.000,-1.00,-1.00,19.19,4.08,111.28,31.40,67.00
1,unlabeled,62,2,forward,12,170,98,0,17616,232,-1.00,98.00,0,-1.000,-1.00,-1.00,16.65,3.54,96.51,31.40,67.00
1,unlabeled,63,3,forward,12,170,-1,7,1768,1560,-1.00,-1.00,1,-1.000,-1.00,-1.00,-1.00,-1.00,-1.00,31.40,67.00
1,unlabeled,64,4,forward,12,170,2003,0,2392,1488,-1.00,2003.00,0,-1.000,-1.00,-1.00,340.22,72.32,1972.57,31.40,67.00
1,unlabeled,65,5,forward,12,170,1989,0,1696,1576,-1.00,1989.00,0,-1.000,-1.00,-1.00,337.84,71.81,1958.78,31.40,67.00
CMD pan=13 tilt=170
1,unlabeled,66,1,forward,13,170,2031,0,1848,1576,-1.00,2031.00,1,-1.000,-1.00,-1.00,343.64,79.34,2000.14,31.40,67.00
1,unlabeled,67,2,forward,13,170,1984,0,1648,1568,-1.00,1984.00,0,-1.000,-1.00,-1.00,335.69,77.50,1953.86,31.40,67.00
1,unlabeled,68,3,forward,13,170,2073,0,2136,1536,-1.00,2073.00,0,-1.000,-1.00,-1.00,350.75,80.98,2041.51,31.40,67.00
1,unlabeled,69,4,forward,13,170,2039,0,1432,1584,-1.00,2039.00,0,-1.000,-1.00,-1.00,344.99,79.65,2008.02,31.40,67.00
1,unlabeled,70,5,forward,13,170,2087,0,1776,1560,-1.00,2087.00,0,-1.000,-1.00,-1.00,353.12,81.52,2055.29,31.40,67.00
CMD pan=14 tilt=170
1,unlabeled,71,1,forward,14,170,2081,0,2040,1536,-1.00,2081.00,1,-1.000,-1.00,-1.00,350.63,87.42,2049.38,31.40,67.00
1,unlabeled,72,2,forward,14,170,2015,0,1944,1552,-1.00,2015.00,0,-1.000,-1.00,-1.00,339.51,84.65,1984.39,31.40,67.00
1,unlabeled,73,3,forward,14,170,2083,0,1472,1576,-1.00,2083.00,0,-1.000,-1.00,-1.00,350.96,87.51,2051.35,31.40,67.00
1,unlabeled,74,4,forward,14,170,-1,2,728,1648,-1.00,-1.00,0,-1.000,-1.00,-1.00,-1.00,-1.00,-1.00,31.40,67.00
1,unlabeled,75,5,forward,14,170,2073,0,2440,1504,-1.00,2073.00,0,-1.000,-1.00,-1.00,349.28,87.09,2041.51,31.40,67.00
CMD pan=15 tilt=170
1,unlabeled,76,1,forward,15,170,2075,0,1376,1600,-1.00,2075.00,1,-1.000,-1.00,-1.00,348.04,93.26,2043.48,31.40,67.00
1,unlabeled,77,2,forward,15,170,-1,2,984,1640,-1.00,-1.00,0,-1.000,-1.00,-1.00,-1.00,-1.00,-1.00,31.40,67.00
1,unlabeled,78,3,forward,15,170,-1,2,904,1624,-1.00,-1.00,0,-1.000,-1.00,-1.00,-1.00,-1.00,-1.00,31.40,67.00
1,unlabeled,79,4,forward,15,170,-1,255,0,0,-1.00,-1.00,0,-1.000,-1.00,-1.00,-1.00,-1.00,-1.00,31.40,67.00
1,unlabeled,80,5,forward,15,170,2086,0,2296,1512,-1.00,2086.00,0,-1.000,-1.00,-1.00,349.89,93.75,2054.31,31.40,67.00
CMD pan=16 tilt=170
1,unlabeled,81,1,forward,16,170,2097,0,1984,1552,-1.00,2097.00,1,-1.000,-1.00,-1.00,350.03,100.37,2065.14,31.40,67.00
1,unlabeled,82,2,forward,16,170,2140,0,2120,1536,-1.00,2140.00,0,-1.000,-1.00,-1.00,357.21,102.43,2107.49,31.40,67.00
1,unlabeled,83,3,forward,16,170,2097,0,1336,1584,-1.00,2097.00,0,-1.000,-1.00,-1.00,350.03,100.37,2065.14,31.40,67.00
1,unlabeled,84,4,forward,16,170,2068,0,2432,1472,-1.00,2068.00,0,-1.000,-1.00,-1.00,345.19,98.98,2036.58,31.40,67.00
1,unlabeled,85,5,forward,16,170,2122,0,2144,1512,-1.00,2122.00,0,-1.000,-1.00,-1.00,354.21,101.57,2089.76,31.40,67.00
CMD pan=17 tilt=170
1,unlabeled,86,1,forward,17,170,2110,0,1992,1528,-1.00,2110.00,1,-1.000,-1.00,-1.00,350.39,107.12,2077.94,31.40,67.00
1,unlabeled,87,2,forward,17,170,2060,0,1944,1536,-1.00,2060.00,0,-1.000,-1.00,-1.00,342.08,104.59,2028.70,31.40,67.00
1,unlabeled,88,3,forward,17,170,2125,0,2056,1504,-1.00,2125.00,0,-1.000,-1.00,-1.00,352.88,107.89,2092.72,31.40,67.00
1,unlabeled,89,4,forward,17,170,2092,0,1208,1608,-1.00,2092.00,0,-1.000,-1.00,-1.00,347.40,106.21,2060.22,31.40,67.00
1,unlabeled,90,5,forward,17,170,2115,0,1552,1568,-1.00,2115.00,0,-1.000,-1.00,-1.00,351.22,107.38,2082.87,31.40,67.00
CMD pan=18 tilt=170
1,unlabeled,91,1,forward,18,170,2100,0,1536,1568,-1.00,2100.00,1,-1.000,-1.00,-1.00,346.81,112.69,2068.10,31.40,67.00
1,unlabeled,92,2,forward,18,170,2077,0,2016,1536,-1.00,2077.00,0,-1.000,-1.00,-1.00,343.02,111.45,2045.45,31.40,67.00
1,unlabeled,93,3,forward,18,170,2105,0,2288,1488,-1.00,2105.00,0,-1.000,-1.00,-1.00,347.64,112.95,2073.02,31.40,67.00
1,unlabeled,94,4,forward,18,170,2148,0,2144,1528,-1.00,2148.00,0,-1.000,-1.00,-1.00,354.74,115.26,2115.37,31.40,67.00
1,unlabeled,95,5,forward,18,170,2065,0,1512,1552,-1.00,2065.00,0,-1.000,-1.00,-1.00,341.03,110.81,2033.63,31.40,67.00
CMD pan=19 tilt=170
1,unlabeled,96,1,forward,19,170,2174,0,1144,1608,-1.00,2174.00,1,-1.000,-1.00,-1.00,356.94,122.91,2140.97,31.40,67.00
1,unlabeled,97,2,forward,19,170,2110,0,1688,1552,-1.00,2110.00,0,-1.000,-1.00,-1.00,346.44,119.29,2077.94,31.40,67.00
1,unlabeled,98,3,forward,19,170,2153,0,1776,1552,-1.00,2153.00,0,-1.000,-1.00,-1.00,353.50,121.72,2120.29,31.40,67.00
1,unlabeled,99,4,forward,19,170,2175,0,1760,1544,-1.00,2175.00,0,-1.000,-1.00,-1.00,357.11,122.96,2141.96,31.40,67.00
1,unlabeled,100,5,forward,19,170,2117,0,2032,1536,-1.00,2117.00,0,-1.000,-1.00,-1.00,347.59,119.68,2084.84,31.40,67.00
CMD pan=20 tilt=170
1,unlabeled,101,1,forward,20,170,2120,0,1408,1584,-1.00,2120.00,1,-1.000,-1.00,-1.00,345.93,125.91,2087.79,31.40,67.00
1,unlabeled,102,2,forward,20,170,2187,0,1680,1552,-1.00,2187.00,0,-1.000,-1.00,-1.00,356.87,129.89,2153.77,31.40,67.00
1,unlabeled,103,3,forward,20,170,-1,2,840,1632,-1.00,-1.00,0,-1.000,-1.00,-1.00,-1.00,-1.00,-1.00,31.40,67.00
1,unlabeled,104,4,forward,20,170,2209,0,1888,1536,-1.00,2209.00,0,-1.000,-1.00,-1.00,360.46,131.20,2175.44,31.40,67.00
1,unlabeled,105,5,forward,20,170,2184,0,1560,1560,-1.00,2184.00,0,-1.000,-1.00,-1.00,356.38,129.71,2150.82,31.40,67.00
CMD pan=21 tilt=170
1,unlabeled,106,1,forward,21,170,2187,0,1472,1568,-1.00,2187.00,1,-1.000,-1.00,-1.00,354.54,136.10,2153.77,31.40,67.00
1,unlabeled,107,2,forward,21,170,2134,0,1568,1552,-1.00,2134.00,0,-1.000,-1.00,-1.00,345.95,132.80,2101.58,31.40,67.00
1,unlabeled,108,3,forward,21,170,2150,0,1664,1576,-1.00,2150.00,0,-1.000,-1.00,-1.00,348.55,133.79,2117.34,31.40,67.00
1,unlabeled,109,4,forward,21,170,2177,0,1592,1560,-1.00,2177.00,0,-1.000,-1.00,-1.00,352.92,135.47,2143.93,31.40,67.00
1,unlabeled,110,5,forward,21,170,2146,0,1752,1560,-1.00,2146.00,0,-1.000,-1.00,-1.00,347.90,133.55,2113.40,31.40,67.00
CMD pan=22 tilt=170
1,unlabeled,111,1,forward,22,170,2225,0,1096,1608,-1.00,2225.00,1,-1.000,-1.00,-1.00,358.23,144.74,2191.20,31.40,67.00
1,unlabeled,112,2,forward,22,170,2217,0,1056,1592,-1.00,2217.00,0,-1.000,-1.00,-1.00,356.95,144.22,2183.32,31.40,67.00
1,unlabeled,113,3,forward,22,170,2214,0,1552,1552,-1.00,2214.00,0,-1.000,-1.00,-1.00,356.46,144.02,2180.36,31.40,67.00
1,unlabeled,114,4,forward,22,170,2235,0,1696,1536,-1.00,2235.00,0,-1.000,-1.00,-1.00,359.84,145.39,2201.05,31.40,67.00
1,unlabeled,115,5,forward,22,170,2047,0,1336,1560,-1.00,2047.00,0,-1.000,-1.00,-1.00,329.57,133.16,2015.90,31.40,67.00
CMD pan=23 tilt=170
1,unlabeled,116,1,forward,23,170,2144,0,1584,1552,-1.00,2144.00,1,-1.000,-1.00,-1.00,342.71,145.47,2111.43,31.40,67.00
1,unlabeled,117,2,forward,23,170,2169,0,1888,1536,-1.00,2169.00,0,-1.000,-1.00,-1.00,346.70,147.17,2136.05,31.40,67.00
1,unlabeled,118,3,forward,23,170,2170,0,1632,1552,-1.00,2170.00,0,-1.000,-1.00,-1.00,346.86,147.23,2137.03,31.40,67.00
1,unlabeled,119,4,forward,23,170,2224,0,1160,1592,-1.00,2224.00,0,-1.000,-1.00,-1.00,355.49,150.90,2190.21,31.40,67.00
1,unlabeled,120,5,forward,23,170,2203,0,1344,1568,-1.00,2203.00,0,-1.000,-1.00,-1.00,352.14,149.47,2169.53,31.40,67.00
CMD pan=24 tilt=170
1,unlabeled,121,1,forward,24,170,-1,2,872,1584,-1.00,-1.00,0,-1.000,-1.00,-1.00,-1.00,-1.00,-1.00,31.40,67.00
1,unlabeled,122,2,forward,24,170,-1,2,648,1624,-1.00,-1.00,0,-1.000,-1.00,-1.00,-1.00,-1.00,-1.00,31.40,67.00
1,unlabeled,123,3,forward,24,170,-1,255,0,0,-1.00,-1.00,0,-1.000,-1.00,-1.00,-1.00,-1.00,-1.00,31.40,67.00
1,unlabeled,124,4,forward,24,170,2267,0,1504,1552,-1.00,2267.00,0,-1.000,-1.00,-1.00,359.63,160.12,2232.56,31.40,67.00
1,unlabeled,125,5,forward,24,170,2229,0,1456,1536,-1.00,2229.00,0,-1.000,-1.00,-1.00,353.60,157.43,2195.14,31.40,67.00
CMD pan=25 tilt=170
1,unlabeled,126,1,forward,25,170,-1,2,1016,1584,-1.00,-1.00,0,-1.000,-1.00,-1.00,-1.00,-1.00,-1.00,31.40,67.00
1,unlabeled,127,2,forward,25,170,2396,0,1296,1584,-1.00,2396.00,0,-1.000,-1.00,-1.00,377.08,175.84,2359.60,31.40,67.00
1,unlabeled,128,3,forward,25,170,2476,0,1704,1560,-1.00,2476.00,0,-1.000,-1.00,-1.00,389.67,181.71,2438.38,31.40,67.00
1,unlabeled,129,4,forward,25,170,2520,0,1912,1512,-1.00,2520.00,0,-1.000,-1.00,-1.00,396.59,184.94,2481.72,31.40,67.00
1,unlabeled,130,5,forward,25,170,2419,0,1496,1568,-1.00,2419.00,0,-1.000,-1.00,-1.00,380.70,177.52,2382.25,31.40,67.00
CMD pan=26 tilt=170
1,unlabeled,131,1,forward,26,170,2574,0,1984,1528,-1.00,2574.00,1,-1.000,-1.00,-1.00,401.73,195.94,2534.90,31.40,67.00
1,unlabeled,132,2,forward,26,170,2501,0,1232,1568,-1.00,2501.00,0,-1.000,-1.00,-1.00,390.34,190.38,2463.00,31.40,67.00
1,unlabeled,133,3,forward,26,170,2438,0,1184,1616,-1.00,2438.00,0,-1.000,-1.00,-1.00,380.51,185.59,2400.96,31.40,67.00
1,unlabeled,134,4,forward,26,170,2487,0,1384,1600,-1.00,2487.00,0,-1.000,-1.00,-1.00,388.16,189.32,2449.22,31.40,67.00
1,unlabeled,135,5,forward,26,170,2471,0,1816,1576,-1.00,2471.00,0,-1.000,-1.00,-1.00,385.66,188.10,2433.46,31.40,67.00
CMD pan=27 tilt=170
1,unlabeled,136,1,forward,27,170,-1,2,960,1672,-1.00,-1.00,0,-1.000,-1.00,-1.00,-1.00,-1.00,-1.00,31.40,67.00
1,unlabeled,137,2,forward,27,170,2590,0,1224,1640,-1.00,2590.00,0,-1.000,-1.00,-1.00,400.73,204.18,2550.65,31.40,67.00
1,unlabeled,138,3,forward,27,170,2517,0,1256,1632,-1.00,2517.00,0,-1.000,-1.00,-1.00,389.43,198.43,2478.76,31.40,67.00
1,unlabeled,139,4,forward,27,170,2515,0,1480,1664,-1.00,2515.00,0,-1.000,-1.00,-1.00,389.13,198.27,2476.79,31.40,67.00
1,unlabeled,140,5,forward,27,170,2496,0,1080,1664,-1.00,2496.00,0,-1.000,-1.00,-1.00,386.19,196.77,2458.08,31.40,67.00
CMD pan=28 tilt=170
1,unlabeled,141,1,forward,28,170,2504,0,2216,1592,-1.00,2504.00,1,-1.000,-1.00,-1.00,383.92,204.13,2465.96,31.40,67.00
1,unlabeled,142,2,forward,28,170,-1,2,1008,1672,-1.00,-1.00,0,-1.000,-1.00,-1.00,-1.00,-1.00,-1.00,31.40,67.00
1,unlabeled,143,3,forward,28,170,-1,2,824,1704,-1.00,-1.00,0,-1.000,-1.00,-1.00,-1.00,-1.00,-1.00,31.40,67.00
1,unlabeled,144,4,forward,28,170,2520,0,1040,1680,-1.00,2520.00,0,-1.000,-1.00,-1.00,386.37,205.44,2481.72,31.40,67.00
1,unlabeled,145,5,forward,28,170,2517,0,1136,1656,-1.00,2517.00,0,-1.000,-1.00,-1.00,385.91,205.19,2478.76,31.40,67.00
CMD pan=29 tilt=170
1,unlabeled,146,1,forward,29,170,-1,2,952,1680,-1.00,-1.00,0,-1.000,-1.00,-1.00,-1.00,-1.00,-1.00,31.40,67.00
1,unlabeled,147,2,forward,29,170,2551,0,1432,1648,-1.00,2551.00,0,-1.000,-1.00,-1.00,387.44,214.76,2512.24,31.40,67.00
1,unlabeled,148,3,forward,29,170,2621,0,1192,1696,-1.00,2621.00,0,-1.000,-1.00,-1.00,398.07,220.65,2581.18,31.40,67.00
1,unlabeled,149,4,forward,29,170,2591,0,1664,1664,-1.00,2591.00,0,-1.000,-1.00,-1.00,393.51,218.13,2551.64,31.40,67.00
1,unlabeled,150,5,forward,29,170,2587,0,1144,1712,-1.00,2587.00,0,-1.000,-1.00,-1.00,392.90,217.79,2547.70,31.40,67.00
CMD pan=30 tilt=170
1,unlabeled,151,1,forward,30,170,2575,0,1952,1640,-1.00,2575.00,1,-1.000,-1.00,-1.00,387.24,223.57,2535.88,31.40,67.00
1,unlabeled,152,2,forward,30,170,2654,0,1696,1672,-1.00,2654.00,0,-1.000,-1.00,-1.00,399.12,230.43,2613.68,31.40,67.00
1,unlabeled,153,3,forward,30,170,2670,0,1520,1648,-1.00,2670.00,0,-1.000,-1.00,-1.00,401.52,231.82,2629.44,31.40,67.00
1,unlabeled,154,4,forward,30,170,2617,0,1616,1640,-1.00,2617.00,0,-1.000,-1.00,-1.00,393.55,227.22,2577.24,31.40,67.00
1,unlabeled,155,5,forward,30,170,-1,2,840,1728,-1.00,-1.00,0,-1.000,-1.00,-1.00,-1.00,-1.00,-1.00,31.40,67.00
CMD pan=31 tilt=170
1,unlabeled,156,1,forward,31,170,-1,2,640,1760,-1.00,-1.00,0,-1.000,-1.00,-1.00,-1.00,-1.00,-1.00,31.40,67.00
1,unlabeled,157,2,forward,31,170,2664,0,1504,1696,-1.00,2664.00,0,-1.000,-1.00,-1.00,396.52,238.26,2623.53,31.40,67.00
1,unlabeled,158,3,forward,31,170,2618,0,2088,1632,-1.00,2618.00,0,-1.000,-1.00,-1.00,389.68,234.14,2578.23,31.40,67.00
1,unlabeled,159,4,forward,31,170,2679,0,1040,1736,-1.00,2679.00,0,-1.000,-1.00,-1.00,398.76,239.60,2638.30,31.40,67.00
1,unlabeled,160,5,forward,31,170,2633,0,2008,1664,-1.00,2633.00,0,-1.000,-1.00,-1.00,391.91,235.48,2593.00,31.40,67.00
CMD pan=32 tilt=170
1,unlabeled,161,1,forward,32,170,2680,0,1400,1688,-1.00,2680.00,1,-1.000,-1.00,-1.00,394.66,246.61,2639.28,31.40,67.00
1,unlabeled,162,2,forward,32,170,2587,0,1072,1752,-1.00,2587.00,0,-1.000,-1.00,-1.00,380.97,238.05,2547.70,31.40,67.00
1,unlabeled,163,3,forward,32,170,-1,2,936,1736,-1.00,-1.00,0,-1.000,-1.00,-1.00,-1.00,-1.00,-1.00,31.40,67.00
1,unlabeled,164,4,forward,32,170,2603,0,1272,1704,-1.00,2603.00,0,-1.000,-1.00,-1.00,383.32,239.53,2563.45,31.40,67.00
1,unlabeled,165,5,forward,32,170,2675,0,1968,1632,-1.00,2675.00,0,-1.000,-1.00,-1.00,393.93,246.15,2634.36,31.40,67.00
CMD pan=33 tilt=170
1,unlabeled,166,1,forward,33,170,2679,0,1136,1728,-1.00,2679.00,1,-1.000,-1.00,-1.00,390.15,253.37,2638.30,31.40,67.00
1,unlabeled,167,2,forward,33,170,2632,0,1456,1704,-1.00,2632.00,0,-1.000,-1.00,-1.00,383.31,248.92,2592.01,31.40,67.00
1,unlabeled,168,3,forward,33,170,2634,0,1832,1696,-1.00,2634.00,0,-1.000,-1.00,-1.00,383.60,249.11,2593.98,31.40,67.00
1,unlabeled,169,4,forward,33,170,2669,0,1384,1728,-1.00,2669.00,0,-1.000,-1.00,-1.00,388.70,252.42,2628.45,31.40,67.00
1,unlabeled,170,5,forward,33,170,2660,0,2088,1688,-1.00,2660.00,0,-1.000,-1.00,-1.00,387.39,251.57,2619.59,31.40,67.00
CMD pan=34 tilt=170
1,unlabeled,171,1,forward,34,170,2641,0,1856,1680,-1.00,2641.00,1,-1.000,-1.00,-1.00,380.20,256.45,2600.88,31.40,67.00
1,unlabeled,172,2,forward,34,170,2611,0,1184,1752,-1.00,2611.00,0,-1.000,-1.00,-1.00,375.88,253.54,2571.33,31.40,67.00
1,unlabeled,173,3,forward,34,170,2640,0,1304,1712,-1.00,2640.00,0,-1.000,-1.00,-1.00,380.06,256.35,2599.89,31.40,67.00
1,unlabeled,174,4,forward,34,170,2693,0,1416,1728,-1.00,2693.00,0,-1.000,-1.00,-1.00,387.69,261.50,2652.09,31.40,67.00
1,unlabeled,175,5,forward,34,170,2658,0,1744,1680,-1.00,2658.00,0,-1.000,-1.00,-1.00,382.65,258.10,2617.62,31.40,67.00
CMD pan=35 tilt=170
1,unlabeled,176,1,forward,35,170,2653,0,1656,1712,-1.00,2653.00,1,-1.000,-1.00,-1.00,377.37,264.24,2612.69,31.40,67.00
1,unlabeled,177,2,forward,35,170,2624,0,1664,1736,-1.00,2624.00,0,-1.000,-1.00,-1.00,373.25,261.35,2584.14,31.40,67.00
1,unlabeled,178,3,forward,35,170,2557,0,1928,1712,-1.00,2557.00,0,-1.000,-1.00,-1.00,363.72,254.68,2518.15,31.40,67.00
1,unlabeled,179,4,forward,35,170,2641,0,1056,1776,-1.00,2641.00,0,-1.000,-1.00,-1.00,375.67,263.05,2600.88,31.40,67.00
1,unlabeled,180,5,forward,35,170,2648,0,1736,1696,-1.00,2648.00,0,-1.000,-1.00,-1.00,376.66,263.74,2607.77,31.40,67.00
CMD pan=36 tilt=170
1,unlabeled,181,1,forward,36,170,2631,0,1704,1728,-1.00,2631.00,1,-1.000,-1.00,-1.00,369.61,268.54,2591.03,31.40,67.00
1,unlabeled,182,2,forward,36,170,2630,0,1592,1720,-1.00,2630.00,0,-1.000,-1.00,-1.00,369.47,268.44,2590.04,31.40,67.00
1,unlabeled,183,3,forward,36,170,2604,0,2032,1672,-1.00,2604.00,0,-1.000,-1.00,-1.00,365.82,265.78,2564.44,31.40,67.00
1,unlabeled,184,4,forward,36,170,2635,0,1616,1720,-1.00,2635.00,0,-1.000,-1.00,-1.00,370.18,268.95,2594.97,31.40,67.00
1,unlabeled,185,5,forward,36,170,-1,2,824,1800,-1.00,-1.00,0,-1.000,-1.00,-1.00,-1.00,-1.00,-1.00,31.40,67.00
CMD pan=37 tilt=170
1,unlabeled,186,1,forward,37,170,2632,0,2200,1688,-1.00,2632.00,1,-1.000,-1.00,-1.00,365.01,275.05,2592.01,31.40,67.00
1,unlabeled,187,2,forward,37,170,2612,0,2008,1712,-1.00,2612.00,0,-1.000,-1.00,-1.00,362.24,272.96,2572.32,31.40,67.00
1,unlabeled,188,3,forward,37,170,2609,0,1488,1784,-1.00,2609.00,0,-1.000,-1.00,-1.00,361.82,272.65,2569.36,31.40,67.00
1,unlabeled,189,4,forward,37,170,2553,0,1400,1752,-1.00,2553.00,0,-1.000,-1.00,-1.00,354.05,266.80,2514.21,31.40,67.00
1,unlabeled,190,5,forward,37,170,2578,0,1584,1736,-1.00,2578.00,0,-1.000,-1.00,-1.00,357.52,269.41,2538.83,31.40,67.00
CMD pan=38 tilt=170
1,unlabeled,191,1,forward,38,170,2621,0,1248,1784,-1.00,2621.00,1,-1.000,-1.00,-1.00,358.65,280.21,2581.18,31.40,67.00
1,unlabeled,192,2,forward,38,170,2578,0,1544,1752,-1.00,2578.00,0,-1.000,-1.00,-1.00,352.76,275.61,2538.83,31.40,67.00
1,unlabeled,193,3,forward,38,170,2559,0,1600,1744,-1.00,2559.00,0,-1.000,-1.00,-1.00,350.17,273.58,2520.12,31.40,67.00
1,unlabeled,194,4,forward,38,170,-1,2,992,1792,-1.00,-1.00,0,-1.000,-1.00,-1.00,-1.00,-1.00,-1.00,31.40,67.00
1,unlabeled,195,5,forward,38,170,2596,0,1392,1744,-1.00,2596.00,0,-1.000,-1.00,-1.00,355.23,277.53,2556.56,31.40,67.00
CMD pan=39 tilt=170
1,unlabeled,196,1,forward,39,170,2534,0,2328,1688,-1.00,2534.00,1,-1.000,-1.00,-1.00,341.96,276.92,2495.50,31.40,67.00
1,unlabeled,197,2,forward,39,170,2585,0,2016,1720,-1.00,2585.00,0,-1.000,-1.00,-1.00,348.85,282.49,2545.73,31.40,67.00
1,unlabeled,198,3,forward,39,170,2571,0,1568,1760,-1.00,2571.00,0,-1.000,-1.00,-1.00,346.96,280.96,2531.94,31.40,67.00
1,unlabeled,199,4,forward,39,170,2545,0,1960,1704,-1.00,2545.00,0,-1.000,-1.00,-1.00,343.45,278.12,2506.34,31.40,67.00
1,unlabeled,200,5,forward,39,170,2573,0,1984,1712,-1.00,2573.00,0,-1.000,-1.00,-1.00,347.23,281.18,2533.91,31.40,67.00
CMD pan=40 tilt=170
1,unlabeled,201,1,forward,40,170,2576,0,1672,1736,-1.00,2576.00,1,-1.000,-1.00,-1.00,342.67,287.53,2536.86,31.40,67.00
1,unlabeled,202,2,forward,40,170,2555,0,1416,1768,-1.00,2555.00,0,-1.000,-1.00,-1.00,339.87,285.19,2516.18,31.40,67.00
1,unlabeled,203,3,forward,40,170,2487,0,2272,1688,-1.00,2487.00,0,-1.000,-1.00,-1.00,330.83,277.60,2449.22,31.40,67.00
1,unlabeled,204,4,forward,40,170,2552,0,1664,1760,-1.00,2552.00,0,-1.000,-1.00,-1.00,339.47,284.85,2513.23,31.40,67.00
1,unlabeled,205,5,forward,40,170,2532,0,1560,1776,-1.00,2532.00,0,-1.000,-1.00,-1.00,336.81,282.62,2493.53,31.40,67.00
CMD pan=41 tilt=170
1,unlabeled,206,1,forward,41,170,2541,0,2128,1736,-1.00,2541.00,1,-1.000,-1.00,-1.00,333.01,289.48,2502.40,31.40,67.00
1,unlabeled,207,2,forward,41,170,2516,0,2304,1728,-1.00,2516.00,0,-1.000,-1.00,-1.00,329.73,286.63,2477.78,31.40,67.00
1,unlabeled,208,3,forward,41,170,2492,0,2176,1744,-1.00,2492.00,0,-1.000,-1.00,-1.00,326.59,283.90,2454.14,31.40,67.00
1,unlabeled,209,4,forward,41,170,2531,0,2664,1688,-1.00,2531.00,0,-1.000,-1.00,-1.00,331.70,288.34,2492.55,31.40,67.00
1,unlabeled,210,5,forward,41,170,2520,0,1832,1760,-1.00,2520.00,0,-1.000,-1.00,-1.00,330.26,287.09,2481.72,31.40,67.00
CMD pan=42 tilt=170
1,unlabeled,211,1,forward,42,170,2469,0,1808,1784,-1.00,2469.00,1,-1.000,-1.00,-1.00,318.61,286.88,2431.49,31.40,67.00
1,unlabeled,212,2,forward,42,170,2506,0,2104,1712,-1.00,2506.00,0,-1.000,-1.00,-1.00,323.39,291.18,2467.93,31.40,67.00
1,unlabeled,213,3,forward,42,170,2532,0,1936,1768,-1.00,2532.00,0,-1.000,-1.00,-1.00,326.74,294.20,2493.53,31.40,67.00
1,unlabeled,214,4,forward,42,170,2528,0,2336,1720,-1.00,2528.00,0,-1.000,-1.00,-1.00,326.23,293.74,2489.59,31.40,67.00
1,unlabeled,215,5,forward,42,170,2481,0,1864,1768,-1.00,2481.00,0,-1.000,-1.00,-1.00,320.16,288.28,2443.31,31.40,67.00
CMD pan=43 tilt=170
1,unlabeled,216,1,forward,43,170,2501,0,1472,1800,-1.00,2501.00,1,-1.000,-1.00,-1.00,317.62,296.19,2463.00,31.40,67.00
1,unlabeled,217,2,forward,43,170,2484,0,1888,1760,-1.00,2484.00,0,-1.000,-1.00,-1.00,315.46,294.17,2446.26,31.40,67.00
1,unlabeled,218,3,forward,43,170,2468,0,1408,1784,-1.00,2468.00,0,-1.000,-1.00,-1.00,313.43,292.28,2430.51,31.40,67.00
1,unlabeled,219,4,forward,43,170,2481,0,1968,1752,-1.00,2481.00,0,-1.000,-1.00,-1.00,315.08,293.82,2443.31,31.40,67.00
1,unlabeled,220,5,forward,43,170,2513,0,1800,1760,-1.00,2513.00,0,-1.000,-1.00,-1.00,319.15,297.61,2474.82,31.40,67.00
CMD pan=44 tilt=170
1,unlabeled,221,1,forward,44,170,2428,0,1832,1800,-1.00,2428.00,1,-1.000,-1.00,-1.00,303.29,292.88,2391.11,31.40,67.00
1,unlabeled,222,2,forward,44,170,2430,0,2472,1760,-1.00,2430.00,0,-1.000,-1.00,-1.00,303.54,293.12,2393.08,31.40,67.00
1,unlabeled,223,3,forward,44,170,2392,0,1624,1840,-1.00,2392.00,0,-1.000,-1.00,-1.00,298.79,288.54,2355.66,31.40,67.00
1,unlabeled,224,4,forward,44,170,2418,0,2128,1776,-1.00,2418.00,0,-1.000,-1.00,-1.00,302.04,291.67,2381.27,31.40,67.00
1,unlabeled,225,5,forward,44,170,2423,0,2216,1768,-1.00,2423.00,0,-1.000,-1.00,-1.00,302.66,292.28,2386.19,31.40,67.00
CMD pan=45 tilt=170
1,unlabeled,226,1,forward,45,170,2393,0,1536,1848,-1.00,2393.00,1,-1.000,-1.00,-1.00,293.83,293.83,2356.64,31.40,67.00
1,unlabeled,227,2,forward,45,170,2431,0,2472,1744,-1.00,2431.00,0,-1.000,-1.00,-1.00,298.50,298.50,2394.07,31.40,67.00
1,unlabeled,228,3,forward,45,170,2390,0,2648,1736,-1.00,2390.00,0,-1.000,-1.00,-1.00,293.46,293.46,2353.69,31.40,67.00
1,unlabeled,229,4,forward,45,170,2416,0,1840,1808,-1.00,2416.00,0,-1.000,-1.00,-1.00,296.66,296.66,2379.30,31.40,67.00
1,unlabeled,230,5,forward,45,170,2433,0,1832,1824,-1.00,2433.00,0,-1.000,-1.00,-1.00,298.74,298.74,2396.04,31.40,67.00
CMD pan=46 tilt=170
1,unlabeled,231,1,forward,46,170,2429,0,2288,1768,-1.00,2429.00,1,-1.000,-1.00,-1.00,293.00,303.41,2392.10,31.40,67.00
1,unlabeled,232,2,forward,46,170,2394,0,2256,1784,-1.00,2394.00,0,-1.000,-1.00,-1.00,288.78,299.04,2357.63,31.40,67.00
1,unlabeled,233,3,forward,46,170,2415,0,1400,1848,-1.00,2415.00,0,-1.000,-1.00,-1.00,291.31,301.66,2378.31,31.40,67.00
1,unlabeled,234,4,forward,46,170,2403,0,1872,1776,-1.00,2403.00,0,-1.000,-1.00,-1.00,289.86,300.16,2366.49,31.40,67.00
1,unlabeled,235,5,forward,46,170,2455,0,1456,1840,-1.00,2455.00,0,-1.000,-1.00,-1.00,296.14,306.66,2417.70,31.40,67.00
CMD pan=47 tilt=170
1,unlabeled,236,1,forward,47,170,2410,0,1624,1832,-1.00,2410.00,1,-1.000,-1.00,-1.00,285.41,306.07,2373.39,31.40,67.00
1,unlabeled,237,2,forward,47,170,2394,0,2304,1784,-1.00,2394.00,0,-1.000,-1.00,-1.00,283.52,304.03,2357.63,31.40,67.00
1,unlabeled,238,3,forward,47,170,2422,0,3024,1712,-1.00,2422.00,0,-1.000,-1.00,-1.00,286.83,307.59,2385.20,31.40,67.00
1,unlabeled,239,4,forward,47,170,2392,0,2144,1784,-1.00,2392.00,0,-1.000,-1.00,-1.00,283.28,303.78,2355.66,31.40,67.00
1,unlabeled,240,5,forward,47,170,2363,0,2392,1776,-1.00,2363.00,0,-1.000,-1.00,-1.00,279.84,300.10,2327.10,31.40,67.00
CMD pan=48 tilt=170
1,unlabeled,241,1,forward,48,170,2372,0,2328,1792,-1.00,2372.00,1,-1.000,-1.00,-1.00,275.61,306.10,2335.96,31.40,67.00
1,unlabeled,242,2,forward,48,170,2346,0,2264,1776,-1.00,2346.00,0,-1.000,-1.00,-1.00,272.59,302.74,2310.36,31.40,67.00
1,unlabeled,243,3,forward,48,170,2340,0,1856,1792,-1.00,2340.00,0,-1.000,-1.00,-1.00,271.89,301.97,2304.45,31.40,67.00
1,unlabeled,244,4,forward,48,170,2328,0,2584,1752,-1.00,2328.00,0,-1.000,-1.00,-1.00,270.50,300.42,2292.63,31.40,67.00
1,unlabeled,245,5,forward,48,170,2350,0,2584,1752,-1.00,2350.00,0,-1.000,-1.00,-1.00,273.05,303.26,2314.30,31.40,67.00
CMD pan=49 tilt=170
1,unlabeled,246,1,forward,49,170,2341,0,1664,1848,-1.00,2341.00,1,-1.000,-1.00,-1.00,266.69,306.80,2305.43,31.40,67.00
1,unlabeled,247,2,forward,49,170,2366,0,3000,1728,-1.00,2366.00,0,-1.000,-1.00,-1.00,269.54,310.07,2330.06,31.40,67.00
1,unlabeled,248,3,forward,49,170,2338,0,2032,1816,-1.00,2338.00,0,-1.000,-1.00,-1.00,266.35,306.40,2302.48,31.40,67.00
1,unlabeled,249,4,forward,49,170,2356,0,1784,1808,-1.00,2356.00,0,-1.000,-1.00,-1.00,268.40,308.76,2320.21,31.40,67.00
1,unlabeled,250,5,forward,49,170,2334,0,1952,1816,-1.00,2334.00,0,-1.000,-1.00,-1.00,265.90,305.88,2298.54,31.40,67.00
CMD pan=50 tilt=170
1,unlabeled,251,1,forward,50,170,2369,0,2288,1784,-1.00,2369.00,1,-1.000,-1.00,-1.00,264.43,315.13,2333.01,31.40,67.00
1,unlabeled,252,2,forward,50,170,2330,0,2400,1760,-1.00,2330.00,0,-1.000,-1.00,-1.00,260.07,309.94,2294.60,31.40,67.00
1,unlabeled,253,3,forward,50,170,2336,0,2672,1744,-1.00,2336.00,0,-1.000,-1.00,-1.00,260.74,310.74,2300.51,31.40,67.00
1,unlabeled,254,4,forward,50,170,2351,0,1704,1832,-1.00,2351.00,0,-1.000,-1.00,-1.00,262.42,312.74,2315.28,31.40,67.00
1,unlabeled,255,5,forward,50,170,2345,0,2648,1776,-1.00,2345.00,0,-1.000,-1.00,-1.00,261.75,311.94,2309.37,31.40,67.00
CMD pan=51 tilt=170
1,unlabeled,256,1,forward,51,170,2354,0,1976,1808,-1.00,2354.00,1,-1.000,-1.00,-1.00,257.25,317.67,2318.24,31.40,67.00
1,unlabeled,257,2,forward,51,170,2357,0,2160,1816,-1.00,2357.00,0,-1.000,-1.00,-1.00,257.57,318.08,2321.19,31.40,67.00
1,unlabeled,258,3,forward,51,170,2326,0,2456,1768,-1.00,2326.00,0,-1.000,-1.00,-1.00,254.19,313.89,2290.66,31.40,67.00
1,unlabeled,259,4,forward,51,170,2359,0,2120,1792,-1.00,2359.00,0,-1.000,-1.00,-1.00,257.79,318.35,2323.16,31.40,67.00
1,unlabeled,260,5,forward,51,170,2310,0,3040,1736,-1.00,2310.00,0,-1.000,-1.00,-1.00,252.44,311.73,2274.91,31.40,67.00
CMD pan=52 tilt=170
1,unlabeled,261,1,forward,52,170,2329,0,2536,1776,-1.00,2329.00,1,-1.000,-1.00,-1.00,248.99,318.69,2293.62,31.40,67.00
1,unlabeled,262,2,forward,52,170,2306,0,1976,1816,-1.00,2306.00,0,-1.000,-1.00,-1.00,246.53,315.55,2270.97,31.40,67.00
1,unlabeled,263,3,forward,52,170,2264,0,2976,1728,-1.00,2264.00,0,-1.000,-1.00,-1.00,242.04,309.80,2229.60,31.40,67.00
1,unlabeled,264,4,forward,52,170,2296,0,2296,1760,-1.00,2296.00,0,-1.000,-1.00,-1.00,245.46,314.18,2261.12,31.40,67.00
1,unlabeled,265,5,forward,52,170,2296,0,2848,1752,-1.00,2296.00,0,-1.000,-1.00,-1.00,245.46,314.18,2261.12,31.40,67.00
CMD pan=53 tilt=170
1,unlabeled,266,1,forward,53,170,2306,0,2480,1752,-1.00,2306.00,1,-1.000,-1.00,-1.00,240.99,319.80,2270.97,31.40,67.00
1,unlabeled,267,2,forward,53,170,2325,0,2720,1752,-1.00,2325.00,0,-1.000,-1.00,-1.00,242.97,322.43,2289.68,31.40,67.00
1,unlabeled,268,3,forward,53,170,2306,0,2728,1736,-1.00,2306.00,0,-1.000,-1.00,-1.00,240.99,319.80,2270.97,31.40,67.00
1,unlabeled,269,4,forward,53,170,2290,0,2592,1752,-1.00,2290.00,0,-1.000,-1.00,-1.00,239.31,317.58,2255.21,31.40,67.00
1,unlabeled,270,5,forward,53,170,2296,0,2640,1744,-1.00,2296.00,0,-1.000,-1.00,-1.00,239.94,318.41,2261.12,31.40,67.00
CMD pan=54 tilt=170
1,unlabeled,271,1,forward,54,170,2284,0,2272,1800,-1.00,2284.00,1,-1.000,-1.00,-1.00,233.12,320.87,2249.30,31.40,67.00
1,unlabeled,272,2,forward,54,170,2262,0,3048,1704,-1.00,2262.00,0,-1.000,-1.00,-1.00,230.88,317.78,2227.64,31.40,67.00
1,unlabeled,273,3,forward,54,170,2279,0,3048,1704,-1.00,2279.00,0,-1.000,-1.00,-1.00,232.61,320.16,2244.38,31.40,67.00
1,unlabeled,274,4,forward,54,170,2270,0,2104,1792,-1.00,2270.00,0,-1.000,-1.00,-1.00,231.69,318.90,2235.51,31.40,67.00
1,unlabeled,275,5,forward,54,170,2268,0,2576,1752,-1.00,2268.00,0,-1.000,-1.00,-1.00,231.49,318.62,2233.54,31.40,67.00
CMD pan=55 tilt=170
1,unlabeled,276,1,forward,55,170,2279,0,2664,1744,-1.00,2279.00,1,-1.000,-1.00,-1.00,226.99,324.17,2244.38,31.40,67.00
1,unlabeled,277,2,forward,55,170,2271,0,2840,1728,-1.00,2271.00,0,-1.000,-1.00,-1.00,226.19,323.04,2236.50,31.40,67.00
1,unlabeled,278,3,forward,55,170,2271,0,2432,1768,-1.00,2271.00,0,-1.000,-1.00,-1.00,226.19,323.04,2236.50,31.40,67.00
1,unlabeled,279,4,forward,55,170,2278,0,2432,1760,-1.00,2278.00,0,-1.000,-1.00,-1.00,226.89,324.03,2243.39,31.40,67.00
1,unlabeled,280,5,forward,55,170,2289,0,2952,1712,-1.00,2289.00,0,-1.000,-1.00,-1.00,227.99,325.60,2254.22,31.40,67.00
CMD pan=56 tilt=170
1,unlabeled,281,1,forward,56,170,2246,0,2296,1768,-1.00,2246.00,1,-1.000,-1.00,-1.00,218.09,323.34,2211.88,31.40,67.00
1,unlabeled,282,2,forward,56,170,2253,0,2384,1776,-1.00,2253.00,0,-1.000,-1.00,-1.00,218.77,324.34,2218.77,31.40,67.00
1,unlabeled,283,3,forward,56,170,2254,0,2648,1720,-1.00,2254.00,0,-1.000,-1.00,-1.00,218.87,324.49,2219.76,31.40,67.00
1,unlabeled,284,4,forward,56,170,2264,0,2288,1760,-1.00,2264.00,0,-1.000,-1.00,-1.00,219.84,325.93,2229.60,31.40,67.00
1,unlabeled,285,5,forward,56,170,2258,0,2808,1736,-1.00,2258.00,0,-1.000,-1.00,-1.00,219.26,325.06,2223.70,31.40,67.00
CMD pan=57 tilt=170
1,unlabeled,286,1,forward,57,170,2243,0,3072,1712,-1.00,2243.00,1,-1.000,-1.00,-1.00,212.13,326.66,2208.92,31.40,67.00
1,unlabeled,287,2,forward,57,170,2273,0,2536,1760,-1.00,2273.00,0,-1.000,-1.00,-1.00,214.97,331.03,2238.47,31.40,67.00
1,unlabeled,288,3,forward,57,170,2262,0,2672,1760,-1.00,2262.00,0,-1.000,-1.00,-1.00,213.93,329.42,2227.64,31.40,67.00
1,unlabeled,289,4,forward,57,170,2241,0,2456,1760,-1.00,2241.00,0,-1.000,-1.00,-1.00,211.94,326.37,2206.95,31.40,67.00
1,unlabeled,290,5,forward,57,170,2252,0,2448,1760,-1.00,2252.00,0,-1.000,-1.00,-1.00,212.98,327.97,2217.79,31.40,67.00
CMD pan=58 tilt=170
1,unlabeled,291,1,forward,58,170,2235,0,2712,1720,-1.00,2235.00,1,-1.000,-1.00,-1.00,205.66,329.13,2201.05,31.40,67.00
1,unlabeled,292,2,forward,58,170,2252,0,2576,1768,-1.00,2252.00,0,-1.000,-1.00,-1.00,207.23,331.63,2217.79,31.40,67.00
1,unlabeled,293,3,forward,58,170,2236,0,2016,1776,-1.00,2236.00,0,-1.000,-1.00,-1.00,205.76,329.28,2202.03,31.40,67.00
1,unlabeled,294,4,forward,58,170,2231,0,2608,1744,-1.00,2231.00,0,-1.000,-1.00,-1.00,205.30,328.54,2197.11,31.40,67.00
1,unlabeled,295,5,forward,58,170,2217,0,2512,1768,-1.00,2217.00,0,-1.000,-1.00,-1.00,204.01,326.48,2183.32,31.40,67.00
CMD pan=59 tilt=170
1,unlabeled,296,1,forward,59,170,2231,0,3032,1704,-1.00,2231.00,1,-1.000,-1.00,-1.00,199.53,332.07,2197.11,31.40,67.00
1,unlabeled,297,2,forward,59,170,2242,0,3168,1680,-1.00,2242.00,0,-1.000,-1.00,-1.00,200.51,333.71,2207.94,31.40,67.00
1,unlabeled,298,3,forward,59,170,2223,0,3008,1712,-1.00,2223.00,0,-1.000,-1.00,-1.00,198.81,330.88,2189.23,31.40,67.00
1,unlabeled,299,4,forward,59,170,2246,0,2848,1712,-1.00,2246.00,0,-1.000,-1.00,-1.00,200.87,334.31,2211.88,31.40,67.00
1,unlabeled,300,5,forward,59,170,2241,0,2688,1728,-1.00,2241.00,0,-1.000,-1.00,-1.00,200.42,333.56,2206.95,31.40,67.00
CMD pan=60 tilt=170
1,unlabeled,301,1,forward,60,170,2208,0,2712,1752,-1.00,2208.00,1,-1.000,-1.00,-1.00,191.71,332.05,2174.46,31.40,67.00
1,unlabeled,302,2,forward,60,170,2230,0,2296,1752,-1.00,2230.00,0,-1.000,-1.00,-1.00,193.62,335.36,2196.12,31.40,67.00
1,unlabeled,303,3,forward,60,170,2220,0,3384,1664,-1.00,2220.00,0,-1.000,-1.00,-1.00,192.75,333.85,2186.27,31.40,67.00
1,unlabeled,304,4,forward,60,170,2195,0,2744,1736,-1.00,2195.00,0,-1.000,-1.00,-1.00,190.58,330.09,2161.65,31.40,67.00
1,unlabeled,305,5,forward,60,170,2211,0,2880,1712,-1.00,2211.00,0,-1.000,-1.00,-1.00,191.97,332.50,2177.41,31.40,67.00
CMD pan=61 tilt=170
1,unlabeled,306,1,forward,61,170,2218,0,2872,1712,-1.00,2218.00,1,-1.000,-1.00,-1.00,186.73,336.86,2184.30,31.40,67.00
1,unlabeled,307,2,forward,61,170,2198,0,2800,1720,-1.00,2198.00,0,-1.000,-1.00,-1.00,185.04,333.82,2164.61,31.40,67.00
1,unlabeled,308,3,forward,61,170,2212,0,2888,1720,-1.00,2212.00,0,-1.000,-1.00,-1.00,186.22,335.95,2178.39,31.40,67.00
1,unlabeled,309,4,forward,61,170,2205,0,2992,1720,-1.00,2205.00,0,-1.000,-1.00,-1.00,185.63,334.89,2171.50,31.40,67.00
1,unlabeled,310,5,forward,61,170,2208,0,2592,1736,-1.00,2208.00,0,-1.000,-1.00,-1.00,185.88,335.34,2174.46,31.40,67.00
CMD pan=62 tilt=170
1,unlabeled,311,1,forward,62,170,2179,0,2808,1704,-1.00,2179.00,1,-1.000,-1.00,-1.00,177.64,334.09,2145.90,31.40,67.00
1,unlabeled,312,2,forward,62,170,2192,0,3288,1696,-1.00,2192.00,0,-1.000,-1.00,-1.00,178.70,336.08,2158.70,31.40,67.00
1,unlabeled,313,3,forward,62,170,2196,0,3256,1680,-1.00,2196.00,0,-1.000,-1.00,-1.00,179.02,336.70,2162.64,31.40,67.00
1,unlabeled,314,4,forward,62,170,2193,0,2920,1704,-1.00,2193.00,0,-1.000,-1.00,-1.00,178.78,336.24,2159.68,31.40,67.00
1,unlabeled,315,5,forward,62,170,2173,0,2784,1720,-1.00,2173.00,0,-1.000,-1.00,-1.00,177.15,333.17,2139.99,31.40,67.00
CMD pan=63 tilt=170
1,unlabeled,316,1,forward,63,170,2189,0,2864,1712,-1.00,2189.00,1,-1.000,-1.00,-1.00,172.57,338.69,2155.74,31.40,67.00
1,unlabeled,317,2,forward,63,170,2196,0,2320,1752,-1.00,2196.00,0,-1.000,-1.00,-1.00,173.12,339.77,2162.64,31.40,67.00
1,unlabeled,318,3,forward,63,170,2184,0,3344,1680,-1.00,2184.00,0,-1.000,-1.00,-1.00,172.17,337.91,2150.82,31.40,67.00
1,unlabeled,319,4,forward,63,170,2184,0,2360,1760,-1.00,2184.00,0,-1.000,-1.00,-1.00,172.17,337.91,2150.82,31.40,67.00
1,unlabeled,320,5,forward,63,170,2185,0,2832,1704,-1.00,2185.00,0,-1.000,-1.00,-1.00,172.25,338.07,2151.80,31.40,67.00
CMD pan=64 tilt=170
1,unlabeled,321,1,forward,64,170,2187,0,2384,1744,-1.00,2187.00,1,-1.000,-1.00,-1.00,166.48,341.33,2153.77,31.40,67.00
1,unlabeled,322,2,forward,64,170,2184,0,2312,1760,-1.00,2184.00,0,-1.000,-1.00,-1.00,166.25,340.87,2150.82,31.40,67.00
1,unlabeled,323,3,forward,64,170,2181,0,2832,1728,-1.00,2181.00,0,-1.000,-1.00,-1.00,166.02,340.40,2147.87,31.40,67.00
1,unlabeled,324,4,forward,64,170,2171,0,3024,1688,-1.00,2171.00,0,-1.000,-1.00,-1.00,165.26,338.84,2138.02,31.40,67.00
1,unlabeled,325,5,forward,64,170,2175,0,3464,1680,-1.00,2175.00,0,-1.000,-1.00,-1.00,165.57,339.46,2141.96,31.40,67.00
CMD pan=65 tilt=170
1,unlabeled,326,1,forward,65,170,2165,0,3504,1664,-1.00,2165.00,1,-1.000,-1.00,-1.00,158.88,340.72,2132.11,31.40,67.00
1,unlabeled,327,2,forward,65,170,2180,0,2200,1792,-1.00,2180.00,0,-1.000,-1.00,-1.00,159.98,343.09,2146.88,31.40,67.00
1,unlabeled,328,3,forward,65,170,2156,0,2848,1696,-1.00,2156.00,0,-1.000,-1.00,-1.00,158.22,339.31,2123.25,31.40,67.00
1,unlabeled,329,4,forward,65,170,2171,0,3056,1688,-1.00,2171.00,0,-1.000,-1.00,-1.00,159.32,341.67,2138.02,31.40,67.00
1,unlabeled,330,5,forward,65,170,2178,0,2800,1728,-1.00,2178.00,0,-1.000,-1.00,-1.00,159.84,342.77,2144.91,31.40,67.00
CMD pan=66 tilt=170
1,unlabeled,331,1,forward,66,170,2163,0,3216,1672,-1.00,2163.00,1,-1.000,-1.00,-1.00,152.77,343.13,2130.14,31.40,67.00
1,unlabeled,332,2,forward,66,170,2164,0,2936,1696,-1.00,2164.00,0,-1.000,-1.00,-1.00,152.84,343.29,2131.12,31.40,67.00
1,unlabeled,333,3,forward,66,170,2174,0,2456,1752,-1.00,2174.00,0,-1.000,-1.00,-1.00,153.55,344.87,2140.97,31.40,67.00
1,unlabeled,334,4,forward,66,170,2161,0,1976,1792,-1.00,2161.00,0,-1.000,-1.00,-1.00,152.63,342.81,2128.17,31.40,67.00
1,unlabeled,335,5,forward,66,170,2168,0,2736,1736,-1.00,2168.00,0,-1.000,-1.00,-1.00,153.12,343.92,2135.06,31.40,67.00
CMD pan=67 tilt=170
1,unlabeled,336,1,forward,67,170,2170,0,3088,1712,-1.00,2170.00,1,-1.000,-1.00,-1.00,147.23,346.86,2137.03,31.40,67.00
1,unlabeled,337,2,forward,67,170,2157,0,3672,1688,-1.00,2157.00,0,-1.000,-1.00,-1.00,146.35,344.78,2124.23,31.40,67.00
1,unlabeled,338,3,forward,67,170,2148,0,3256,1704,-1.00,2148.00,0,-1.000,-1.00,-1.00,145.74,343.34,2115.37,31.40,67.00
1,unlabeled,339,4,forward,67,170,2161,0,3104,1720,-1.00,2161.00,0,-1.000,-1.00,-1.00,146.62,345.42,2128.17,31.40,67.00
1,unlabeled,340,5,forward,67,170,2176,0,2952,1720,-1.00,2176.00,0,-1.000,-1.00,-1.00,147.64,347.82,2142.94,31.40,67.00
CMD pan=68 tilt=170
1,unlabeled,341,1,forward,68,170,2173,0,3008,1744,-1.00,2173.00,1,-1.000,-1.00,-1.00,141.35,349.86,2139.99,31.40,67.00
1,unlabeled,342,2,forward,68,170,2176,0,3208,1720,-1.00,2176.00,0,-1.000,-1.00,-1.00,141.55,350.34,2142.94,31.40,67.00
1,unlabeled,343,3,forward,68,170,2147,0,3064,1704,-1.00,2147.00,0,-1.000,-1.00,-1.00,139.66,345.68,2114.38,31.40,67.00
1,unlabeled,344,4,forward,68,170,2149,0,3344,1720,-1.00,2149.00,0,-1.000,-1.00,-1.00,139.79,346.00,2116.35,31.40,67.00
1,unlabeled,345,5,forward,68,170,2161,0,2568,1760,-1.00,2161.00,0,-1.000,-1.00,-1.00,140.57,347.93,2128.17,31.40,67.00
CMD pan=69 tilt=170
1,unlabeled,346,1,forward,69,170,2157,0,3280,1704,-1.00,2157.00,1,-1.000,-1.00,-1.00,134.23,349.68,2124.23,31.40,67.00
1,unlabeled,347,2,forward,69,170,2161,0,2776,1776,-1.00,2161.00,0,-1.000,-1.00,-1.00,134.48,350.33,2128.17,31.40,67.00
1,unlabeled,348,3,forward,69,170,2142,0,3488,1688,-1.00,2142.00,0,-1.000,-1.00,-1.00,133.30,347.25,2109.46,31.40,67.00
1,unlabeled,349,4,forward,69,170,2157,0,3176,1728,-1.00,2157.00,0,-1.000,-1.00,-1.00,134.23,349.68,2124.23,31.40,67.00
1,unlabeled,350,5,forward,69,170,2153,0,3056,1712,-1.00,2153.00,0,-1.000,-1.00,-1.00,133.98,349.03,2120.29,31.40,67.00
CMD pan=70 tilt=170
1,unlabeled,351,1,forward,70,170,2142,0,3744,1688,-1.00,2142.00,1,-1.000,-1.00,-1.00,127.22,349.52,2109.46,31.40,67.00
1,unlabeled,352,2,forward,70,170,2152,0,3440,1712,-1.00,2152.00,0,-1.000,-1.00,-1.00,127.81,351.15,2119.31,31.40,67.00
1,unlabeled,353,3,forward,70,170,2162,0,3416,1696,-1.00,2162.00,0,-1.000,-1.00,-1.00,128.40,352.79,2129.15,31.40,67.00
1,unlabeled,354,4,forward,70,170,2140,0,3056,1728,-1.00,2140.00,0,-1.000,-1.00,-1.00,127.10,349.20,2107.49,31.40,67.00
1,unlabeled,355,5,forward,70,170,2160,0,3552,1680,-1.00,2160.00,0,-1.000,-1.00,-1.00,128.28,352.46,2127.18,31.40,67.00
CMD pan=71 tilt=170
1,unlabeled,356,1,forward,71,170,2152,0,3568,1680,-1.00,2152.00,1,-1.000,-1.00,-1.00,121.66,353.33,2119.31,31.40,67.00
1,unlabeled,357,2,forward,71,170,2122,0,2328,1808,-1.00,2122.00,0,-1.000,-1.00,-1.00,119.97,348.41,2089.76,31.40,67.00
1,unlabeled,358,3,forward,71,170,2133,0,2936,1768,-1.00,2133.00,0,-1.000,-1.00,-1.00,120.59,350.21,2100.59,31.40,67.00
1,unlabeled,359,4,forward,71,170,2145,0,3480,1720,-1.00,2145.00,0,-1.000,-1.00,-1.00,121.27,352.18,2112.41,31.40,67.00
1,unlabeled,360,5,forward,71,170,2135,0,3168,1736,-1.00,2135.00,0,-1.000,-1.00,-1.00,120.70,350.54,2102.56,31.40,67.00
CMD pan=72 tilt=170
1,unlabeled,361,1,forward,72,170,2131,0,3400,1712,-1.00,2131.00,1,-1.000,-1.00,-1.00,114.35,351.93,2098.63,31.40,67.00
1,unlabeled,362,2,forward,72,170,2141,0,3184,1736,-1.00,2141.00,0,-1.000,-1.00,-1.00,114.89,353.58,2108.47,31.40,67.00
1,unlabeled,363,3,forward,72,170,2142,0,3040,1728,-1.00,2142.00,0,-1.000,-1.00,-1.00,114.94,353.75,2109.46,31.40,67.00
1,unlabeled,364,4,forward,72,170,2138,0,2728,1752,-1.00,2138.00,0,-1.000,-1.00,-1.00,114.73,353.09,2105.52,31.40,67.00
1,unlabeled,365,5,forward,72,170,2149,0,3296,1720,-1.00,2149.00,0,-1.000,-1.00,-1.00,115.32,354.91,2116.35,31.40,67.00
CMD pan=73 tilt=170
1,unlabeled,366,1,forward,73,170,2146,0,2912,1784,-1.00,2146.00,1,-1.000,-1.00,-1.00,108.95,356.37,2113.40,31.40,67.00
1,unlabeled,367,2,forward,73,170,2143,0,3472,1720,-1.00,2143.00,0,-1.000,-1.00,-1.00,108.80,355.87,2110.44,31.40,67.00
1,unlabeled,368,3,forward,73,170,2137,0,3456,1712,-1.00,2137.00,0,-1.000,-1.00,-1.00,108.50,354.87,2104.53,31.40,67.00
1,unlabeled,369,4,forward,73,170,2139,0,3496,1728,-1.00,2139.00,0,-1.000,-1.00,-1.00,108.60,355.20,2106.50,31.40,67.00
1,unlabeled,370,5,forward,73,170,2145,0,3456,1728,-1.00,2145.00,0,-1.000,-1.00,-1.00,108.90,356.20,2112.41,31.40,67.00
CMD pan=74 tilt=170
1,unlabeled,371,1,forward,74,170,2152,0,3136,1768,-1.00,2152.00,1,-1.000,-1.00,-1.00,103.00,359.21,2119.31,31.40,67.00
1,unlabeled,372,2,forward,74,170,2149,0,3872,1696,-1.00,2149.00,0,-1.000,-1.00,-1.00,102.86,358.71,2116.35,31.40,67.00
1,unlabeled,373,3,forward,74,170,2143,0,3656,1696,-1.00,2143.00,0,-1.000,-1.00,-1.00,102.57,357.71,2110.44,31.40,67.00
1,unlabeled,374,4,forward,74,170,2132,0,3296,1728,-1.00,2132.00,0,-1.000,-1.00,-1.00,102.05,355.88,2099.61,31.40,67.00
1,unlabeled,375,5,forward,74,170,2137,0,3000,1768,-1.00,2137.00,0,-1.000,-1.00,-1.00,102.29,356.71,2104.53,31.40,67.00
CMD pan=75 tilt=170
1,unlabeled,376,1,forward,75,170,2136,0,4056,1696,-1.00,2136.00,1,-1.000,-1.00,-1.00,96.00,358.27,2103.55,31.40,67.00
1,unlabeled,377,2,forward,75,170,2138,0,3384,1784,-1.00,2138.00,0,-1.000,-1.00,-1.00,96.09,358.61,2105.52,31.40,67.00
1,unlabeled,378,3,forward,75,170,2139,0,3752,1728,-1.00,2139.00,0,-1.000,-1.00,-1.00,96.13,358.78,2106.50,31.40,67.00
1,unlabeled,379,4,forward,75,170,2140,0,3960,1696,-1.00,2140.00,0,-1.000,-1.00,-1.00,96.18,358.95,2107.49,31.40,67.00
1,unlabeled,380,5,forward,75,170,2131,0,3640,1760,-1.00,2131.00,0,-1.000,-1.00,-1.00,95.77,357.44,2098.63,31.40,67.00
CMD pan=76 tilt=170
1,unlabeled,381,1,forward,76,170,2138,0,4264,1688,-1.00,2138.00,1,-1.000,-1.00,-1.00,89.82,360.23,2105.52,31.40,67.00
1,unlabeled,382,2,forward,76,170,2138,0,3776,1728,-1.00,2138.00,0,-1.000,-1.00,-1.00,89.82,360.23,2105.52,31.40,67.00
1,unlabeled,383,3,forward,76,170,2136,0,4064,1712,-1.00,2136.00,0,-1.000,-1.00,-1.00,89.73,359.89,2103.55,31.40,67.00
1,unlabeled,384,4,forward,76,170,2128,0,4440,1688,-1.00,2128.00,0,-1.000,-1.00,-1.00,89.40,358.55,2095.67,31.40,67.00
1,unlabeled,385,5,forward,76,170,2137,0,3344,1776,-1.00,2137.00,0,-1.000,-1.00,-1.00,89.77,360.06,2104.53,31.40,67.00
CMD pan=77 tilt=170
1,unlabeled,386,1,forward,77,170,2122,0,4072,1696,-1.00,2122.00,1,-1.000,-1.00,-1.00,82.89,359.04,2089.76,31.40,67.00
1,unlabeled,387,2,forward,77,170,2125,0,4368,1672,-1.00,2125.00,0,-1.000,-1.00,-1.00,83.01,359.54,2092.72,31.40,67.00
1,unlabeled,388,3,forward,77,170,2123,0,3808,1728,-1.00,2123.00,0,-1.000,-1.00,-1.00,82.93,359.21,2090.75,31.40,67.00
1,unlabeled,389,4,forward,77,170,2131,0,3496,1776,-1.00,2131.00,0,-1.000,-1.00,-1.00,83.24,360.56,2098.63,31.40,67.00
1,unlabeled,390,5,forward,77,170,2127,0,3904,1736,-1.00,2127.00,0,-1.000,-1.00,-1.00,83.09,359.88,2094.69,31.40,67.00
CMD pan=78 tilt=170
1,unlabeled,391,1,forward,78,170,2135,0,3656,1744,-1.00,2135.00,1,-1.000,-1.00,-1.00,77.08,362.64,2102.56,31.40,67.00
1,unlabeled,392,2,forward,78,170,2139,0,3672,1744,-1.00,2139.00,0,-1.000,-1.00,-1.00,77.23,363.32,2106.50,31.40,67.00
1,unlabeled,393,3,forward,78,170,2127,0,3848,1744,-1.00,2127.00,0,-1.000,-1.00,-1.00,76.79,361.28,2094.69,31.40,67.00
1,unlabeled,394,4,forward,78,170,2123,0,3384,1768,-1.00,2123.00,0,-1.000,-1.00,-1.00,76.65,360.60,2090.75,31.40,67.00
1,unlabeled,395,5,forward,78,170,2126,0,3912,1760,-1.00,2126.00,0,-1.000,-1.00,-1.00,76.76,361.11,2093.70,31.40,67.00
CMD pan=79 tilt=170
1,unlabeled,396,1,forward,79,170,2129,0,3984,1736,-1.00,2129.00,1,-1.000,-1.00,-1.00,70.54,362.90,2096.66,31.40,67.00
1,unlabeled,397,2,forward,79,170,2128,0,3920,1768,-1.00,2128.00,0,-1.000,-1.00,-1.00,70.51,362.73,2095.67,31.40,67.00
1,unlabeled,398,3,forward,79,170,2128,0,3248,1808,-1.00,2128.00,0,-1.000,-1.00,-1.00,70.51,362.73,2095.67,31.40,67.00
1,unlabeled,399,4,forward,79,170,2125,0,3352,1776,-1.00,2125.00,0,-1.000,-1.00,-1.00,70.41,362.22,2092.72,31.40,67.00
1,unlabeled,400,5,forward,79,170,2126,0,2896,1808,-1.00,2126.00,0,-1.000,-1.00,-1.00,70.44,362.39,2093.70,31.40,67.00
CMD pan=80 tilt=170
1,unlabeled,401,1,forward,80,170,2132,0,4032,1736,-1.00,2132.00,1,-1.000,-1.00,-1.00,64.29,364.59,2099.61,31.40,67.00
1,unlabeled,402,2,forward,80,170,2120,0,4048,1736,-1.00,2120.00,0,-1.000,-1.00,-1.00,63.93,362.54,2087.79,31.40,67.00
1,unlabeled,403,3,forward,80,170,2121,0,3888,1768,-1.00,2121.00,0,-1.000,-1.00,-1.00,63.96,362.71,2088.78,31.40,67.00
1,unlabeled,404,4,forward,80,170,2126,0,3248,1816,-1.00,2126.00,0,-1.000,-1.00,-1.00,64.11,363.57,2093.70,31.40,67.00
1,unlabeled,405,5,forward,80,170,2139,0,3160,1816,-1.00,2139.00,0,-1.000,-1.00,-1.00,64.50,365.79,2106.50,31.40,67.00
CMD pan=81 tilt=170
1,unlabeled,406,1,forward,81,170,2116,0,4168,1728,-1.00,2116.00,1,-1.000,-1.00,-1.00,57.48,362.92,2083.85,31.40,67.00
1,unlabeled,407,2,forward,81,170,2129,0,2904,1816,-1.00,2129.00,0,-1.000,-1.00,-1.00,57.83,365.15,2096.66,31.40,67.00
1,unlabeled,408,3,forward,81,170,2124,0,3616,1776,-1.00,2124.00,0,-1.000,-1.00,-1.00,57.70,364.29,2091.73,31.40,67.00
1,unlabeled,409,4,forward,81,170,2114,0,3752,1768,-1.00,2114.00,0,-1.000,-1.00,-1.00,57.43,362.57,2081.88,31.40,67.00
1,unlabeled,410,5,forward,81,170,2137,0,3240,1808,-1.00,2137.00,0,-1.000,-1.00,-1.00,58.05,366.52,2104.53,31.40,67.00
CMD pan=82 tilt=170
1,unlabeled,411,1,forward,82,170,2134,0,4016,1768,-1.00,2134.00,1,-1.000,-1.00,-1.00,51.57,366.96,2101.58,31.40,67.00
1,unlabeled,412,2,forward,82,170,2135,0,3472,1816,-1.00,2135.00,0,-1.000,-1.00,-1.00,51.60,367.13,2102.56,31.40,67.00
1,unlabeled,413,3,forward,82,170,2127,0,3168,1808,-1.00,2127.00,0,-1.000,-1.00,-1.00,51.40,365.76,2094.69,31.40,67.00
1,unlabeled,414,4,forward,82,170,2130,0,3480,1808,-1.00,2130.00,0,-1.000,-1.00,-1.00,51.48,366.27,2097.64,31.40,67.00
1,unlabeled,415,5,forward,82,170,2129,0,3464,1808,-1.00,2129.00,0,-1.000,-1.00,-1.00,51.45,366.10,2096.66,31.40,67.00
CMD pan=83 tilt=170
1,unlabeled,416,1,forward,83,170,2124,0,3848,1760,-1.00,2124.00,1,-1.000,-1.00,-1.00,44.95,366.08,2091.73,31.40,67.00
1,unlabeled,417,2,forward,83,170,2135,0,3912,1760,-1.00,2135.00,0,-1.000,-1.00,-1.00,45.18,367.98,2102.56,31.40,67.00
1,unlabeled,418,3,forward,83,170,2128,0,3352,1816,-1.00,2128.00,0,-1.000,-1.00,-1.00,45.03,366.77,2095.67,31.40,67.00
1,unlabeled,419,4,forward,83,170,2143,0,3648,1800,-1.00,2143.00,0,-1.000,-1.00,-1.00,45.35,369.35,2110.44,31.40,67.00
1,unlabeled,420,5,forward,83,170,2144,0,3744,1776,-1.00,2144.00,0,-1.000,-1.00,-1.00,45.37,369.53,2111.43,31.40,67.00
CMD pan=84 tilt=170
1,unlabeled,421,1,forward,84,170,2138,0,3840,1776,-1.00,2138.00,1,-1.000,-1.00,-1.00,38.81,369.23,2105.52,31.40,67.00
1,unlabeled,422,2,forward,84,170,2150,0,3304,1824,-1.00,2150.00,0,-1.000,-1.00,-1.00,39.03,371.30,2117.34,31.40,67.00
1,unlabeled,423,3,forward,84,170,2147,0,3624,1784,-1.00,2147.00,0,-1.000,-1.00,-1.00,38.97,370.78,2114.38,31.40,67.00
1,unlabeled,424,4,forward,84,170,2135,0,4088,1760,-1.00,2135.00,0,-1.000,-1.00,-1.00,38.75,368.71,2102.56,31.40,67.00
1,unlabeled,425,5,forward,84,170,2139,0,3456,1816,-1.00,2139.00,0,-1.000,-1.00,-1.00,38.83,369.40,2106.50,31.40,67.00
CMD pan=85 tilt=170
1,unlabeled,426,1,forward,85,170,2134,0,3384,1824,-1.00,2134.00,1,-1.000,-1.00,-1.00,32.30,369.16,2101.58,31.40,67.00
1,unlabeled,427,2,forward,85,170,2142,0,2904,1848,-1.00,2142.00,0,-1.000,-1.00,-1.00,32.42,370.54,2109.46,31.40,67.00
1,unlabeled,428,3,forward,85,170,2139,0,3624,1800,-1.00,2139.00,0,-1.000,-1.00,-1.00,32.37,370.02,2106.50,31.40,67.00
1,unlabeled,429,4,forward,85,170,2144,0,3744,1792,-1.00,2144.00,0,-1.000,-1.00,-1.00,32.45,370.89,2111.43,31.40,67.00
1,unlabeled,430,5,forward,85,170,2131,0,3544,1800,-1.00,2131.00,0,-1.000,-1.00,-1.00,32.25,368.64,2098.63,31.40,67.00
CMD pan=86 tilt=170
1,unlabeled,431,1,forward,86,170,2143,0,3128,1832,-1.00,2143.00,1,-1.000,-1.00,-1.00,25.96,371.22,2110.44,31.40,67.00
1,unlabeled,432,2,forward,86,170,2133,0,4016,1752,-1.00,2133.00,0,-1.000,-1.00,-1.00,25.84,369.49,2100.59,31.40,67.00
1,unlabeled,433,3,forward,86,170,2129,0,3680,1800,-1.00,2129.00,0,-1.000,-1.00,-1.00,25.79,368.80,2096.66,31.40,67.00
1,unlabeled,434,4,forward,86,170,2141,0,3280,1824,-1.00,2141.00,0,-1.000,-1.00,-1.00,25.93,370.88,2108.47,31.40,67.00
1,unlabeled,435,5,forward,86,170,2137,0,3632,1800,-1.00,2137.00,0,-1.000,-1.00,-1.00,25.89,370.18,2104.53,31.40,67.00
CMD pan=87 tilt=170
1,unlabeled,436,1,forward,87,170,2143,0,2696,1880,-1.00,2143.00,1,-1.000,-1.00,-1.00,19.48,371.62,2110.44,31.40,67.00
1,unlabeled,437,2,forward,87,170,2146,0,3408,1832,-1.00,2146.00,0,-1.000,-1.00,-1.00,19.50,372.14,2113.40,31.40,67.00
1,unlabeled,438,3,forward,87,170,2141,0,3360,1840,-1.00,2141.00,0,-1.000,-1.00,-1.00,19.46,371.27,2108.47,31.40,67.00
1,unlabeled,439,4,forward,87,170,2147,0,3640,1800,-1.00,2147.00,0,-1.000,-1.00,-1.00,19.51,372.31,2114.38,31.40,67.00
1,unlabeled,440,5,forward,87,170,2134,0,3328,1816,-1.00,2134.00,0,-1.000,-1.00,-1.00,19.39,370.06,2101.58,31.40,67.00
CMD pan=88 tilt=170
1,unlabeled,441,1,forward,88,170,2145,0,3128,1848,-1.00,2145.00,1,-1.000,-1.00,-1.00,13.00,372.25,2112.41,31.40,67.00
1,unlabeled,442,2,forward,88,170,2147,0,3208,1824,-1.00,2147.00,0,-1.000,-1.00,-1.00,13.01,372.60,2114.38,31.40,67.00
1,unlabeled,443,3,forward,88,170,2148,0,3328,1816,-1.00,2148.00,0,-1.000,-1.00,-1.00,13.02,372.77,2115.37,31.40,67.00
1,unlabeled,444,4,forward,88,170,2158,0,3824,1784,-1.00,2158.00,0,-1.000,-1.00,-1.00,13.08,374.50,2125.22,31.40,67.00
1,unlabeled,445,5,forward,88,170,2139,0,3016,1864,-1.00,2139.00,0,-1.000,-1.00,-1.00,12.96,371.21,2106.50,31.40,67.00
CMD pan=89 tilt=170
1,unlabeled,446,1,forward,89,170,2146,0,2792,1872,-1.00,2146.00,1,-1.000,-1.00,-1.00,6.50,372.59,2113.40,31.40,67.00
1,unlabeled,447,2,forward,89,170,2158,0,3488,1816,-1.00,2158.00,0,-1.000,-1.00,-1.00,6.54,374.68,2125.22,31.40,67.00
1,unlabeled,448,3,forward,89,170,2152,0,3912,1776,-1.00,2152.00,0,-1.000,-1.00,-1.00,6.52,373.63,2119.31,31.40,67.00
1,unlabeled,449,4,forward,89,170,2137,0,3040,1848,-1.00,2137.00,0,-1.000,-1.00,-1.00,6.48,371.03,2104.53,31.40,67.00
1,unlabeled,450,5,forward,89,170,2158,0,3584,1800,-1.00,2158.00,0,-1.000,-1.00,-1.00,6.54,374.68,2125.22,31.40,67.00
CMD pan=90 tilt=170
1,unlabeled,451,1,forward,90,170,2155,0,3232,1824,-1.00,2155.00,1,-1.000,-1.00,-1.00,-0.00,374.21,2122.26,31.40,67.00
1,unlabeled,452,2,forward,90,170,2155,0,3296,1808,-1.00,2155.00,0,-1.000,-1.00,-1.00,-0.00,374.21,2122.26,31.40,67.00
1,unlabeled,453,3,forward,90,170,2159,0,3664,1768,-1.00,2159.00,0,-1.000,-1.00,-1.00,-0.00,374.91,2126.20,31.40,67.00
1,unlabeled,454,4,forward,90,170,2158,0,3184,1816,-1.00,2158.00,0,-1.000,-1.00,-1.00,-0.00,374.73,2125.22,31.40,67.00
1,unlabeled,455,5,forward,90,170,2150,0,3224,1824,-1.00,2150.00,0,-1.000,-1.00,-1.00,-0.00,373.34,2117.34,31.40,67.00
CMD pan=91 tilt=170
1,unlabeled,456,1,forward,91,170,2163,0,3648,1776,-1.00,2163.00,1,-1.000,-1.00,-1.00,-6.56,375.54,2130.14,31.40,67.00
1,unlabeled,457,2,forward,91,170,2143,0,2712,1864,-1.00,2143.00,0,-1.000,-1.00,-1.00,-6.49,372.07,2110.44,31.40,67.00
1,unlabeled,458,3,forward,91,170,2144,0,3752,1768,-1.00,2144.00,0,-1.000,-1.00,-1.00,-6.50,372.25,2111.43,31.40,67.00
1,unlabeled,459,4,forward,91,170,2154,0,2712,1848,-1.00,2154.00,0,-1.000,-1.00,-1.00,-6.53,373.98,2121.28,31.40,67.00
1,unlabeled,460,5,forward,91,170,2149,0,3344,1816,-1.00,2149.00,0,-1.000,-1.00,-1.00,-6.51,373.11,2116.35,31.40,67.00
CMD pan=92 tilt=170
1,unlabeled,461,1,forward,92,170,2164,0,3008,1824,-1.00,2164.00,1,-1.000,-1.00,-1.00,-13.11,375.55,2131.12,31.40,67.00
1,unlabeled,462,2,forward,92,170,2169,0,3088,1832,-1.00,2169.00,1,-1.000,-1.00,-1.00,-13.14,376.41,2136.05,31.40,67.00
1,unlabeled,463,3,forward,92,170,2171,0,3272,1808,-1.00,2171.00,1,-1.000,-1.00,-1.00,-13.16,376.76,2138.02,31.40,67.00
1,unlabeled,464,4,forward,92,170,2158,0,2824,1832,-1.00,2158.00,0,-1.000,-1.00,-1.00,-13.08,374.50,2125.22,31.40,67.00
1,unlabeled,465,5,forward,92,170,2169,0,2992,1824,-1.00,2169.00,0,-1.000,-1.00,-1.00,-13.14,376.41,2136.05,31.40,67.00
CMD pan=93 tilt=170
1,unlabeled,466,1,forward,93,170,2170,0,2808,1864,-1.00,2170.00,1,-1.000,-1.00,-1.00,-19.72,376.30,2137.03,31.40,67.00
1,unlabeled,467,2,forward,93,170,2174,0,3000,1824,-1.00,2174.00,0,-1.000,-1.00,-1.00,-19.76,376.99,2140.97,31.40,67.00
1,unlabeled,468,3,forward,93,170,2179,0,3120,1832,-1.00,2179.00,0,-1.000,-1.00,-1.00,-19.80,377.86,2145.90,31.40,67.00
1,unlabeled,469,4,forward,93,170,2157,0,3560,1800,-1.00,2157.00,0,-1.000,-1.00,-1.00,-19.60,374.05,2124.23,31.40,67.00
1,unlabeled,470,5,forward,93,170,2175,0,3312,1800,-1.00,2175.00,0,-1.000,-1.00,-1.00,-19.77,377.17,2141.96,31.40,67.00
CMD pan=94 tilt=170
1,unlabeled,471,1,forward,94,170,2154,0,3040,1816,-1.00,2154.00,1,-1.000,-1.00,-1.00,-26.09,373.13,2121.28,31.40,67.00
1,unlabeled,472,2,forward,94,170,2185,0,3088,1832,-1.00,2185.00,0,-1.000,-1.00,-1.00,-26.47,378.50,2151.80,31.40,67.00
1,unlabeled,473,3,forward,94,170,2185,0,2832,1856,-1.00,2185.00,0,-1.000,-1.00,-1.00,-26.47,378.50,2151.80,31.40,67.00
1,unlabeled,474,4,forward,94,170,2174,0,3280,1792,-1.00,2174.00,0,-1.000,-1.00,-1.00,-26.33,376.59,2140.97,31.40,67.00
1,unlabeled,475,5,forward,94,170,2174,0,3192,1840,-1.00,2174.00,0,-1.000,-1.00,-1.00,-26.33,376.59,2140.97,31.40,67.00
CMD pan=95 tilt=170
1,unlabeled,476,1,forward,95,170,2159,0,2832,1832,-1.00,2159.00,1,-1.000,-1.00,-1.00,-32.68,373.48,2126.20,31.40,67.00
1,unlabeled,477,2,forward,95,170,2176,0,2472,1872,-1.00,2176.00,0,-1.000,-1.00,-1.00,-32.93,376.42,2142.94,31.40,67.00
1,unlabeled,478,3,forward,95,170,2195,0,2856,1864,-1.00,2195.00,0,-1.000,-1.00,-1.00,-33.22,379.71,2161.65,31.40,67.00
1,unlabeled,479,4,forward,95,170,2189,0,3016,1848,-1.00,2189.00,0,-1.000,-1.00,-1.00,-33.13,378.67,2155.74,31.40,67.00
1,unlabeled,480,5,forward,95,170,2191,0,3352,1808,-1.00,2191.00,0,-1.000,-1.00,-1.00,-33.16,379.02,2157.71,31.40,67.00
CMD pan=96 tilt=170
1,unlabeled,481,1,forward,96,170,2198,0,3640,1768,-1.00,2198.00,1,-1.000,-1.00,-1.00,-39.90,379.59,2164.61,31.40,67.00
1,unlabeled,482,2,forward,96,170,2189,0,2096,1904,-1.00,2189.00,0,-1.000,-1.00,-1.00,-39.73,378.03,2155.74,31.40,67.00
1,unlabeled,483,3,forward,96,170,2192,0,2848,1848,-1.00,2192.00,0,-1.000,-1.00,-1.00,-39.79,378.55,2158.70,31.40,67.00
1,unlabeled,484,4,forward,96,170,2204,0,2712,1856,-1.00,2204.00,0,-1.000,-1.00,-1.00,-40.01,380.62,2170.52,31.40,67.00
1,unlabeled,485,5,forward,96,170,2188,0,2704,1840,-1.00,2188.00,0,-1.000,-1.00,-1.00,-39.71,377.86,2154.76,31.40,67.00
CMD pan=97 tilt=170
1,unlabeled,486,1,forward,97,170,2204,0,2392,1856,-1.00,2204.00,1,-1.000,-1.00,-1.00,-46.64,379.87,2170.52,31.40,67.00
1,unlabeled,487,2,forward,97,170,2216,0,2424,1856,-1.00,2216.00,0,-1.000,-1.00,-1.00,-46.90,381.94,2182.33,31.40,67.00
1,unlabeled,488,3,forward,97,170,2200,0,2816,1840,-1.00,2200.00,0,-1.000,-1.00,-1.00,-46.56,379.18,2166.58,31.40,67.00
1,unlabeled,489,4,forward,97,170,2202,0,3080,1824,-1.00,2202.00,0,-1.000,-1.00,-1.00,-46.60,379.52,2168.55,31.40,67.00
1,unlabeled,490,5,forward,97,170,2219,0,2920,1840,-1.00,2219.00,0,-1.000,-1.00,-1.00,-46.96,382.45,2185.29,31.40,67.00
CMD pan=98 tilt=170
1,unlabeled,491,1,forward,98,170,2188,0,2640,1864,-1.00,2188.00,1,-1.000,-1.00,-1.00,-52.88,376.24,2154.76,31.40,67.00
1,unlabeled,492,2,forward,98,170,2198,0,2992,1856,-1.00,2198.00,0,-1.000,-1.00,-1.00,-53.12,377.96,2164.61,31.40,67.00
1,unlabeled,493,3,forward,98,170,2206,0,2880,1832,-1.00,2206.00,0,-1.000,-1.00,-1.00,-53.31,379.34,2172.49,31.40,67.00
1,unlabeled,494,4,forward,98,170,2206,0,2760,1832,-1.00,2206.00,0,-1.000,-1.00,-1.00,-53.31,379.34,2172.49,31.40,67.00
1,unlabeled,495,5,forward,98,170,2200,0,2960,1800,-1.00,2200.00,0,-1.000,-1.00,-1.00,-53.17,378.31,2166.58,31.40,67.00
CMD pan=99 tilt=170
1,unlabeled,496,1,forward,99,170,2237,0,2328,1872,-1.00,2237.00,1,-1.000,-1.00,-1.00,-60.77,383.67,2203.01,31.40,67.00
1,unlabeled,497,2,forward,99,170,2177,0,2208,1848,-1.00,2177.00,0,-1.000,-1.00,-1.00,-59.14,373.38,2143.93,31.40,67.00
1,unlabeled,498,3,forward,99,170,2202,0,2952,1824,-1.00,2202.00,0,-1.000,-1.00,-1.00,-59.82,377.67,2168.55,31.40,67.00
1,unlabeled,499,4,forward,99,170,2179,0,2288,1880,-1.00,2179.00,0,-1.000,-1.00,-1.00,-59.19,373.72,2145.90,31.40,67.00
1,unlabeled,500,5,forward,99,170,2212,0,3208,1808,-1.00,2212.00,0,-1.000,-1.00,-1.00,-60.09,379.38,2178.39,31.40,67.00
CMD pan=100 tilt=170
1,unlabeled,501,1,forward,100,170,2211,0,2960,1816,-1.00,2211.00,1,-1.000,-1.00,-1.00,-66.67,378.10,2177.41,31.40,67.00
1,unlabeled,502,2,forward,100,170,2196,0,2808,1824,-1.00,2196.00,0,-1.000,-1.00,-1.00,-66.22,375.54,2162.64,31.40,67.00
1,unlabeled,503,3,forward,100,170,2206,0,2728,1848,-1.00,2206.00,0,-1.000,-1.00,-1.00,-66.52,377.25,2172.49,31.40,67.00
1,unlabeled,504,4,forward,100,170,2203,0,2920,1840,-1.00,2203.00,0,-1.000,-1.00,-1.00,-66.43,376.74,2169.53,31.40,67.00
1,unlabeled,505,5,forward,100,170,2199,0,2968,1832,-1.00,2199.00,0,-1.000,-1.00,-1.00,-66.31,376.05,2165.59,31.40,67.00
CMD pan=101 tilt=170
1,unlabeled,506,1,forward,101,170,2203,0,2656,1832,-1.00,2203.00,1,-1.000,-1.00,-1.00,-72.99,375.52,2169.53,31.40,67.00
1,unlabeled,507,2,forward,101,170,2245,0,3160,1832,-1.00,2245.00,0,-1.000,-1.00,-1.00,-74.39,382.68,2210.89,31.40,67.00
1,unlabeled,508,3,forward,101,170,2234,0,3088,1808,-1.00,2234.00,0,-1.000,-1.00,-1.00,-74.02,380.80,2200.06,31.40,67.00
1,unlabeled,509,4,forward,101,170,2216,0,3040,1824,-1.00,2216.00,0,-1.000,-1.00,-1.00,-73.42,377.73,2182.33,31.40,67.00
1,unlabeled,510,5,forward,101,170,2202,0,2968,1816,-1.00,2202.00,0,-1.000,-1.00,-1.00,-72.96,375.35,2168.55,31.40,67.00
CMD pan=102 tilt=170
1,unlabeled,511,1,forward,102,170,2210,0,2680,1848,-1.00,2210.00,1,-1.000,-1.00,-1.00,-79.79,375.38,2176.43,31.40,67.00
1,unlabeled,512,2,forward,102,170,2213,0,2496,1880,-1.00,2213.00,0,-1.000,-1.00,-1.00,-79.90,375.89,2179.38,31.40,67.00
1,unlabeled,513,3,forward,102,170,2227,0,2888,1800,-1.00,2227.00,0,-1.000,-1.00,-1.00,-80.40,378.26,2193.17,31.40,67.00
1,unlabeled,514,4,forward,102,170,2217,0,3320,1784,-1.00,2217.00,0,-1.000,-1.00,-1.00,-80.04,376.57,2183.32,31.40,67.00
1,unlabeled,515,5,forward,102,170,2238,0,2376,1880,-1.00,2238.00,0,-1.000,-1.00,-1.00,-80.80,380.13,2204.00,31.40,67.00
CMD pan=103 tilt=170
1,unlabeled,516,1,forward,103,170,2227,0,3144,1800,-1.00,2227.00,1,-1.000,-1.00,-1.00,-86.99,376.80,2193.17,31.40,67.00
1,unlabeled,517,2,forward,103,170,2229,0,2920,1816,-1.00,2229.00,0,-1.000,-1.00,-1.00,-87.07,377.14,2195.14,31.40,67.00
1,unlabeled,518,3,forward,103,170,2255,0,2416,1840,-1.00,2255.00,0,-1.000,-1.00,-1.00,-88.09,381.54,2220.74,31.40,67.00
1,unlabeled,519,4,forward,103,170,2253,0,2664,1824,-1.00,2253.00,0,-1.000,-1.00,-1.00,-88.01,381.20,2218.77,31.40,67.00
1,unlabeled,520,5,forward,103,170,2223,0,2760,1832,-1.00,2223.00,0,-1.000,-1.00,-1.00,-86.84,376.13,2189.23,31.40,67.00
CMD pan=104 tilt=170
1,unlabeled,521,1,forward,104,170,2231,0,2960,1792,-1.00,2231.00,1,-1.000,-1.00,-1.00,-93.72,375.90,2197.11,31.40,67.00
1,unlabeled,522,2,forward,104,170,2224,0,2688,1824,-1.00,2224.00,0,-1.000,-1.00,-1.00,-93.43,374.72,2190.21,31.40,67.00
1,unlabeled,523,3,forward,104,170,2251,0,3160,1824,-1.00,2251.00,0,-1.000,-1.00,-1.00,-94.56,379.27,2216.80,31.40,67.00
1,unlabeled,524,4,forward,104,170,2245,0,3112,1792,-1.00,2245.00,0,-1.000,-1.00,-1.00,-94.31,378.26,2210.89,31.40,67.00
1,unlabeled,525,5,forward,104,170,2221,0,2208,1896,-1.00,2221.00,0,-1.000,-1.00,-1.00,-93.30,374.22,2187.26,31.40,67.00
CMD pan=105 tilt=170
1,unlabeled,526,1,forward,105,170,2248,0,2960,1800,-1.00,2248.00,1,-1.000,-1.00,-1.00,-101.03,377.06,2213.85,31.40,67.00
1,unlabeled,527,2,forward,105,170,2250,0,3064,1776,-1.00,2250.00,0,-1.000,-1.00,-1.00,-101.12,377.40,2215.82,31.40,67.00
1,unlabeled,528,3,forward,105,170,2267,0,2296,1864,-1.00,2267.00,0,-1.000,-1.00,-1.00,-101.89,380.25,2232.56,31.40,67.00
1,unlabeled,529,4,forward,105,170,2248,0,2760,1840,-1.00,2248.00,0,-1.000,-1.00,-1.00,-101.03,377.06,2213.85,31.40,67.00
1,unlabeled,530,5,forward,105,170,2257,0,2568,1824,-1.00,2257.00,0,-1.000,-1.00,-1.00,-101.44,378.57,2222.71,31.40,67.00
CMD pan=106 tilt=170
1,unlabeled,531,1,forward,106,170,2272,0,2904,1800,-1.00,2272.00,1,-1.000,-1.00,-1.00,-108.75,379.25,2237.48,31.40,67.00
1,unlabeled,532,2,forward,106,170,2276,0,3120,1792,-1.00,2276.00,0,-1.000,-1.00,-1.00,-108.94,379.91,2241.42,31.40,67.00
1,unlabeled,533,3,forward,106,170,2271,0,2744,1816,-1.00,2271.00,0,-1.000,-1.00,-1.00,-108.70,379.08,2236.50,31.40,67.00
1,unlabeled,534,4,forward,106,170,2263,0,2720,1824,-1.00,2263.00,0,-1.000,-1.00,-1.00,-108.32,377.74,2228.62,31.40,67.00
1,unlabeled,535,5,forward,106,170,2261,0,2864,1808,-1.00,2261.00,0,-1.000,-1.00,-1.00,-108.22,377.41,2226.65,31.40,67.00
CMD pan=107 tilt=170
1,unlabeled,536,1,forward,107,170,2282,0,2480,1840,-1.00,2282.00,1,-1.000,-1.00,-1.00,-115.86,378.95,2247.33,31.40,67.00
1,unlabeled,537,2,forward,107,170,2293,0,2096,1840,-1.00,2293.00,0,-1.000,-1.00,-1.00,-116.42,380.78,2258.16,31.40,67.00
1,unlabeled,538,3,forward,107,170,2284,0,2320,1840,-1.00,2284.00,0,-1.000,-1.00,-1.00,-115.96,379.28,2249.30,31.40,67.00
1,unlabeled,539,4,forward,107,170,2263,0,3448,1736,-1.00,2263.00,0,-1.000,-1.00,-1.00,-114.89,375.80,2228.62,31.40,67.00
1,unlabeled,540,5,forward,107,170,2291,0,3224,1768,-1.00,2291.00,0,-1.000,-1.00,-1.00,-116.31,380.44,2256.19,31.40,67.00
CMD pan=108 tilt=170
1,unlabeled,541,1,forward,108,170,2293,0,2872,1784,-1.00,2293.00,1,-1.000,-1.00,-1.00,-123.04,378.69,2258.16,31.40,67.00
1,unlabeled,542,2,forward,108,170,2279,0,2632,1808,-1.00,2279.00,0,-1.000,-1.00,-1.00,-122.29,376.38,2244.38,31.40,67.00
1,unlabeled,543,3,forward,108,170,2286,0,2616,1800,-1.00,2286.00,0,-1.000,-1.00,-1.00,-122.67,377.53,2251.27,31.40,67.00
1,unlabeled,544,4,forward,108,170,2302,0,2896,1792,-1.00,2302.00,0,-1.000,-1.00,-1.00,-123.53,380.17,2267.03,31.40,67.00
1,unlabeled,545,5,forward,108,170,2282,0,2464,1824,-1.00,2282.00,0,-1.000,-1.00,-1.00,-122.45,376.87,2247.33,31.40,67.00
CMD pan=109 tilt=170
1,unlabeled,546,1,forward,109,170,2295,0,2576,1816,-1.00,2295.00,1,-1.000,-1.00,-1.00,-129.75,376.81,2260.13,31.40,67.00
1,unlabeled,547,2,forward,109,170,2300,0,2488,1808,-1.00,2300.00,0,-1.000,-1.00,-1.00,-130.03,377.63,2265.06,31.40,67.00
1,unlabeled,548,3,forward,109,170,2285,0,2600,1792,-1.00,2285.00,0,-1.000,-1.00,-1.00,-129.18,375.17,2250.29,31.40,67.00
1,unlabeled,549,4,forward,109,170,2330,0,2728,1800,-1.00,2330.00,0,-1.000,-1.00,-1.00,-131.72,382.56,2294.60,31.40,67.00
1,unlabeled,550,5,forward,109,170,2302,0,2304,1848,-1.00,2302.00,0,-1.000,-1.00,-1.00,-130.14,377.96,2267.03,31.40,67.00
CMD pan=110 tilt=170
1,unlabeled,551,1,forward,110,170,2309,0,2584,1800,-1.00,2309.00,1,-1.000,-1.00,-1.00,-137.13,376.77,2273.92,31.40,67.00
1,unlabeled,552,2,forward,110,170,2290,0,2584,1808,-1.00,2290.00,0,-1.000,-1.00,-1.00,-136.01,373.67,2255.21,31.40,67.00
1,unlabeled,553,3,forward,110,170,2280,0,1656,1888,-1.00,2280.00,0,-1.000,-1.00,-1.00,-135.41,372.04,2245.36,31.40,67.00
1,unlabeled,554,4,forward,110,170,2326,0,2064,1848,-1.00,2326.00,0,-1.000,-1.00,-1.00,-138.14,379.55,2290.66,31.40,67.00
1,unlabeled,555,5,forward,110,170,2287,0,2344,1808,-1.00,2287.00,0,-1.000,-1.00,-1.00,-135.83,373.18,2252.26,31.40,67.00
CMD pan=111 tilt=170
1,unlabeled,556,1,forward,111,170,2324,0,2416,1800,-1.00,2324.00,1,-1.000,-1.00,-1.00,-144.62,376.75,2288.69,31.40,67.00
1,unlabeled,557,2,forward,111,170,2326,0,1864,1864,-1.00,2326.00,0,-1.000,-1.00,-1.00,-144.75,377.08,2290.66,31.40,67.00
1,unlabeled,558,3,forward,111,170,2342,0,2824,1768,-1.00,2342.00,0,-1.000,-1.00,-1.00,-145.74,379.67,2306.42,31.40,67.00
1,unlabeled,559,4,forward,111,170,2348,0,2696,1776,-1.00,2348.00,0,-1.000,-1.00,-1.00,-146.12,380.65,2312.33,31.40,67.00
1,unlabeled,560,5,forward,111,170,2314,0,2720,1784,-1.00,2314.00,0,-1.000,-1.00,-1.00,-144.00,375.13,2278.84,31.40,67.00
CMD pan=112 tilt=170
1,unlabeled,561,1,forward,112,170,2324,0,2272,1824,-1.00,2324.00,1,-1.000,-1.00,-1.00,-151.18,374.17,2288.69,31.40,67.00
1,unlabeled,562,2,forward,112,170,2324,0,3288,1728,-1.00,2324.00,0,-1.000,-1.00,-1.00,-151.18,374.17,2288.69,31.40,67.00
1,unlabeled,563,3,forward,112,170,2306,0,3256,1720,-1.00,2306.00,0,-1.000,-1.00,-1.00,-150.00,371.27,2270.97,31.40,67.00
1,unlabeled,564,4,forward,112,170,2346,0,2320,1808,-1.00,2346.00,0,-1.000,-1.00,-1.00,-152.61,377.71,2310.36,31.40,67.00
1,unlabeled,565,5,forward,112,170,2330,0,2528,1816,-1.00,2330.00,0,-1.000,-1.00,-1.00,-151.57,375.14,2294.60,31.40,67.00
CMD pan=113 tilt=170
1,unlabeled,566,1,forward,113,170,2389,0,2208,1784,-1.00,2389.00,1,-1.000,-1.00,-1.00,-162.09,381.87,2352.71,31.40,67.00
1,unlabeled,567,2,forward,113,170,2335,0,2352,1808,-1.00,2335.00,0,-1.000,-1.00,-1.00,-158.43,373.24,2299.53,31.40,67.00
1,unlabeled,568,3,forward,113,170,2360,0,2256,1800,-1.00,2360.00,0,-1.000,-1.00,-1.00,-160.13,377.23,2324.15,31.40,67.00
1,unlabeled,569,4,forward,113,170,2390,0,2520,1784,-1.00,2390.00,0,-1.000,-1.00,-1.00,-162.16,382.03,2353.69,31.40,67.00
1,unlabeled,570,5,forward,113,170,2383,0,2384,1792,-1.00,2383.00,0,-1.000,-1.00,-1.00,-161.69,380.91,2346.80,31.40,67.00
CMD pan=114 tilt=170
1,unlabeled,571,1,forward,114,170,2391,0,2304,1776,-1.00,2391.00,1,-1.000,-1.00,-1.00,-168.87,379.30,2354.68,31.40,67.00
1,unlabeled,572,2,forward,114,170,2388,0,1728,1832,-1.00,2388.00,0,-1.000,-1.00,-1.00,-168.66,378.82,2351.72,31.40,67.00
1,unlabeled,573,3,forward,114,170,2377,0,2544,1744,-1.00,2377.00,0,-1.000,-1.00,-1.00,-167.89,377.08,2340.89,31.40,67.00
1,unlabeled,574,4,forward,114,170,2404,0,2928,1712,-1.00,2404.00,0,-1.000,-1.00,-1.00,-169.79,381.36,2367.48,31.40,67.00
1,unlabeled,575,5,forward,114,170,2404,0,2864,1736,-1.00,2404.00,0,-1.000,-1.00,-1.00,-169.79,381.36,2367.48,31.40,67.00
CMD pan=115 tilt=170
1,unlabeled,576,1,forward,115,170,2420,0,2600,1744,-1.00,2420.00,1,-1.000,-1.00,-1.00,-177.60,380.86,2383.23,31.40,67.00
1,unlabeled,577,2,forward,115,170,2379,0,2584,1744,-1.00,2379.00,0,-1.000,-1.00,-1.00,-174.59,374.40,2342.86,31.40,67.00
1,unlabeled,578,3,forward,115,170,2415,0,2192,1808,-1.00,2415.00,0,-1.000,-1.00,-1.00,-177.23,380.07,2378.31,31.40,67.00
1,unlabeled,579,4,forward,115,170,2391,0,1808,1840,-1.00,2391.00,0,-1.000,-1.00,-1.00,-175.47,376.29,2354.68,31.40,67.00
1,unlabeled,580,5,forward,115,170,2395,0,3168,1720,-1.00,2395.00,0,-1.000,-1.00,-1.00,-175.76,376.92,2358.61,31.40,67.00
CMD pan=116 tilt=170
1,unlabeled,581,1,forward,116,170,2451,0,2024,1768,-1.00,2451.00,1,-1.000,-1.00,-1.00,-186.58,382.54,2413.76,31.40,67.00
1,unlabeled,582,2,forward,116,170,2441,0,2336,1744,-1.00,2441.00,0,-1.000,-1.00,-1.00,-185.81,380.98,2403.92,31.40,67.00
1,unlabeled,583,3,forward,116,170,2435,0,2120,1776,-1.00,2435.00,0,-1.000,-1.00,-1.00,-185.36,380.04,2398.01,31.40,67.00
1,unlabeled,584,4,forward,116,170,2436,0,2616,1720,-1.00,2436.00,0,-1.000,-1.00,-1.00,-185.43,380.20,2398.99,31.40,67.00
1,unlabeled,585,5,forward,116,170,2414,0,2232,1776,-1.00,2414.00,0,-1.000,-1.00,-1.00,-183.76,376.76,2377.33,31.40,67.00
CMD pan=117 tilt=170
1,unlabeled,586,1,forward,117,170,2451,0,2272,1752,-1.00,2451.00,1,-1.000,-1.00,-1.00,-193.22,379.22,2413.76,31.40,67.00
1,unlabeled,587,2,forward,117,170,2433,0,2080,1760,-1.00,2433.00,0,-1.000,-1.00,-1.00,-191.80,376.44,2396.04,31.40,67.00
1,unlabeled,588,3,forward,117,170,2439,0,2184,1760,-1.00,2439.00,0,-1.000,-1.00,-1.00,-192.28,377.37,2401.95,31.40,67.00
1,unlabeled,589,4,forward,117,170,2445,0,2416,1744,-1.00,2445.00,0,-1.000,-1.00,-1.00,-192.75,378.29,2407.85,31.40,67.00
1,unlabeled,590,5,forward,117,170,2450,0,1648,1792,-1.00,2450.00,0,-1.000,-1.00,-1.00,-193.14,379.07,2412.78,31.40,67.00
CMD pan=118 tilt=170
1,unlabeled,591,1,forward,118,170,2464,0,1704,1776,-1.00,2464.00,1,-1.000,-1.00,-1.00,-200.87,377.79,2426.57,31.40,67.00
1,unlabeled,592,2,forward,118,170,2462,0,2648,1688,-1.00,2462.00,0,-1.000,-1.00,-1.00,-200.71,377.48,2424.60,31.40,67.00
1,unlabeled,593,3,forward,118,170,2446,0,2496,1712,-1.00,2446.00,0,-1.000,-1.00,-1.00,-199.41,375.03,2408.84,31.40,67.00
1,unlabeled,594,4,forward,118,170,2455,0,2208,1728,-1.00,2455.00,0,-1.000,-1.00,-1.00,-200.14,376.41,2417.70,31.40,67.00
1,unlabeled,595,5,forward,118,170,2429,0,2248,1736,-1.00,2429.00,0,-1.000,-1.00,-1.00,-198.02,372.42,2392.10,31.40,67.00
CMD pan=119 tilt=170
1,unlabeled,596,1,forward,119,170,2457,0,2184,1728,-1.00,2457.00,1,-1.000,-1.00,-1.00,-206.85,373.16,2419.67,31.40,67.00
1,unlabeled,597,2,forward,119,170,2478,0,2296,1744,-1.00,2478.00,0,-1.000,-1.00,-1.00,-208.61,376.35,2440.35,31.40,67.00
1,unlabeled,598,3,forward,119,170,2455,0,1912,1744,-1.00,2455.00,0,-1.000,-1.00,-1.00,-206.68,372.86,2417.70,31.40,67.00
1,unlabeled,599,4,forward,119,170,2490,0,2376,1728,-1.00,2490.00,0,-1.000,-1.00,-1.00,-209.62,378.17,2452.17,31.40,67.00
1,unlabeled,600,5,forward,119,170,2471,0,2792,1696,-1.00,2471.00,0,-1.000,-1.00,-1.00,-208.02,375.29,2433.46,31.40,67.00
CMD pan=120 tilt=170
1,unlabeled,601,1,forward,120,170,2512,0,2416,1688,-1.00,2512.00,1,-1.000,-1.00,-1.00,-218.10,377.76,2473.84,31.40,67.00
1,unlabeled,602,2,forward,120,170,2495,0,2336,1720,-1.00,2495.00,0,-1.000,-1.00,-1.00,-216.63,375.21,2457.10,31.40,67.00
1,unlabeled,603,3,forward,120,170,2509,0,1952,1728,-1.00,2509.00,0,-1.000,-1.00,-1.00,-217.84,377.31,2470.88,31.40,67.00
1,unlabeled,604,4,forward,120,170,2492,0,1872,1760,-1.00,2492.00,0,-1.000,-1.00,-1.00,-216.37,374.76,2454.14,31.40,67.00
1,unlabeled,605,5,forward,120,170,2519,0,2264,1704,-1.00,2519.00,0,-1.000,-1.00,-1.00,-218.71,378.82,2480.73,31.40,67.00
CMD pan=121 tilt=170
1,unlabeled,606,1,forward,121,170,2537,0,2136,1728,-1.00,2537.00,1,-1.000,-1.00,-1.00,-226.90,377.62,2498.46,31.40,67.00
1,unlabeled,607,2,forward,121,170,2538,0,1336,1776,-1.00,2538.00,0,-1.000,-1.00,-1.00,-226.99,377.77,2499.44,31.40,67.00
1,unlabeled,608,3,forward,121,170,2526,0,1376,1776,-1.00,2526.00,0,-1.000,-1.00,-1.00,-225.91,375.98,2487.62,31.40,67.00
1,unlabeled,609,4,forward,121,170,2510,0,1760,1752,-1.00,2510.00,0,-1.000,-1.00,-1.00,-224.48,373.60,2471.87,31.40,67.00
1,unlabeled,610,5,forward,121,170,2515,0,2664,1680,-1.00,2515.00,0,-1.000,-1.00,-1.00,-224.93,374.35,2476.79,31.40,67.00
CMD pan=122 tilt=170
1,unlabeled,611,1,forward,122,170,2503,0,2224,1704,-1.00,2503.00,1,-1.000,-1.00,-1.00,-230.32,368.60,2464.97,31.40,67.00
1,unlabeled,612,2,forward,122,170,2544,0,2256,1704,-1.00,2544.00,0,-1.000,-1.00,-1.00,-234.10,374.63,2505.35,31.40,67.00
1,unlabeled,613,3,forward,122,170,2511,0,1368,1752,-1.00,2511.00,0,-1.000,-1.00,-1.00,-231.06,369.77,2472.85,31.40,67.00
1,unlabeled,614,4,forward,122,170,2512,0,1960,1720,-1.00,2512.00,0,-1.000,-1.00,-1.00,-231.15,369.92,2473.84,31.40,67.00
1,unlabeled,615,5,forward,122,170,2531,0,1976,1728,-1.00,2531.00,0,-1.000,-1.00,-1.00,-232.90,372.72,2492.55,31.40,67.00
CMD pan=123 tilt=170
1,unlabeled,616,1,forward,123,170,2532,0,2528,1680,-1.00,2532.00,1,-1.000,-1.00,-1.00,-239.47,368.74,2493.53,31.40,67.00
1,unlabeled,617,2,forward,123,170,2527,0,1528,1768,-1.00,2527.00,0,-1.000,-1.00,-1.00,-238.99,368.02,2488.61,31.40,67.00
1,unlabeled,618,3,forward,123,170,2513,0,1832,1736,-1.00,2513.00,0,-1.000,-1.00,-1.00,-237.67,365.98,2474.82,31.40,67.00
1,unlabeled,619,4,forward,123,170,2496,0,1584,1760,-1.00,2496.00,0,-1.000,-1.00,-1.00,-236.06,363.50,2458.08,31.40,67.00
1,unlabeled,620,5,forward,123,170,2522,0,1976,1744,-1.00,2522.00,0,-1.000,-1.00,-1.00,-238.52,367.29,2483.69,31.40,67.00
CMD pan=124 tilt=170
1,unlabeled,621,1,forward,124,170,2535,0,1984,1720,-1.00,2535.00,1,-1.000,-1.00,-1.00,-246.16,364.94,2496.49,31.40,67.00
1,unlabeled,622,2,forward,124,170,2551,0,1960,1688,-1.00,2551.00,0,-1.000,-1.00,-1.00,-247.71,367.24,2512.24,31.40,67.00
1,unlabeled,623,3,forward,124,170,2521,0,1688,1720,-1.00,2521.00,0,-1.000,-1.00,-1.00,-244.80,362.93,2482.70,31.40,67.00
1,unlabeled,624,4,forward,124,170,2574,0,1408,1744,-1.00,2574.00,0,-1.000,-1.00,-1.00,-249.94,370.56,2534.90,31.40,67.00
1,unlabeled,625,5,forward,124,170,2568,0,1728,1720,-1.00,2568.00,0,-1.000,-1.00,-1.00,-249.36,369.69,2528.99,31.40,67.00
CMD pan=125 tilt=170
1,unlabeled,626,1,forward,125,170,2556,0,2064,1680,-1.00,2556.00,1,-1.000,-1.00,-1.00,-254.58,363.58,2517.17,31.40,67.00
1,unlabeled,627,2,forward,125,170,2579,0,1944,1680,-1.00,2579.00,0,-1.000,-1.00,-1.00,-256.87,366.85,2539.82,31.40,67.00
1,unlabeled,628,3,forward,125,170,2552,0,1696,1704,-1.00,2552.00,0,-1.000,-1.00,-1.00,-254.18,363.01,2513.23,31.40,67.00
1,unlabeled,629,4,forward,125,170,2567,0,1928,1720,-1.00,2567.00,0,-1.000,-1.00,-1.00,-255.67,365.14,2528.00,31.40,67.00
1,unlabeled,630,5,forward,125,170,2564,0,1456,1728,-1.00,2564.00,0,-1.000,-1.00,-1.00,-255.38,364.71,2525.05,31.40,67.00
CMD pan=126 tilt=170
1,unlabeled,631,1,forward,126,170,2555,0,1376,1736,-1.00,2555.00,1,-1.000,-1.00,-1.00,-260.78,358.94,2516.18,31.40,67.00
1,unlabeled,632,2,forward,126,170,2623,0,1776,1688,-1.00,2623.00,0,-1.000,-1.00,-1.00,-267.72,368.49,2583.15,31.40,67.00
1,unlabeled,633,3,forward,126,170,2565,0,1816,1680,-1.00,2565.00,0,-1.000,-1.00,-1.00,-261.80,360.34,2526.03,31.40,67.00
1,unlabeled,634,4,forward,126,170,2578,0,1560,1704,-1.00,2578.00,0,-1.000,-1.00,-1.00,-263.13,362.17,2538.83,31.40,67.00
1,unlabeled,635,5,forward,126,170,2603,0,2168,1656,-1.00,2603.00,0,-1.000,-1.00,-1.00,-265.68,365.68,2563.45,31.40,67.00
CMD pan=127 tilt=170
1,unlabeled,636,1,forward,127,170,2523,0,2128,1656,-1.00,2523.00,1,-1.000,-1.00,-1.00,-263.66,349.89,2484.67,31.40,67.00
1,unlabeled,637,2,forward,127,170,2564,0,1768,1696,-1.00,2564.00,0,-1.000,-1.00,-1.00,-267.95,355.58,2525.05,31.40,67.00
1,unlabeled,638,3,forward,127,170,2586,0,2392,1656,-1.00,2586.00,0,-1.000,-1.00,-1.00,-270.25,358.63,2546.71,31.40,67.00
1,unlabeled,639,4,forward,127,170,2581,0,2056,1664,-1.00,2581.00,0,-1.000,-1.00,-1.00,-269.73,357.94,2541.79,31.40,67.00
1,unlabeled,640,5,forward,127,170,2563,0,2144,1656,-1.00,2563.00,0,-1.000,-1.00,-1.00,-267.84,355.44,2524.06,31.40,67.00
CMD pan=128 tilt=170
1,unlabeled,641,1,forward,128,170,2615,0,2328,1624,-1.00,2615.00,1,-1.000,-1.00,-1.00,-279.57,357.83,2575.27,31.40,67.00
1,unlabeled,642,2,forward,128,170,2575,0,2024,1664,-1.00,2575.00,0,-1.000,-1.00,-1.00,-275.29,352.35,2535.88,31.40,67.00
1,unlabeled,643,3,forward,128,170,2609,0,1632,1696,-1.00,2609.00,0,-1.000,-1.00,-1.00,-278.92,357.01,2569.36,31.40,67.00
1,unlabeled,644,4,forward,128,170,2583,0,2072,1672,-1.00,2583.00,0,-1.000,-1.00,-1.00,-276.14,353.45,2543.76,31.40,67.00
1,unlabeled,645,5,forward,128,170,2591,0,2272,1648,-1.00,2591.00,0,-1.000,-1.00,-1.00,-277.00,354.54,2551.64,31.40,67.00
CMD pan=129 tilt=170
1,unlabeled,646,1,forward,129,170,2564,0,1624,1704,-1.00,2564.00,1,-1.000,-1.00,-1.00,-280.19,346.01,2525.05,31.40,67.00
1,unlabeled,647,2,forward,129,170,2589,0,2000,1648,-1.00,2589.00,0,-1.000,-1.00,-1.00,-282.93,349.39,2549.67,31.40,67.00
1,unlabeled,648,3,forward,129,170,2589,0,2528,1616,-1.00,2589.00,0,-1.000,-1.00,-1.00,-282.93,349.39,2549.67,31.40,67.00
1,unlabeled,649,4,forward,129,170,2576,0,1896,1680,-1.00,2576.00,0,-1.000,-1.00,-1.00,-281.51,347.63,2536.86,31.40,67.00
1,unlabeled,650,5,forward,129,170,2611,0,1688,1680,-1.00,2611.00,0,-1.000,-1.00,-1.00,-285.33,352.35,2571.33,31.40,67.00
CMD pan=130 tilt=170
1,unlabeled,651,1,forward,130,170,2596,0,1872,1640,-1.00,2596.00,1,-1.000,-1.00,-1.00,-289.76,345.33,2556.56,31.40,67.00
1,unlabeled,652,2,forward,130,170,2579,0,2056,1632,-1.00,2579.00,0,-1.000,-1.00,-1.00,-287.87,343.06,2539.82,31.40,67.00
1,unlabeled,653,3,forward,130,170,2609,0,2680,1568,-1.00,2609.00,0,-1.000,-1.00,-1.00,-291.21,347.06,2569.36,31.40,67.00
1,unlabeled,654,4,forward,130,170,2593,0,1784,1672,-1.00,2593.00,0,-1.000,-1.00,-1.00,-289.43,344.93,2553.61,31.40,67.00
1,unlabeled,655,5,forward,130,170,2582,0,1664,1640,-1.00,2582.00,0,-1.000,-1.00,-1.00,-288.20,343.46,2542.77,31.40,67.00
CMD pan=131 tilt=170
1,unlabeled,656,1,forward,131,170,2555,0,1976,1624,-1.00,2555.00,1,-1.000,-1.00,-1.00,-291.07,334.84,2516.18,31.40,67.00
1,unlabeled,657,2,forward,131,170,2559,0,2704,1584,-1.00,2559.00,0,-1.000,-1.00,-1.00,-291.53,335.37,2520.12,31.40,67.00
1,unlabeled,658,3,forward,131,170,2574,0,1736,1664,-1.00,2574.00,0,-1.000,-1.00,-1.00,-293.24,337.33,2534.90,31.40,67.00
1,unlabeled,659,4,forward,131,170,-1,2,984,1712,-1.00,-1.00,0,-1.000,-1.00,-1.00,-1.00,-1.00,-1.00,31.40,67.00
1,unlabeled,660,5,forward,131,170,2595,0,2408,1576,-1.00,2595.00,0,-1.000,-1.00,-1.00,-295.63,340.09,2555.58,31.40,67.00
CMD pan=132 tilt=170
1,unlabeled,661,1,forward,132,170,2581,0,2152,1592,-1.00,2581.00,1,-1.000,-1.00,-1.00,-299.90,333.07,2541.79,31.40,67.00
1,unlabeled,662,2,forward,132,170,2581,0,1504,1672,-1.00,2581.00,0,-1.000,-1.00,-1.00,-299.90,333.07,2541.79,31.40,67.00
1,unlabeled,663,3,forward,132,170,2585,0,1504,1664,-1.00,2585.00,0,-1.000,-1.00,-1.00,-300.36,333.58,2545.73,31.40,67.00
1,unlabeled,664,4,forward,132,170,2582,0,1312,1712,-1.00,2582.00,0,-1.000,-1.00,-1.00,-300.01,333.20,2542.77,31.40,67.00
1,unlabeled,665,5,forward,132,170,2592,0,1392,1672,-1.00,2592.00,0,-1.000,-1.00,-1.00,-301.17,334.49,2552.62,31.40,67.00
CMD pan=133 tilt=170
1,unlabeled,666,1,forward,133,170,2546,0,1920,1616,-1.00,2546.00,1,-1.000,-1.00,-1.00,-301.52,323.34,2507.32,31.40,67.00
1,unlabeled,667,2,forward,133,170,2563,0,1888,1632,-1.00,2563.00,0,-1.000,-1.00,-1.00,-303.53,325.50,2524.06,31.40,67.00
1,unlabeled,668,3,forward,133,170,2521,0,1416,1656,-1.00,2521.00,0,-1.000,-1.00,-1.00,-298.56,320.16,2482.70,31.40,67.00
1,unlabeled,669,4,forward,133,170,2576,0,1600,1640,-1.00,2576.00,0,-1.000,-1.00,-1.00,-305.07,327.15,2536.86,31.40,67.00
1,unlabeled,670,5,forward,133,170,2567,0,1656,1648,-1.00,2567.00,0,-1.000,-1.00,-1.00,-304.00,326.00,2528.00,31.40,67.00
CMD pan=134 tilt=170
1,unlabeled,671,1,forward,134,170,2523,0,2016,1600,-1.00,2523.00,1,-1.000,-1.00,-1.00,-304.34,315.15,2484.67,31.40,67.00
1,unlabeled,672,2,forward,134,170,2546,0,1816,1616,-1.00,2546.00,0,-1.000,-1.00,-1.00,-307.11,318.03,2507.32,31.40,67.00
1,unlabeled,673,3,forward,134,170,2561,0,1368,1640,-1.00,2561.00,0,-1.000,-1.00,-1.00,-308.92,319.90,2522.09,31.40,67.00
1,unlabeled,674,4,forward,134,170,2553,0,1656,1632,-1.00,2553.00,0,-1.000,-1.00,-1.00,-307.96,318.90,2514.21,31.40,67.00
1,unlabeled,675,5,forward,134,170,2529,0,1704,1656,-1.00,2529.00,0,-1.000,-1.00,-1.00,-305.06,315.90,2490.58,31.40,67.00
CMD pan=135 tilt=170
1,unlabeled,676,1,forward,135,170,2461,0,1648,1624,-1.00,2461.00,1,-1.000,-1.00,-1.00,-302.18,302.18,2423.61,31.40,67.00
1,unlabeled,677,2,forward,135,170,2473,0,1384,1624,-1.00,2473.00,1,-1.000,-1.00,-1.00,-303.65,303.65,2435.43,31.40,67.00
1,unlabeled,678,3,forward,135,170,2493,0,1600,1624,-1.00,2493.00,1,-1.000,-1.00,-1.00,-306.11,306.11,2455.13,31.40,67.00
1,unlabeled,679,4,forward,135,170,2472,0,2464,1552,-1.00,2472.00,1,-1.000,-1.00,-1.00,-303.53,303.53,2434.44,31.40,67.00
1,unlabeled,680,5,forward,135,170,2471,0,2096,1592,-1.00,2471.00,1,-1.000,-1.00,-1.00,-303.41,303.41,2433.46,31.40,67.00
CMD pan=136 tilt=170
1,unlabeled,681,1,forward,136,170,2490,0,2296,1576,-1.00,2490.00,0,-1.000,-1.00,-1.00,-311.03,300.36,2452.17,31.40,67.00
1,unlabeled,682,2,forward,136,170,2471,0,2560,1536,-1.00,2471.00,1,-1.000,-1.00,-1.00,-308.66,298.07,2433.46,31.40,67.00
1,unlabeled,683,3,forward,136,170,2479,0,2376,1552,-1.00,2479.00,1,-1.000,-1.00,-1.00,-309.66,299.03,2441.34,31.40,67.00
1,unlabeled,684,4,forward,136,170,2479,0,2384,1552,-1.00,2479.00,1,-1.000,-1.00,-1.00,-309.66,299.03,2441.34,31.40,67.00
1,unlabeled,685,5,forward,136,170,2470,0,2216,1552,-1.00,2470.00,1,-1.000,-1.00,-1.00,-308.53,297.95,2432.48,31.40,67.00
CMD pan=137 tilt=170
1,unlabeled,686,1,forward,137,170,2451,0,1872,1592,-1.00,2451.00,0,-1.000,-1.00,-1.00,-311.27,290.27,2413.76,31.40,67.00
1,unlabeled,687,2,forward,137,170,2420,0,2160,1544,-1.00,2420.00,1,-1.000,-1.00,-1.00,-307.34,286.60,2383.23,31.40,67.00
1,unlabeled,688,3,forward,137,170,2432,0,1680,1592,-1.00,2432.00,1,-1.000,-1.00,-1.00,-308.86,288.02,2395.05,31.40,67.00
1,unlabeled,689,4,forward,137,170,2446,0,1512,1616,-1.00,2446.00,1,-1.000,-1.00,-1.00,-310.64,289.67,2408.84,31.40,67.00
1,unlabeled,690,5,forward,137,170,2432,0,1256,1640,-1.00,2432.00,1,-1.000,-1.00,-1.00,-308.86,288.02,2395.05,31.40,67.00
CMD pan=138 tilt=170
1,unlabeled,691,1,forward,138,170,2415,0,2568,1544,-1.00,2415.00,0,-1.000,-1.00,-1.00,-311.65,280.61,2378.31,31.40,67.00
1,unlabeled,692,2,forward,138,170,2406,0,1912,1568,-1.00,2406.00,1,-1.000,-1.00,-1.00,-310.48,279.56,2369.45,31.40,67.00
1,unlabeled,693,3,forward,138,170,2396,0,1520,1616,-1.00,2396.00,1,-1.000,-1.00,-1.00,-309.19,278.40,2359.60,31.40,67.00
1,unlabeled,694,4,forward,138,170,2425,0,2160,1552,-1.00,2425.00,1,-1.000,-1.00,-1.00,-312.94,281.77,2388.16,31.40,67.00
1,unlabeled,695,5,forward,138,170,2400,0,1968,1592,-1.00,2400.00,1,-1.000,-1.00,-1.00,-309.71,278.86,2363.54,31.40,67.00
CMD pan=139 tilt=170
1,unlabeled,696,1,forward,139,170,2383,0,2136,1576,-1.00,2383.00,0,-1.000,-1.00,-1.00,-312.30,271.48,2346.80,31.40,67.00
1,unlabeled,697,2,forward,139,170,2412,0,2080,1568,-1.00,2412.00,1,-1.000,-1.00,-1.00,-316.10,274.78,2375.36,31.40,67.00
1,unlabeled,698,3,forward,139,170,2370,0,1888,1600,-1.00,2370.00,1,-1.000,-1.00,-1.00,-310.60,270.00,2333.99,31.40,67.00
1,unlabeled,699,4,forward,139,170,2387,0,2072,1568,-1.00,2387.00,1,-1.000,-1.00,-1.00,-312.83,271.94,2350.74,31.40,67.00
1,unlabeled,700,5,forward,139,170,2395,0,1584,1608,-1.00,2395.00,1,-1.000,-1.00,-1.00,-313.87,272.85,2358.61,31.40,67.00
CMD pan=140 tilt=170
1,unlabeled,701,1,forward,140,170,2389,0,2088,1568,-1.00,2389.00,0,-1.000,-1.00,-1.00,-317.79,266.66,2352.71,31.40,67.00
1,unlabeled,702,2,forward,140,170,2395,0,2128,1560,-1.00,2395.00,1,-1.000,-1.00,-1.00,-318.59,267.33,2358.61,31.40,67.00
1,unlabeled,703,3,forward,140,170,2399,0,1776,1608,-1.00,2399.00,1,-1.000,-1.00,-1.00,-319.12,267.77,2362.55,31.40,67.00
1,unlabeled,704,4,forward,140,170,2377,0,1920,1592,-1.00,2377.00,1,-1.000,-1.00,-1.00,-316.19,265.32,2340.89,31.40,67.00
1,unlabeled,705,5,forward,140,170,2416,0,2176,1576,-1.00,2416.00,1,-1.000,-1.00,-1.00,-321.38,269.67,2379.30,31.40,67.00
CMD pan=141 tilt=170
1,unlabeled,706,1,forward,141,170,2393,0,2536,1528,-1.00,2393.00,0,-1.000,-1.00,-1.00,-322.94,261.51,2356.64,31.40,67.00
1,unlabeled,707,2,forward,141,170,2326,0,1904,1568,-1.00,2326.00,1,-1.000,-1.00,-1.00,-313.89,254.19,2290.66,31.40,67.00
1,unlabeled,708,3,forward,141,170,2307,0,2632,1496,-1.00,2307.00,1,-1.000,-1.00,-1.00,-311.33,252.11,2271.95,31.40,67.00
1,unlabeled,709,4,forward,141,170,2367,0,2480,1552,-1.00,2367.00,1,-1.000,-1.00,-1.00,-319.43,258.67,2331.04,31.40,67.00
1,unlabeled,710,5,forward,141,170,2340,0,2520,1512,-1.00,2340.00,1,-1.000,-1.00,-1.00,-315.78,255.72,2304.45,31.40,67.00
CMD pan=142 tilt=170
1,unlabeled,711,1,forward,142,170,2315,0,1856,1584,-1.00,2315.00,0,-1.000,-1.00,-1.00,-316.78,247.49,2279.83,31.40,67.00
1,unlabeled,712,2,forward,142,170,2350,0,2672,1528,-1.00,2350.00,1,-1.000,-1.00,-1.00,-321.57,251.24,2314.30,31.40,67.00
1,unlabeled,713,3,forward,142,170,2321,0,2024,1576,-1.00,2321.00,1,-1.000,-1.00,-1.00,-317.60,248.13,2285.74,31.40,67.00
1,unlabeled,714,4,forward,142,170,2342,0,2208,1536,-1.00,2342.00,1,-1.000,-1.00,-1.00,-320.47,250.38,2306.42,31.40,67.00
1,unlabeled,715,5,forward,142,170,2326,0,2176,1552,-1.00,2326.00,1,-1.000,-1.00,-1.00,-318.28,248.67,2290.66,31.40,67.00
CMD pan=143 tilt=170
1,unlabeled,716,1,forward,143,170,2309,0,2072,1552,-1.00,2309.00,0,-1.000,-1.00,-1.00,-320.22,241.30,2273.92,31.40,67.00
1,unlabeled,717,2,forward,143,170,2274,0,2240,1528,-1.00,2274.00,1,-1.000,-1.00,-1.00,-315.36,237.64,2239.45,31.40,67.00
1,unlabeled,718,3,forward,143,170,2254,0,2536,1512,-1.00,2254.00,1,-1.000,-1.00,-1.00,-312.59,235.55,2219.76,31.40,67.00
1,unlabeled,719,4,forward,143,170,2243,0,2296,1528,-1.00,2243.00,1,-1.000,-1.00,-1.00,-311.06,234.40,2208.92,31.40,67.00
1,unlabeled,720,5,forward,143,170,2283,0,2128,1544,-1.00,2283.00,1,-1.000,-1.00,-1.00,-316.61,238.58,2248.32,31.40,67.00
CMD pan=144 tilt=170
1,unlabeled,721,1,forward,144,170,2294,0,2616,1528,-1.00,2294.00,0,-1.000,-1.00,-1.00,-322.27,234.14,2259.15,31.40,67.00
1,unlabeled,722,2,forward,144,170,2280,0,2640,1496,-1.00,2280.00,1,-1.000,-1.00,-1.00,-320.30,232.71,2245.36,31.40,67.00
1,unlabeled,723,3,forward,144,170,2291,0,1784,1560,-1.00,2291.00,1,-1.000,-1.00,-1.00,-321.85,233.84,2256.19,31.40,67.00
1,unlabeled,724,4,forward,144,170,2268,0,2024,1576,-1.00,2268.00,1,-1.000,-1.00,-1.00,-318.62,231.49,2233.54,31.40,67.00
1,unlabeled,725,5,forward,144,170,2262,0,2248,1528,-1.00,2262.00,1,-1.000,-1.00,-1.00,-317.78,230.88,2227.64,31.40,67.00
CMD pan=145 tilt=170
1,unlabeled,726,1,forward,145,170,2216,0,2552,1504,-1.00,2216.00,0,-1.000,-1.00,-1.00,-315.21,220.71,2182.33,31.40,67.00
1,unlabeled,727,2,forward,145,170,2224,0,2112,1528,-1.00,2224.00,1,-1.000,-1.00,-1.00,-316.35,221.51,2190.21,31.40,67.00
1,unlabeled,728,3,forward,145,170,2217,0,2472,1520,-1.00,2217.00,1,-1.000,-1.00,-1.00,-315.36,220.81,2183.32,31.40,67.00
1,unlabeled,729,4,forward,145,170,2220,0,2024,1544,-1.00,2220.00,1,-1.000,-1.00,-1.00,-315.78,221.11,2186.27,31.40,67.00
1,unlabeled,730,5,forward,145,170,2232,0,2616,1512,-1.00,2232.00,1,-1.000,-1.00,-1.00,-317.49,222.31,2198.09,31.40,67.00
CMD pan=146 tilt=170
1,unlabeled,731,1,forward,146,170,2230,0,2336,1512,-1.00,2230.00,0,-1.000,-1.00,-1.00,-321.03,216.54,2196.12,31.40,67.00
1,unlabeled,732,2,forward,146,170,2227,0,2176,1536,-1.00,2227.00,1,-1.000,-1.00,-1.00,-320.60,216.25,2193.17,31.40,67.00
1,unlabeled,733,3,forward,146,170,2201,0,2776,1488,-1.00,2201.00,1,-1.000,-1.00,-1.00,-316.86,213.72,2167.56,31.40,67.00
1,unlabeled,734,4,forward,146,170,2227,0,2608,1512,-1.00,2227.00,1,-1.000,-1.00,-1.00,-320.60,216.25,2193.17,31.40,67.00
1,unlabeled,735,5,forward,146,170,2211,0,2728,1488,-1.00,2211.00,1,-1.000,-1.00,-1.00,-318.30,214.69,2177.41,31.40,67.00
CMD pan=147 tilt=170
1,unlabeled,736,1,forward,147,170,2220,0,2320,1528,-1.00,2220.00,0,-1.000,-1.00,-1.00,-323.31,209.96,2186.27,31.40,67.00
1,unlabeled,737,2,forward,147,170,2180,0,2248,1544,-1.00,2180.00,1,-1.000,-1.00,-1.00,-317.48,206.17,2146.88,31.40,67.00
1,unlabeled,738,3,forward,147,170,2184,0,2456,1528,-1.00,2184.00,1,-1.000,-1.00,-1.00,-318.06,206.55,2150.82,31.40,67.00
1,unlabeled,739,4,forward,147,170,2202,0,2856,1464,-1.00,2202.00,1,-1.000,-1.00,-1.00,-320.69,208.26,2168.55,31.40,67.00
1,unlabeled,740,5,forward,147,170,2187,0,2312,1520,-1.00,2187.00,1,-1.000,-1.00,-1.00,-318.50,206.84,2153.77,31.40,67.00
CMD pan=148 tilt=170
1,unlabeled,741,1,forward,148,170,2194,0,2992,1464,-1.00,2194.00,0,-1.000,-1.00,-1.00,-323.09,201.89,2160.67,31.40,67.00
1,unlabeled,742,2,forward,148,170,2207,0,2472,1496,-1.00,2207.00,1,-1.000,-1.00,-1.00,-325.01,203.09,2173.47,31.40,67.00
1,unlabeled,743,3,forward,148,170,2180,0,2144,1536,-1.00,2180.00,1,-1.000,-1.00,-1.00,-321.03,200.60,2146.88,31.40,67.00
1,unlabeled,744,4,forward,148,170,2182,0,2600,1496,-1.00,2182.00,1,-1.000,-1.00,-1.00,-321.33,200.79,2148.85,31.40,67.00
1,unlabeled,745,5,forward,148,170,2182,0,2288,1528,-1.00,2182.00,1,-1.000,-1.00,-1.00,-321.33,200.79,2148.85,31.40,67.00
CMD pan=149 tilt=170
1,unlabeled,746,1,forward,149,170,2177,0,2760,1480,-1.00,2177.00,0,-1.000,-1.00,-1.00,-324.04,194.70,2143.93,31.40,67.00
1,unlabeled,747,2,forward,149,170,2144,0,2848,1496,-1.00,2144.00,1,-1.000,-1.00,-1.00,-319.12,191.75,2111.43,31.40,67.00
1,unlabeled,748,3,forward,149,170,2167,0,2760,1496,-1.00,2167.00,1,-1.000,-1.00,-1.00,-322.55,193.81,2134.08,31.40,67.00
1,unlabeled,749,4,forward,149,170,2124,0,2736,1512,-1.00,2124.00,1,-1.000,-1.00,-1.00,-316.15,189.96,2091.73,31.40,67.00
1,unlabeled,750,5,forward,149,170,2167,0,2128,1536,-1.00,2167.00,1,-1.000,-1.00,-1.00,-322.55,193.81,2134.08,31.40,67.00
CMD pan=150 tilt=170
1,unlabeled,751,1,forward,150,170,2099,0,2304,1504,-1.00,2099.00,0,-1.000,-1.00,-1.00,-315.66,182.24,2067.11,31.40,67.00
1,unlabeled,752,2,forward,150,170,2126,0,2880,1488,-1.00,2126.00,1,-1.000,-1.00,-1.00,-319.72,184.59,2093.70,31.40,67.00
1,unlabeled,753,3,forward,150,170,2115,0,3104,1448,-1.00,2115.00,1,-1.000,-1.00,-1.00,-318.06,183.63,2082.87,31.40,67.00
1,unlabeled,754,4,forward,150,170,2114,0,2984,1448,-1.00,2114.00,1,-1.000,-1.00,-1.00,-317.91,183.55,2081.88,31.40,67.00
1,unlabeled,755,5,forward,150,170,2125,0,2744,1512,-1.00,2125.00,1,-1.000,-1.00,-1.00,-319.57,184.50,2092.72,31.40,67.00
CMD pan=151 tilt=170
1,unlabeled,756,1,forward,151,170,2112,0,2160,1552,-1.00,2112.00,0,-1.000,-1.00,-1.00,-320.76,177.80,2079.91,31.40,67.00
1,unlabeled,757,2,forward,151,170,2108,0,2744,1504,-1.00,2108.00,1,-1.000,-1.00,-1.00,-320.15,177.46,2075.97,31.40,67.00
1,unlabeled,758,3,forward,151,170,2126,0,2368,1520,-1.00,2126.00,1,-1.000,-1.00,-1.00,-322.89,178.98,2093.70,31.40,67.00
1,unlabeled,759,4,forward,151,170,2111,0,2640,1480,-1.00,2111.00,1,-1.000,-1.00,-1.00,-320.61,177.72,2078.93,31.40,67.00
1,unlabeled,760,5,forward,151,170,2121,0,2512,1520,-1.00,2121.00,1,-1.000,-1.00,-1.00,-322.13,178.56,2088.78,31.40,67.00
CMD pan=152 tilt=170
1,unlabeled,761,1,forward,152,170,2090,0,2480,1512,-1.00,2090.00,0,-1.000,-1.00,-1.00,-320.44,170.38,2058.25,31.40,67.00
1,unlabeled,762,2,forward,152,170,2098,0,2488,1528,-1.00,2098.00,1,-1.000,-1.00,-1.00,-321.67,171.04,2066.13,31.40,67.00
1,unlabeled,763,3,forward,152,170,2094,0,2784,1488,-1.00,2094.00,1,-1.000,-1.00,-1.00,-321.06,170.71,2062.19,31.40,67.00
1,unlabeled,764,4,forward,152,170,2094,0,2944,1480,-1.00,2094.00,1,-1.000,-1.00,-1.00,-321.06,170.71,2062.19,31.40,67.00
1,unlabeled,765,5,forward,152,170,2089,0,2128,1560,-1.00,2089.00,1,-1.000,-1.00,-1.00,-320.29,170.30,2057.26,31.40,67.00
CMD pan=153 tilt=170
1,unlabeled,766,1,forward,153,170,2083,0,2936,1464,-1.00,2083.00,0,-1.000,-1.00,-1.00,-322.29,164.21,2051.35,31.40,67.00
1,unlabeled,767,2,forward,153,170,2109,0,2592,1504,-1.00,2109.00,1,-1.000,-1.00,-1.00,-326.31,166.26,2076.96,31.40,67.00
1,unlabeled,768,3,forward,153,170,2083,0,3304,1472,-1.00,2083.00,1,-1.000,-1.00,-1.00,-322.29,164.21,2051.35,31.40,67.00
1,unlabeled,769,4,forward,153,170,2088,0,3432,1448,-1.00,2088.00,1,-1.000,-1.00,-1.00,-323.06,164.61,2056.28,31.40,67.00
1,unlabeled,770,5,forward,153,170,2078,0,2808,1496,-1.00,2078.00,1,-1.000,-1.00,-1.00,-321.51,163.82,2046.43,31.40,67.00
CMD pan=154 tilt=170
1,unlabeled,771,1,forward,154,170,2042,0,2960,1464,-1.00,2042.00,0,-1.000,-1.00,-1.00,-318.70,155.44,2010.98,31.40,67.00
1,unlabeled,772,2,forward,154,170,2067,0,2712,1496,-1.00,2067.00,1,-1.000,-1.00,-1.00,-322.60,157.34,2035.60,31.40,67.00
1,unlabeled,773,3,forward,154,170,2068,0,2776,1488,-1.00,2068.00,1,-1.000,-1.00,-1.00,-322.76,157.42,2036.58,31.40,67.00
1,unlabeled,774,4,forward,154,170,2066,0,2704,1488,-1.00,2066.00,1,-1.000,-1.00,-1.00,-322.45,157.27,2034.61,31.40,67.00
1,unlabeled,775,5,forward,154,170,2057,0,2984,1480,-1.00,2057.00,1,-1.000,-1.00,-1.00,-321.04,156.58,2025.75,31.40,67.00
CMD pan=155 tilt=170
1,unlabeled,776,1,forward,155,170,2063,0,2968,1464,-1.00,2063.00,0,-1.000,-1.00,-1.00,-324.67,151.40,2031.66,31.40,67.00
1,unlabeled,777,2,forward,155,170,2073,0,3568,1424,-1.00,2073.00,1,-1.000,-1.00,-1.00,-326.25,152.13,2041.51,31.40,67.00
1,unlabeled,778,3,forward,155,170,2061,0,3064,1472,-1.00,2061.00,1,-1.000,-1.00,-1.00,-324.36,151.25,2029.69,31.40,67.00
1,unlabeled,779,4,forward,155,170,2070,0,2856,1464,-1.00,2070.00,1,-1.000,-1.00,-1.00,-325.77,151.91,2038.55,31.40,67.00
1,unlabeled,780,5,forward,155,170,2076,0,2720,1496,-1.00,2076.00,1,-1.000,-1.00,-1.00,-326.72,152.35,2044.46,31.40,67.00
CMD pan=156 tilt=170
1,unlabeled,781,1,forward,156,170,2044,0,2752,1504,-1.00,2044.00,0,-1.000,-1.00,-1.00,-324.25,144.37,2012.95,31.40,67.00
1,unlabeled,782,2,forward,156,170,2045,0,3056,1472,-1.00,2045.00,1,-1.000,-1.00,-1.00,-324.41,144.44,2013.93,31.40,67.00
1,unlabeled,783,3,forward,156,170,2043,0,3032,1472,-1.00,2043.00,1,-1.000,-1.00,-1.00,-324.09,144.30,2011.96,31.40,67.00
1,unlabeled,784,4,forward,156,170,2038,0,3184,1448,-1.00,2038.00,1,-1.000,-1.00,-1.00,-323.30,143.94,2007.04,31.40,67.00
1,unlabeled,785,5,forward,156,170,2023,0,3168,1464,-1.00,2023.00,1,-1.000,-1.00,-1.00,-320.92,142.88,1992.27,31.40,67.00
CMD pan=157 tilt=170
1,unlabeled,786,1,forward,157,170,2053,0,2752,1488,-1.00,2053.00,0,-1.000,-1.00,-1.00,-328.16,139.30,2021.81,31.40,67.00
1,unlabeled,787,2,forward,157,170,2048,0,2952,1480,-1.00,2048.00,1,-1.000,-1.00,-1.00,-327.36,138.96,2016.89,31.40,67.00
1,unlabeled,788,3,forward,157,170,2020,0,3088,1456,-1.00,2020.00,1,-1.000,-1.00,-1.00,-322.88,137.06,1989.31,31.40,67.00
1,unlabeled,789,4,forward,157,170,2039,0,2944,1480,-1.00,2039.00,1,-1.000,-1.00,-1.00,-325.92,138.35,2008.02,31.40,67.00
1,unlabeled,790,5,forward,157,170,2040,0,2936,1472,-1.00,2040.00,1,-1.000,-1.00,-1.00,-326.08,138.41,2009.01,31.40,67.00
CMD pan=158 tilt=170
1,unlabeled,791,1,forward,158,170,2017,0,3928,1400,-1.00,2017.00,0,-1.000,-1.00,-1.00,-324.74,131.21,1986.36,31.40,67.00
1,unlabeled,792,2,forward,158,170,2039,0,3512,1432,-1.00,2039.00,1,-1.000,-1.00,-1.00,-328.29,132.64,2008.02,31.40,67.00
1,unlabeled,793,3,forward,158,170,2011,0,3552,1416,-1.00,2011.00,1,-1.000,-1.00,-1.00,-323.78,130.82,1980.45,31.40,67.00
1,unlabeled,794,4,forward,158,170,2001,0,3200,1456,-1.00,2001.00,1,-1.000,-1.00,-1.00,-322.17,130.16,1970.60,31.40,67.00
1,unlabeled,795,5,forward,158,170,2007,0,2944,1472,-1.00,2007.00,1,-1.000,-1.00,-1.00,-323.13,130.55,1976.51,31.40,67.00
CMD pan=159 tilt=170
1,unlabeled,796,1,forward,159,170,2019,0,3064,1480,-1.00,2019.00,0,-1.000,-1.00,-1.00,-327.31,125.64,1988.33,31.40,67.00
1,unlabeled,797,2,forward,159,170,2015,0,3072,1480,-1.00,2015.00,1,-1.000,-1.00,-1.00,-326.66,125.39,1984.39,31.40,67.00
1,unlabeled,798,3,forward,159,170,2014,0,3208,1456,-1.00,2014.00,1,-1.000,-1.00,-1.00,-326.50,125.33,1983.40,31.40,67.00
1,unlabeled,799,4,forward,159,170,2021,0,2856,1480,-1.00,2021.00,1,-1.000,-1.00,-1.00,-327.63,125.77,1990.30,31.40,67.00
1,unlabeled,800,5,forward,159,170,1997,0,3056,1472,-1.00,1997.00,1,-1.000,-1.00,-1.00,-323.74,124.27,1966.66,31.40,67.00
CMD pan=160 tilt=170
1,unlabeled,801,1,forward,160,170,2003,0,3160,1472,-1.00,2003.00,0,-1.000,-1.00,-1.00,-326.84,118.96,1972.57,31.40,67.00
1,unlabeled,802,2,forward,160,170,2007,0,2744,1496,-1.00,2007.00,1,-1.000,-1.00,-1.00,-327.49,119.20,1976.51,31.40,67.00
1,unlabeled,803,3,forward,160,170,1996,0,2920,1488,-1.00,1996.00,1,-1.000,-1.00,-1.00,-325.70,118.54,1965.68,31.40,67.00
1,unlabeled,804,4,forward,160,170,1992,0,3352,1448,-1.00,1992.00,1,-1.000,-1.00,-1.00,-325.05,118.31,1961.74,31.40,67.00
1,unlabeled,805,5,forward,160,170,2000,0,3512,1432,-1.00,2000.00,1,-1.000,-1.00,-1.00,-326.35,118.78,1969.62,31.40,67.00
CMD pan=161 tilt=170
1,unlabeled,806,1,forward,161,170,1982,0,3152,1472,-1.00,1982.00,0,-1.000,-1.00,-1.00,-325.42,112.05,1951.89,31.40,67.00
1,unlabeled,807,2,forward,161,170,1985,0,3008,1472,-1.00,1985.00,1,-1.000,-1.00,-1.00,-325.91,112.22,1954.84,31.40,67.00
1,unlabeled,808,3,forward,161,170,1970,0,3312,1448,-1.00,1970.00,1,-1.000,-1.00,-1.00,-323.45,111.37,1940.07,31.40,67.00
1,unlabeled,809,4,forward,161,170,1990,0,3416,1440,-1.00,1990.00,1,-1.000,-1.00,-1.00,-326.73,112.50,1959.77,31.40,67.00
1,unlabeled,810,5,forward,161,170,1979,0,3408,1448,-1.00,1979.00,1,-1.000,-1.00,-1.00,-324.93,111.88,1948.93,31.40,67.00
CMD pan=162 tilt=170
1,unlabeled,811,1,forward,162,170,1970,0,3208,1472,-1.00,1970.00,0,-1.000,-1.00,-1.00,-325.34,105.71,1940.07,31.40,67.00
1,unlabeled,812,2,forward,162,170,1963,0,2936,1480,-1.00,1963.00,1,-1.000,-1.00,-1.00,-324.19,105.34,1933.18,31.40,67.00
1,unlabeled,813,3,forward,162,170,1958,0,2856,1488,-1.00,1958.00,1,-1.000,-1.00,-1.00,-323.36,105.07,1928.25,31.40,67.00
1,unlabeled,814,4,forward,162,170,1970,0,3960,1376,-1.00,1970.00,1,-1.000,-1.00,-1.00,-325.34,105.71,1940.07,31.40,67.00
1,unlabeled,815,5,forward,162,170,1973,0,2976,1480,-1.00,1973.00,1,-1.000,-1.00,-1.00,-325.84,105.87,1943.03,31.40,67.00
CMD pan=163 tilt=170
1,unlabeled,816,1,forward,163,170,1976,0,3624,1424,-1.00,1976.00,0,-1.000,-1.00,-1.00,-328.14,100.32,1945.98,31.40,67.00
1,unlabeled,817,2,forward,163,170,1971,0,3256,1448,-1.00,1971.00,1,-1.000,-1.00,-1.00,-327.31,100.07,1941.06,31.40,67.00
1,unlabeled,818,3,forward,163,170,1971,0,2800,1496,-1.00,1971.00,1,-1.000,-1.00,-1.00,-327.31,100.07,1941.06,31.40,67.00
1,unlabeled,819,4,forward,163,170,1971,0,3208,1456,-1.00,1971.00,1,-1.000,-1.00,-1.00,-327.31,100.07,1941.06,31.40,67.00
1,unlabeled,820,5,forward,163,170,1960,0,3096,1488,-1.00,1960.00,1,-1.000,-1.00,-1.00,-325.48,99.51,1930.22,31.40,67.00
CMD pan=164 tilt=170
1,unlabeled,821,1,forward,164,170,1963,0,2832,1456,-1.00,1963.00,0,-1.000,-1.00,-1.00,-327.67,93.96,1933.18,31.40,67.00
1,unlabeled,822,2,forward,164,170,1962,0,3896,1392,-1.00,1962.00,1,-1.000,-1.00,-1.00,-327.50,93.91,1932.19,31.40,67.00
1,unlabeled,823,3,forward,164,170,1963,0,3288,1448,-1.00,1963.00,1,-1.000,-1.00,-1.00,-327.67,93.96,1933.18,31.40,67.00
1,unlabeled,824,4,forward,164,170,1940,0,3400,1432,-1.00,1940.00,1,-1.000,-1.00,-1.00,-323.83,92.86,1910.53,31.40,67.00
1,unlabeled,825,5,forward,164,170,1952,0,3936,1392,-1.00,1952.00,1,-1.000,-1.00,-1.00,-325.83,93.43,1922.34,31.40,67.00
CMD pan=165 tilt=170
1,unlabeled,826,1,forward,165,170,1955,0,3840,1408,-1.00,1955.00,0,-1.000,-1.00,-1.00,-327.91,87.86,1925.30,31.40,67.00
1,unlabeled,827,2,forward,165,170,1943,0,3464,1440,-1.00,1943.00,1,-1.000,-1.00,-1.00,-325.90,87.33,1913.48,31.40,67.00
1,unlabeled,828,3,forward,165,170,1953,0,3096,1472,-1.00,1953.00,1,-1.000,-1.00,-1.00,-327.58,87.77,1923.33,31.40,67.00
1,unlabeled,829,4,forward,165,170,1953,0,3848,1384,-1.00,1953.00,1,-1.000,-1.00,-1.00,-327.58,87.77,1923.33,31.40,67.00
1,unlabeled,830,5,forward,165,170,1941,0,3688,1424,-1.00,1941.00,1,-1.000,-1.00,-1.00,-325.57,87.24,1911.51,31.40,67.00
CMD pan=166 tilt=170
1,unlabeled,831,1,forward,166,170,1939,0,3144,1464,-1.00,1939.00,0,-1.000,-1.00,-1.00,-326.70,81.46,1909.54,31.40,67.00
1,unlabeled,832,2,forward,166,170,1931,0,3752,1392,-1.00,1931.00,1,-1.000,-1.00,-1.00,-325.35,81.12,1901.66,31.40,67.00
1,unlabeled,833,3,forward,166,170,1930,0,3648,1432,-1.00,1930.00,1,-1.000,-1.00,-1.00,-325.19,81.08,1900.68,31.40,67.00
1,unlabeled,834,4,forward,166,170,1930,0,3736,1416,-1.00,1930.00,1,-1.000,-1.00,-1.00,-325.19,81.08,1900.68,31.40,67.00
1,unlabeled,835,5,forward,166,170,1929,0,3408,1440,-1.00,1929.00,1,-1.000,-1.00,-1.00,-325.02,81.04,1899.69,31.40,67.00
CMD pan=167 tilt=170
1,unlabeled,836,1,forward,167,170,1935,0,3424,1456,-1.00,1935.00,0,-1.000,-1.00,-1.00,-327.40,75.59,1905.60,31.40,67.00
1,unlabeled,837,2,forward,167,170,1922,0,3480,1424,-1.00,1922.00,1,-1.000,-1.00,-1.00,-325.20,75.08,1892.80,31.40,67.00
1,unlabeled,838,3,forward,167,170,1931,0,3640,1424,-1.00,1931.00,1,-1.000,-1.00,-1.00,-326.72,75.43,1901.66,31.40,67.00
1,unlabeled,839,4,forward,167,170,1945,0,3104,1472,-1.00,1945.00,1,-1.000,-1.00,-1.00,-329.09,75.98,1915.45,31.40,67.00
1,unlabeled,840,5,forward,167,170,1945,0,3696,1432,-1.00,1945.00,1,-1.000,-1.00,-1.00,-329.09,75.98,1915.45,31.40,67.00
CMD pan=168 tilt=170
1,unlabeled,841,1,forward,168,170,1924,0,3800,1416,-1.00,1924.00,0,-1.000,-1.00,-1.00,-326.80,69.46,1894.77,31.40,67.00
1,unlabeled,842,2,forward,168,170,1922,0,3472,1448,-1.00,1922.00,1,-1.000,-1.00,-1.00,-326.46,69.39,1892.80,31.40,67.00
1,unlabeled,843,3,forward,168,170,1919,0,4072,1400,-1.00,1919.00,1,-1.000,-1.00,-1.00,-325.95,69.28,1889.85,31.40,67.00
1,unlabeled,844,4,forward,168,170,1925,0,3776,1400,-1.00,1925.00,1,-1.000,-1.00,-1.00,-326.97,69.50,1895.75,31.40,67.00
1,unlabeled,845,5,forward,168,170,1926,0,3880,1408,-1.00,1926.00,1,-1.000,-1.00,-1.00,-327.14,69.54,1896.74,31.40,67.00
CMD pan=169 tilt=170
1,unlabeled,846,1,forward,169,170,1914,0,4088,1408,-1.00,1914.00,0,-1.000,-1.00,-1.00,-326.26,63.42,1884.92,31.40,67.00
1,unlabeled,847,2,forward,169,170,1905,0,4528,1376,-1.00,1905.00,1,-1.000,-1.00,-1.00,-324.72,63.12,1876.06,31.40,67.00
1,unlabeled,848,3,forward,169,170,1920,0,3808,1448,-1.00,1920.00,1,-1.000,-1.00,-1.00,-327.28,63.62,1890.83,31.40,67.00
1,unlabeled,849,4,forward,169,170,1910,0,4328,1392,-1.00,1910.00,1,-1.000,-1.00,-1.00,-325.57,63.29,1880.98,31.40,67.00
1,unlabeled,850,5,forward,169,170,1915,0,3872,1440,-1.00,1915.00,1,-1.000,-1.00,-1.00,-326.43,63.45,1885.91,31.40,67.00
CMD pan=170 tilt=170
1,unlabeled,851,1,forward,170,170,1915,0,4256,1408,-1.00,1915.00,0,-1.000,-1.00,-1.00,-327.48,57.74,1885.91,31.40,67.00
1,unlabeled,852,2,forward,170,170,1916,0,4368,1400,-1.00,1916.00,1,-1.000,-1.00,-1.00,-327.66,57.77,1886.89,31.40,67.00
1,unlabeled,853,3,forward,170,170,1919,0,3968,1408,-1.00,1919.00,1,-1.000,-1.00,-1.00,-328.17,57.86,1889.85,31.40,67.00
1,unlabeled,854,4,forward,170,170,1909,0,4144,1408,-1.00,1909.00,1,-1.000,-1.00,-1.00,-326.46,57.56,1880.00,31.40,67.00
1,unlabeled,855,5,forward,170,170,1903,0,4024,1400,-1.00,1903.00,1,-1.000,-1.00,-1.00,-325.43,57.38,1874.09,31.40,67.00
CMD pan=171 tilt=170
1,unlabeled,856,1,forward,171,170,1916,0,3568,1432,-1.00,1916.00,0,-1.000,-1.00,-1.00,-328.61,52.05,1886.89,31.40,67.00
1,unlabeled,857,2,forward,171,170,1905,0,4632,1344,-1.00,1905.00,1,-1.000,-1.00,-1.00,-326.73,51.75,1876.06,31.40,67.00
1,unlabeled,858,3,forward,171,170,1908,0,3488,1448,-1.00,1908.00,1,-1.000,-1.00,-1.00,-327.24,51.83,1879.01,31.40,67.00
1,unlabeled,859,4,forward,171,170,1902,0,4256,1376,-1.00,1902.00,1,-1.000,-1.00,-1.00,-326.21,51.67,1873.10,31.40,67.00
1,unlabeled,860,5,forward,171,170,1908,0,4160,1392,-1.00,1908.00,1,-1.000,-1.00,-1.00,-327.24,51.83,1879.01,31.40,67.00
CMD pan=172 tilt=170
1,unlabeled,861,1,forward,172,170,1905,0,3568,1456,-1.00,1905.00,0,-1.000,-1.00,-1.00,-327.58,46.04,1876.06,31.40,67.00
1,unlabeled,862,2,forward,172,170,1917,0,4016,1408,-1.00,1917.00,1,-1.000,-1.00,-1.00,-329.64,46.33,1887.88,31.40,67.00
1,unlabeled,863,3,forward,172,170,1914,0,4168,1416,-1.00,1914.00,1,-1.000,-1.00,-1.00,-329.13,46.26,1884.92,31.40,67.00
1,unlabeled,864,4,forward,172,170,1913,0,4344,1376,-1.00,1913.00,1,-1.000,-1.00,-1.00,-328.96,46.23,1883.94,31.40,67.00
1,unlabeled,865,5,forward,172,170,1910,0,3472,1472,-1.00,1910.00,1,-1.000,-1.00,-1.00,-328.44,46.16,1880.98,31.40,67.00
CMD pan=173 tilt=170
1,unlabeled,866,1,forward,173,170,1906,0,4576,1384,-1.00,1906.00,0,-1.000,-1.00,-1.00,-328.51,40.34,1877.04,31.40,67.00
1,unlabeled,867,2,forward,173,170,1897,0,4952,1368,-1.00,1897.00,1,-1.000,-1.00,-1.00,-326.96,40.15,1868.18,31.40,67.00
1,unlabeled,868,3,forward,173,170,1893,0,4040,1416,-1.00,1893.00,1,-1.000,-1.00,-1.00,-326.27,40.06,1864.24,31.40,67.00
1,unlabeled,869,4,forward,173,170,1904,0,3832,1416,-1.00,1904.00,1,-1.000,-1.00,-1.00,-328.16,40.29,1875.07,31.40,67.00
1,unlabeled,870,5,forward,173,170,1902,0,4240,1408,-1.00,1902.00,1,-1.000,-1.00,-1.00,-327.82,40.25,1873.10,31.40,67.00
CMD pan=174 tilt=170
1,unlabeled,871,1,forward,174,170,1910,0,4288,1408,-1.00,1910.00,0,-1.000,-1.00,-1.00,-329.85,34.67,1880.98,31.40,67.00
1,unlabeled,872,2,forward,174,170,1905,0,4040,1400,-1.00,1905.00,1,-1.000,-1.00,-1.00,-328.99,34.58,1876.06,31.40,67.00
1,unlabeled,873,3,forward,174,170,1901,0,4008,1400,-1.00,1901.00,1,-1.000,-1.00,-1.00,-328.30,34.51,1872.12,31.40,67.00
1,unlabeled,874,4,forward,174,170,1902,0,4344,1376,-1.00,1902.00,1,-1.000,-1.00,-1.00,-328.47,34.52,1873.10,31.40,67.00
1,unlabeled,875,5,forward,174,170,1915,0,4280,1400,-1.00,1915.00,1,-1.000,-1.00,-1.00,-330.71,34.76,1885.91,31.40,67.00
CMD pan=175 tilt=170
1,unlabeled,876,1,forward,175,170,1912,0,4904,1352,-1.00,1912.00,0,-1.000,-1.00,-1.00,-330.75,28.94,1882.95,31.40,67.00
1,unlabeled,877,2,forward,175,170,1901,0,4384,1416,-1.00,1901.00,1,-1.000,-1.00,-1.00,-328.85,28.77,1872.12,31.40,67.00
1,unlabeled,878,3,forward,175,170,1894,0,4368,1416,-1.00,1894.00,1,-1.000,-1.00,-1.00,-327.64,28.66,1865.23,31.40,67.00
1,unlabeled,879,4,forward,175,170,1898,0,4520,1392,-1.00,1898.00,1,-1.000,-1.00,-1.00,-328.33,28.73,1869.17,31.40,67.00
1,unlabeled,880,5,forward,175,170,1902,0,4432,1400,-1.00,1902.00,1,-1.000,-1.00,-1.00,-329.02,28.79,1873.10,31.40,67.00
CMD pan=176 tilt=170
1,unlabeled,881,1,forward,176,170,1901,0,3832,1440,-1.00,1901.00,0,-1.000,-1.00,-1.00,-329.30,23.03,1872.12,31.40,67.00
1,unlabeled,882,2,forward,176,170,1896,0,4088,1424,-1.00,1896.00,1,-1.000,-1.00,-1.00,-328.44,22.97,1867.20,31.40,67.00
1,unlabeled,883,3,forward,176,170,1905,0,4776,1368,-1.00,1905.00,1,-1.000,-1.00,-1.00,-329.99,23.08,1876.06,31.40,67.00
1,unlabeled,884,4,forward,176,170,1899,0,4592,1344,-1.00,1899.00,1,-1.000,-1.00,-1.00,-328.95,23.00,1870.15,31.40,67.00
1,unlabeled,885,5,forward,176,170,1904,0,4344,1384,-1.00,1904.00,1,-1.000,-1.00,-1.00,-329.82,23.06,1875.07,31.40,67.00
CMD pan=177 tilt=170
1,unlabeled,886,1,forward,177,170,1903,0,4168,1424,-1.00,1903.00,0,-1.000,-1.00,-1.00,-330.00,17.29,1874.09,31.40,67.00
1,unlabeled,887,2,forward,177,170,1892,0,4016,1424,-1.00,1892.00,1,-1.000,-1.00,-1.00,-328.09,17.19,1863.26,31.40,67.00
1,unlabeled,888,3,forward,177,170,1904,0,4528,1376,-1.00,1904.00,1,-1.000,-1.00,-1.00,-330.17,17.30,1875.07,31.40,67.00
1,unlabeled,889,4,forward,177,170,1903,0,4600,1384,-1.00,1903.00,1,-1.000,-1.00,-1.00,-330.00,17.29,1874.09,31.40,67.00
1,unlabeled,890,5,forward,177,170,1898,0,4120,1440,-1.00,1898.00,1,-1.000,-1.00,-1.00,-329.13,17.25,1869.17,31.40,67.00
CMD pan=178 tilt=170
1,unlabeled,891,1,forward,178,170,1895,0,3848,1456,-1.00,1895.00,0,-1.000,-1.00,-1.00,-328.86,11.48,1866.21,31.40,67.00
1,unlabeled,892,2,forward,178,170,1897,0,4144,1408,-1.00,1897.00,1,-1.000,-1.00,-1.00,-329.21,11.50,1868.18,31.40,67.00
1,unlabeled,893,3,forward,178,170,1890,0,3904,1440,-1.00,1890.00,1,-1.000,-1.00,-1.00,-328.00,11.45,1861.29,31.40,67.00
1,unlabeled,894,4,forward,178,170,1893,0,4296,1400,-1.00,1893.00,1,-1.000,-1.00,-1.00,-328.52,11.47,1864.24,31.40,67.00
1,unlabeled,895,5,forward,178,170,1896,0,4232,1384,-1.00,1896.00,1,-1.000,-1.00,-1.00,-329.04,11.49,1867.20,31.40,67.00
CMD pan=179 tilt=170
1,unlabeled,896,1,forward,179,170,1887,0,4584,1368,-1.00,1887.00,0,-1.000,-1.00,-1.00,-327.62,5.72,1858.33,31.40,67.00
1,unlabeled,897,2,forward,179,170,1886,0,4800,1384,-1.00,1886.00,1,-1.000,-1.00,-1.00,-327.45,5.72,1857.35,31.40,67.00
1,unlabeled,898,3,forward,179,170,1900,0,4504,1400,-1.00,1900.00,1,-1.000,-1.00,-1.00,-329.88,5.76,1871.13,31.40,67.00
1,unlabeled,899,4,forward,179,170,1903,0,4912,1352,-1.00,1903.00,1,-1.000,-1.00,-1.00,-330.40,5.77,1874.09,31.40,67.00
1,unlabeled,900,5,forward,179,170,1896,0,4600,1384,-1.00,1896.00,1,-1.000,-1.00,-1.00,-329.19,5.75,1867.20,31.40,67.00
CMD pan=180 tilt=170
1,unlabeled,901,1,forward,180,170,1891,0,4136,1432,-1.00,1891.00,0,-1.000,-1.00,-1.00,-328.37,-0.00,1862.27,31.40,67.00
1,unlabeled,902,2,forward,180,170,1896,0,4976,1352,-1.00,1896.00,1,-1.000,-1.00,-1.00,-329.24,-0.00,1867.20,31.40,67.00
1,unlabeled,903,3,forward,180,170,1896,0,3928,1432,-1.00,1896.00,1,-1.000,-1.00,-1.00,-329.24,-0.00,1867.20,31.40,67.00
1,unlabeled,904,4,forward,180,170,1884,0,4704,1392,-1.00,1884.00,1,-1.000,-1.00,-1.00,-327.15,-0.00,1855.38,31.40,67.00
1,unlabeled,905,5,forward,180,170,1887,0,4744,1368,-1.00,1887.00,1,-1.000,-1.00,-1.00,-327.67,-0.00,1858.33,31.40,67.00
CMD pan=180 tilt=165
1,unlabeled,906,1,backward,180,165,1892,0,4528,1400,-1.00,1892.00,1,-1.000,-1.00,-1.00,-489.69,-0.00,1827.53,31.80,66.00
1,unlabeled,907,2,backward,180,165,1909,0,4416,1408,-1.00,1909.00,1,-1.000,-1.00,-1.00,-494.09,-0.00,1843.95,31.80,66.00
1,unlabeled,908,3,backward,180,165,1883,0,3848,1464,-1.00,1883.00,1,-1.000,-1.00,-1.00,-487.36,-0.00,1818.84,31.80,66.00
1,unlabeled,909,4,backward,180,165,1901,0,4616,1392,-1.00,1901.00,1,-1.000,-1.00,-1.00,-492.02,-0.00,1836.22,31.80,66.00
1,unlabeled,910,5,backward,180,165,1898,0,4240,1408,-1.00,1898.00,1,-1.000,-1.00,-1.00,-491.24,-0.00,1833.33,31.80,66.00
CMD pan=179 tilt=165
1,unlabeled,911,1,backward,179,165,1905,0,4928,1352,-1.00,1905.00,1,-1.000,-1.00,-1.00,-492.98,8.60,1840.09,31.80,66.00
1,unlabeled,912,2,backward,179,165,1901,0,4800,1368,-1.00,1901.00,1,-1.000,-1.00,-1.00,-491.94,8.59,1836.22,31.80,66.00
1,unlabeled,913,3,backward,179,165,1901,0,4280,1408,-1.00,1901.00,1,-1.000,-1.00,-1.00,-491.94,8.59,1836.22,31.80,66.00
1,unlabeled,914,4,backward,179,165,1887,0,4552,1440,-1.00,1887.00,1,-1.000,-1.00,-1.00,-488.32,8.52,1822.70,31.80,66.00
1,unlabeled,915,5,backward,179,165,1893,0,4368,1464,-1.00,1893.00,1,-1.000,-1.00,-1.00,-489.87,8.55,1828.50,31.80,66.00
CMD pan=178 tilt=165
1,unlabeled,916,1,backward,178,165,1895,0,4320,1520,-1.00,1895.00,1,-1.000,-1.00,-1.00,-490.16,17.12,1830.43,31.80,66.00
1,unlabeled,917,2,backward,178,165,1893,0,5032,1440,-1.00,1893.00,1,-1.000,-1.00,-1.00,-489.65,17.10,1828.50,31.80,66.00
1,unlabeled,918,3,backward,178,165,1899,0,5120,1480,-1.00,1899.00,1,-1.000,-1.00,-1.00,-491.20,17.15,1834.29,31.80,66.00
1,unlabeled,919,4,backward,178,165,1884,0,4848,1480,-1.00,1884.00,1,-1.000,-1.00,-1.00,-487.32,17.02,1819.80,31.80,66.00
1,unlabeled,920,5,backward,178,165,1896,0,4712,1480,-1.00,1896.00,1,-1.000,-1.00,-1.00,-490.42,17.13,1831.40,31.80,66.00
CMD pan=177 tilt=165
1,unlabeled,921,1,backward,177,165,1904,0,5088,1480,-1.00,1904.00,1,-1.000,-1.00,-1.00,-492.12,25.79,1839.12,31.80,66.00
1,unlabeled,922,2,backward,177,165,1889,0,5176,1520,-1.00,1889.00,1,-1.000,-1.00,-1.00,-488.24,25.59,1824.63,31.80,66.00
1,unlabeled,923,3,backward,177,165,1883,0,4744,1504,-1.00,1883.00,1,-1.000,-1.00,-1.00,-486.69,25.51,1818.84,31.80,66.00
1,unlabeled,924,4,backward,177,165,1884,0,5584,1440,-1.00,1884.00,1,-1.000,-1.00,-1.00,-486.95,25.52,1819.80,31.80,66.00
1,unlabeled,925,5,backward,177,165,1893,0,5352,1464,-1.00,1893.00,1,-1.000,-1.00,-1.00,-489.27,25.64,1828.50,31.80,66.00
CMD pan=176 tilt=165
1,unlabeled,926,1,backward,176,165,1897,0,4440,1472,-1.00,1897.00,1,-1.000,-1.00,-1.00,-489.78,34.25,1832.36,31.80,66.00
1,unlabeled,927,2,backward,176,165,1887,0,4952,1416,-1.00,1887.00,1,-1.000,-1.00,-1.00,-487.20,34.07,1822.70,31.80,66.00
1,unlabeled,928,3,backward,176,165,1897,0,4488,1456,-1.00,1897.00,1,-1.000,-1.00,-1.00,-489.78,34.25,1832.36,31.80,66.00
1,unlabeled,929,4,backward,176,165,1887,0,4328,1456,-1.00,1887.00,1,-1.000,-1.00,-1.00,-487.20,34.07,1822.70,31.80,66.00
1,unlabeled,930,5,backward,176,165,1892,0,4408,1448,-1.00,1892.00,1,-1.000,-1.00,-1.00,-488.49,34.16,1827.53,31.80,66.00
CMD pan=175 tilt=165
1,unlabeled,931,1,backward,175,165,1895,0,4424,1464,-1.00,1895.00,1,-1.000,-1.00,-1.00,-488.60,42.75,1830.43,31.80,66.00
1,unlabeled,932,2,backward,175,165,1908,0,4632,1440,-1.00,1908.00,1,-1.000,-1.00,-1.00,-491.95,43.04,1842.99,31.80,66.00
1,unlabeled,933,3,backward,175,165,1894,0,3768,1496,-1.00,1894.00,1,-1.000,-1.00,-1.00,-488.34,42.72,1829.46,31.80,66.00
1,unlabeled,934,4,backward,175,165,1890,0,4440,1440,-1.00,1890.00,1,-1.000,-1.00,-1.00,-487.31,42.63,1825.60,31.80,66.00
1,unlabeled,935,5,backward,175,165,1896,0,4696,1432,-1.00,1896.00,1,-1.000,-1.00,-1.00,-488.85,42.77,1831.40,31.80,66.00
CMD pan=174 tilt=165
1,unlabeled,936,1,backward,174,165,1906,0,3832,1464,-1.00,1906.00,1,-1.000,-1.00,-1.00,-490.61,51.56,1841.05,31.80,66.00
1,unlabeled,937,2,backward,174,165,1910,0,4024,1464,-1.00,1910.00,1,-1.000,-1.00,-1.00,-491.64,51.67,1844.92,31.80,66.00
1,unlabeled,938,3,backward,174,165,1901,0,3880,1472,-1.00,1901.00,1,-1.000,-1.00,-1.00,-489.32,51.43,1836.22,31.80,66.00
1,unlabeled,939,4,backward,174,165,1894,0,4080,1528,-1.00,1894.00,1,-1.000,-1.00,-1.00,-487.52,51.24,1829.46,31.80,66.00
1,unlabeled,940,5,backward,174,165,1887,0,3832,1536,-1.00,1887.00,1,-1.000,-1.00,-1.00,-485.72,51.05,1822.70,31.80,66.00
CMD pan=173 tilt=165
1,unlabeled,941,1,backward,173,165,1897,0,3976,1560,-1.00,1897.00,1,-1.000,-1.00,-1.00,-487.32,59.84,1832.36,31.80,66.00
1,unlabeled,942,2,backward,173,165,1891,0,4456,1512,-1.00,1891.00,1,-1.000,-1.00,-1.00,-485.78,59.65,1826.57,31.80,66.00
1,unlabeled,943,3,backward,173,165,1901,0,4560,1488,-1.00,1901.00,1,-1.000,-1.00,-1.00,-488.35,59.96,1836.22,31.80,66.00
1,unlabeled,944,4,backward,173,165,1890,0,4088,1536,-1.00,1890.00,1,-1.000,-1.00,-1.00,-485.52,59.61,1825.60,31.80,66.00
1,unlabeled,945,5,backward,173,165,1899,0,4336,1504,-1.00,1899.00,1,-1.000,-1.00,-1.00,-487.83,59.90,1834.29,31.80,66.00
CMD pan=172 tilt=165
1,unlabeled,946,1,backward,172,165,1901,0,4144,1480,-1.00,1901.00,1,-1.000,-1.00,-1.00,-487.23,68.48,1836.22,31.80,66.00
1,unlabeled,947,2,backward,172,165,1899,0,3360,1576,-1.00,1899.00,1,-1.000,-1.00,-1.00,-486.71,68.40,1834.29,31.80,66.00
1,unlabeled,948,3,backward,172,165,1915,0,4272,1464,-1.00,1915.00,1,-1.000,-1.00,-1.00,-490.82,68.98,1849.75,31.80,66.00
1,unlabeled,949,4,backward,172,165,1896,0,3728,1528,-1.00,1896.00,1,-1.000,-1.00,-1.00,-485.95,68.30,1831.40,31.80,66.00
1,unlabeled,950,5,backward,172,165,1906,0,4168,1488,-1.00,1906.00,1,-1.000,-1.00,-1.00,-488.51,68.66,1841.05,31.80,66.00
CMD pan=171 tilt=165
1,unlabeled,951,1,backward,171,165,1923,0,4152,1488,-1.00,1923.00,1,-1.000,-1.00,-1.00,-491.58,77.86,1857.48,31.80,66.00
1,unlabeled,952,2,backward,171,165,1916,0,4344,1472,-1.00,1916.00,1,-1.000,-1.00,-1.00,-489.79,77.58,1850.71,31.80,66.00
1,unlabeled,953,3,backward,171,165,1912,0,4416,1480,-1.00,1912.00,1,-1.000,-1.00,-1.00,-488.77,77.41,1846.85,31.80,66.00
1,unlabeled,954,4,backward,171,165,1906,0,3832,1536,-1.00,1906.00,1,-1.000,-1.00,-1.00,-487.24,77.17,1841.05,31.80,66.00
1,unlabeled,955,5,backward,171,165,1910,0,3672,1528,-1.00,1910.00,1,-1.000,-1.00,-1.00,-488.26,77.33,1844.92,31.80,66.00
CMD pan=170 tilt=165
1,unlabeled,956,1,backward,170,165,1912,0,3864,1512,-1.00,1912.00,1,-1.000,-1.00,-1.00,-487.34,85.93,1846.85,31.80,66.00
1,unlabeled,957,2,backward,170,165,1900,0,4296,1480,-1.00,1900.00,1,-1.000,-1.00,-1.00,-484.29,85.39,1835.26,31.80,66.00
1,unlabeled,958,3,backward,170,165,1906,0,3752,1512,-1.00,1906.00,1,-1.000,-1.00,-1.00,-485.81,85.66,1841.05,31.80,66.00
1,unlabeled,959,4,backward,170,165,1907,0,4264,1472,-1.00,1907.00,1,-1.000,-1.00,-1.00,-486.07,85.71,1842.02,31.80,66.00
1,unlabeled,960,5,backward,170,165,1903,0,4320,1488,-1.00,1903.00,1,-1.000,-1.00,-1.00,-485.05,85.53,1838.16,31.80,66.00
CMD pan=169 tilt=165
1,unlabeled,961,1,backward,169,165,1904,0,4024,1496,-1.00,1904.00,1,-1.000,-1.00,-1.00,-483.74,94.03,1839.12,31.80,66.00
1,unlabeled,962,2,backward,169,165,1907,0,4008,1488,-1.00,1907.00,1,-1.000,-1.00,-1.00,-484.50,94.18,1842.02,31.80,66.00
1,unlabeled,963,3,backward,169,165,1898,0,3856,1520,-1.00,1898.00,1,-1.000,-1.00,-1.00,-482.21,93.73,1833.33,31.80,66.00
1,unlabeled,964,4,backward,169,165,1919,0,3368,1568,-1.00,1919.00,1,-1.000,-1.00,-1.00,-487.55,94.77,1853.61,31.80,66.00
1,unlabeled,965,5,backward,169,165,1902,0,3968,1528,-1.00,1902.00,1,-1.000,-1.00,-1.00,-483.23,93.93,1837.19,31.80,66.00
CMD pan=168 tilt=165
1,unlabeled,966,1,backward,168,165,1911,0,3608,1512,-1.00,1911.00,1,-1.000,-1.00,-1.00,-483.79,102.83,1845.88,31.80,66.00
1,unlabeled,967,2,backward,168,165,1918,0,3640,1552,-1.00,1918.00,1,-1.000,-1.00,-1.00,-485.57,103.21,1852.65,31.80,66.00
1,unlabeled,968,3,backward,168,165,1931,0,4144,1496,-1.00,1931.00,1,-1.000,-1.00,-1.00,-488.86,103.91,1865.20,31.80,66.00
1,unlabeled,969,4,backward,168,165,1908,0,3384,1560,-1.00,1908.00,1,-1.000,-1.00,-1.00,-483.04,102.67,1842.99,31.80,66.00
1,unlabeled,970,5,backward,168,165,1913,0,3064,1592,-1.00,1913.00,1,-1.000,-1.00,-1.00,-484.30,102.94,1847.82,31.80,66.00
CMD pan=167 tilt=165
1,unlabeled,971,1,backward,167,165,1928,0,3408,1536,-1.00,1928.00,1,-1.000,-1.00,-1.00,-486.21,112.25,1862.30,31.80,66.00
1,unlabeled,972,2,backward,167,165,1937,0,3560,1544,-1.00,1937.00,1,-1.000,-1.00,-1.00,-488.48,112.78,1871.00,31.80,66.00
1,unlabeled,973,3,backward,167,165,1932,0,3024,1584,-1.00,1932.00,1,-1.000,-1.00,-1.00,-487.22,112.48,1866.17,31.80,66.00
1,unlabeled,974,4,backward,167,165,1929,0,3680,1520,-1.00,1929.00,1,-1.000,-1.00,-1.00,-486.47,112.31,1863.27,31.80,66.00
ets Jul 29 2019 12:21:46
rst:0x1 (POWERON_RESET),boot:0x17 (SPI_FAST_FLASH_BOOT)
configsip: 0, SPIWP:0xee
clk_drv:0x00,q_drv:0x00,d_drv:0x00,cs0_drv:0x00,hd_drv:0x00,wp_drv:0x00
mode:DIO, clock div:2
load:0x3fff0030,len:1184
load:0x40078000,len:13232
load:0x40080400,len:3028
entry 0x400805e4
E (3043) gpio: gpio_set_level(227): GPIO output gpio_num error
E (3054) gpio: gpio_set_level(227): GPIO output gpio_num error
INA219 FAILED! Continuing without power logging.
--- SYSTEM READY ---
Send a condition label via Serial to start a scan...
